2025-09-20 20:27:11 SWITCH CASE DEBUG - ENTERING IF BLOCK
2025-09-20 20:27:11 SWITCH CASE DEBUG - item_type: video
2025-09-20 20:27:11 SWITCH CASE DEBUG - metadata: {"video_id":"7a461808-1048-4d73-afdd-985bb3c131cd","file_size":154202982,"video_title":"\u0645\u0627 \u0647\u0648 \u0627\u062e\u062a\u0628\u0627\u0631 TOFAS .mkv","collection_id":"6d877b87-0faf-4841-b82f-b00e01a6c4ec","video_quality":"2060x1080","video_duration":533,"video_thumbnail":"https:\/\/vz-495222.b-cdn.net\/7a461808-1048-4d73-afdd-985bb3c131cd\/thumbnail.jpg","video_library_id":""}
2025-09-20 20:27:11 SWITCH CASE DEBUG - ABOUT TO ENTER SWITCH
2025-09-20 20:27:11 SWITCH CASE DEBUG - ENTERED VIDEO CASE
2025-09-20 20:27:11 COURSES_CONTROLLER DEBUG - quizData: null
2025-09-20 20:27:11 COURSES_CONTROLLER DEBUG - currentItem: {"id":"1","unit_id":"1","unit_name":"\u0627\u0633\u0645 \u0627\u0644\u0648\u062d\u062f\u0629 *","item_type":"video","title":"\u0645\u0627 \u0647\u0648 \u0627\u062e\u062a\u0628\u0627\u0631 TOFAS .mkv","description":"","item_id":"","duration":533,"thumbnail":"https:\/\/vz-495222.b-cdn.net\/7a461808-1048-4d73-afdd-985bb3c131cd\/thumbnail.jpg","metadata":{"video_id":"7a461808-1048-4d73-afdd-985bb3c131cd","file_size":154202982,"video_title":"\u0645\u0627 \u0647\u0648 \u0627\u062e\u062a\u0628\u0627\u0631 TOFAS .mkv","collection_id":"6d877b87-0faf-4841-b82f-b00e01a6c4ec","video_quality":"2060x1080","video_duration":533,"video_thumbnail":"https:\/\/vz-495222.b-cdn.net\/7a461808-1048-4d73-afdd-985bb3c131cd\/thumbnail.jpg","video_library_id":""},"quiz_details":null,"page_details":null,"is_preview":false}
2025-09-20 20:27:11 COURSES_CONTROLLER DEBUG - requestedItemId: 1
2025-09-20 20:27:11 COURSES_CONTROLLER DEBUG - flatItems count: 23
2025-09-20 20:27:11 COURSE_VIEW DEBUG - current_item: {"id":"1","unit_id":"1","unit_name":"\u0627\u0633\u0645 \u0627\u0644\u0648\u062d\u062f\u0629 *","item_type":"video","title":"\u0645\u0627 \u0647\u0648 \u0627\u062e\u062a\u0628\u0627\u0631 TOFAS .mkv","description":"","item_id":"","duration":533,"thumbnail":"https:\/\/vz-495222.b-cdn.net\/7a461808-1048-4d73-afdd-985bb3c131cd\/thumbnail.jpg","metadata":{"video_id":"7a461808-1048-4d73-afdd-985bb3c131cd","file_size":154202982,"video_title":"\u0645\u0627 \u0647\u0648 \u0627\u062e\u062a\u0628\u0627\u0631 TOFAS .mkv","collection_id":"6d877b87-0faf-4841-b82f-b00e01a6c4ec","video_quality":"2060x1080","video_duration":533,"video_thumbnail":"https:\/\/vz-495222.b-cdn.net\/7a461808-1048-4d73-afdd-985bb3c131cd\/thumbnail.jpg","video_library_id":""},"quiz_details":null,"page_details":null,"is_preview":false}
2025-09-20 20:27:11 COURSE_VIEW DEBUG - current_id: 1
2025-09-20 20:27:11 COURSE_VIEW DEBUG - course_id: 1
2025-09-20 20:27:17 PROGRESS_CONTROLLER DEBUG - AJAX request received
2025-09-20 20:27:17 PROGRESS_CONTROLLER DEBUG - Raw input: {"unit_id":1,"course_id":1,"item_id":1}
2025-09-20 20:27:17 PROGRESS_CONTROLLER DEBUG - User ID: 1
2025-09-20 20:27:17 PROGRESS_CONTROLLER DEBUG - Parsed input: {"unit_id":1,"course_id":1,"item_id":1}
2025-09-20 20:27:17 PROGRESS_CONTROLLER DEBUG - Unit ID: 1
2025-09-20 20:27:17 PROGRESS_CONTROLLER DEBUG - Course ID: 1
2025-09-20 20:27:17 PROGRESS_CONTROLLER DEBUG - Item ID: 1
2025-09-20 20:27:55 SWITCH CASE DEBUG - ENTERING IF BLOCK
2025-09-20 20:27:55 SWITCH CASE DEBUG - item_type: quiz
2025-09-20 20:27:55 SWITCH CASE DEBUG - metadata: {"quiz_id":"1"}
2025-09-20 20:27:55 SWITCH CASE DEBUG - ABOUT TO ENTER SWITCH
2025-09-20 20:27:55 SWITCH CASE DEBUG - ENTERED QUIZ CASE
2025-09-20 20:27:55 QUIZ LOADING DEBUG - quizId: 1
2025-09-20 20:27:55 QUIZ LOADING DEBUG - quizData result: {"id":"1","course_id":"1","quiz_title":"tert","quiz_desc":"\u0648\u0635\u0641 \u0627\u0644\u0627\u062e\u062a\u0628\u0627\u0631","quiz_questions":"{\"2\":{\"question_text\":\"\\u0633\\u0624\\u0627\\u0644 2\\r\\n\",\"question_type\":\"true_false\",\"points\":\"1\",\"correct_answer\":\"true\"},\"3\":{\"question_text\":\"\\u0633\\u0624\\u0627\\u0644 3\\r\\n\",\"question_type\":\"multiple_choice\",\"points\":\"1\",\"options\":[\"\\u062e\\u064a\\u0627\\u0631 1\",\"\\u062e\\u064a\\u0627\\u0631 2\",\"\\u062e\\u064a\\u0627\\u0631 3\"]}}","time_limit":"30","time_limit_minutes":"30","max_attempts":"3","passing_score":"60.00","shuffle_questions":"1","shuffle_answers":"0","show_results":"1","show_results_immediately":"1","active":"1","created_at":"2025-09-17 12:48:34","updated_at":"2025-09-17 13:39:57","course_title":"\u0648\u0635\u0641 \u0645\u062e\u062a\u0635\u0631  \u0643\u0648\u0631\u0633 \u062c\u0627\u0641\u0627 \u0633\u0643\u0631\u064a\u0628\u062a"}
2025-09-20 20:27:55 ATTEMPT INFO DEBUG - User: 1, Attempts: 3/3
2025-09-20 20:27:55 COURSES_CONTROLLER DEBUG - quizData: {"id":"1","course_id":"1","quiz_title":"tert","quiz_desc":"\u0648\u0635\u0641 \u0627\u0644\u0627\u062e\u062a\u0628\u0627\u0631","quiz_questions":"{\"2\":{\"question_text\":\"\\u0633\\u0624\\u0627\\u0644 2\\r\\n\",\"question_type\":\"true_false\",\"points\":\"1\",\"correct_answer\":\"true\"},\"3\":{\"question_text\":\"\\u0633\\u0624\\u0627\\u0644 3\\r\\n\",\"question_type\":\"multiple_choice\",\"points\":\"1\",\"options\":[\"\\u062e\\u064a\\u0627\\u0631 1\",\"\\u062e\\u064a\\u0627\\u0631 2\",\"\\u062e\\u064a\\u0627\\u0631 3\"]}}","time_limit":"30","time_limit_minutes":"30","max_attempts":"3","passing_score":"60.00","shuffle_questions":"1","shuffle_answers":"0","show_results":"1","show_results_immediately":"1","active":"1","created_at":"2025-09-17 12:48:34","updated_at":"2025-09-17 13:39:57","course_title":"\u0648\u0635\u0641 \u0645\u062e\u062a\u0635\u0631  \u0643\u0648\u0631\u0633 \u062c\u0627\u0641\u0627 \u0633\u0643\u0631\u064a\u0628\u062a","user_attempt_count":3,"user_best_score":"55.00","remaining_attempts":0,"has_exceeded_attempts":true,"user_latest_attempt":{"id":"1","quiz_id":"1","user_id":"1","score":"30.00","time_taken_seconds":"0","is_passed":"0","user_answers":null,"quiz_questions":null,"attempt_date":"2025-09-18 18:14:31","created_at":"2025-09-18 18:14:31","updated_at":"2025-09-18 18:14:31"}}
2025-09-20 20:27:55 COURSES_CONTROLLER DEBUG - currentItem: {"id":"2","unit_id":"1","unit_name":"\u0627\u0633\u0645 \u0627\u0644\u0648\u062d\u062f\u0629 *","item_type":"quiz","title":"tert","description":"\u0644\u0627 \u064a\u0648\u062c\u062f \u0648\u0635\u0641","item_id":"","duration":0,"thumbnail":"","metadata":{"quiz_id":"1"},"quiz_details":null,"page_details":null,"is_preview":false}
2025-09-20 20:27:55 COURSES_CONTROLLER DEBUG - requestedItemId: 2
2025-09-20 20:27:55 COURSES_CONTROLLER DEBUG - flatItems count: 23
2025-09-20 20:27:55 COURSE_VIEW DEBUG - current_item: {"id":"2","unit_id":"1","unit_name":"\u0627\u0633\u0645 \u0627\u0644\u0648\u062d\u062f\u0629 *","item_type":"quiz","title":"tert","description":"\u0644\u0627 \u064a\u0648\u062c\u062f \u0648\u0635\u0641","item_id":"","duration":0,"thumbnail":"","metadata":{"quiz_id":"1"},"quiz_details":null,"page_details":null,"is_preview":false}
2025-09-20 20:27:55 COURSE_VIEW DEBUG - current_id: 2
2025-09-20 20:27:55 COURSE_VIEW DEBUG - course_id: 1
2025-09-20 20:28:01 SWITCH CASE DEBUG - ENTERING IF BLOCK
2025-09-20 20:28:01 SWITCH CASE DEBUG - item_type: video
2025-09-20 20:28:01 SWITCH CASE DEBUG - metadata: {"video_id":"7a461808-1048-4d73-afdd-985bb3c131cd","file_size":154202982,"video_title":"\u0645\u0627 \u0647\u0648 \u0627\u062e\u062a\u0628\u0627\u0631 TOFAS .mkv","collection_id":"6d877b87-0faf-4841-b82f-b00e01a6c4ec","video_quality":"2060x1080","video_duration":533,"video_thumbnail":"https:\/\/vz-495222.b-cdn.net\/7a461808-1048-4d73-afdd-985bb3c131cd\/thumbnail.jpg","video_library_id":""}
2025-09-20 20:28:01 SWITCH CASE DEBUG - ABOUT TO ENTER SWITCH
2025-09-20 20:28:01 SWITCH CASE DEBUG - ENTERED VIDEO CASE
2025-09-20 20:28:01 COURSES_CONTROLLER DEBUG - quizData: null
2025-09-20 20:28:01 COURSES_CONTROLLER DEBUG - currentItem: {"id":"1","unit_id":"1","unit_name":"\u0627\u0633\u0645 \u0627\u0644\u0648\u062d\u062f\u0629 *","item_type":"video","title":"\u0645\u0627 \u0647\u0648 \u0627\u062e\u062a\u0628\u0627\u0631 TOFAS .mkv","description":"","item_id":"","duration":533,"thumbnail":"https:\/\/vz-495222.b-cdn.net\/7a461808-1048-4d73-afdd-985bb3c131cd\/thumbnail.jpg","metadata":{"video_id":"7a461808-1048-4d73-afdd-985bb3c131cd","file_size":154202982,"video_title":"\u0645\u0627 \u0647\u0648 \u0627\u062e\u062a\u0628\u0627\u0631 TOFAS .mkv","collection_id":"6d877b87-0faf-4841-b82f-b00e01a6c4ec","video_quality":"2060x1080","video_duration":533,"video_thumbnail":"https:\/\/vz-495222.b-cdn.net\/7a461808-1048-4d73-afdd-985bb3c131cd\/thumbnail.jpg","video_library_id":""},"quiz_details":null,"page_details":null,"is_preview":false}
2025-09-20 20:28:01 COURSES_CONTROLLER DEBUG - requestedItemId: 1
2025-09-20 20:28:01 COURSES_CONTROLLER DEBUG - flatItems count: 23
2025-09-20 20:28:01 COURSE_VIEW DEBUG - current_item: {"id":"1","unit_id":"1","unit_name":"\u0627\u0633\u0645 \u0627\u0644\u0648\u062d\u062f\u0629 *","item_type":"video","title":"\u0645\u0627 \u0647\u0648 \u0627\u062e\u062a\u0628\u0627\u0631 TOFAS .mkv","description":"","item_id":"","duration":533,"thumbnail":"https:\/\/vz-495222.b-cdn.net\/7a461808-1048-4d73-afdd-985bb3c131cd\/thumbnail.jpg","metadata":{"video_id":"7a461808-1048-4d73-afdd-985bb3c131cd","file_size":154202982,"video_title":"\u0645\u0627 \u0647\u0648 \u0627\u062e\u062a\u0628\u0627\u0631 TOFAS .mkv","collection_id":"6d877b87-0faf-4841-b82f-b00e01a6c4ec","video_quality":"2060x1080","video_duration":533,"video_thumbnail":"https:\/\/vz-495222.b-cdn.net\/7a461808-1048-4d73-afdd-985bb3c131cd\/thumbnail.jpg","video_library_id":""},"quiz_details":null,"page_details":null,"is_preview":false}
2025-09-20 20:28:01 COURSE_VIEW DEBUG - current_id: 1
2025-09-20 20:28:01 COURSE_VIEW DEBUG - course_id: 1
2025-09-20 20:28:03 PROGRESS_CONTROLLER DEBUG - AJAX request received
2025-09-20 20:28:03 PROGRESS_CONTROLLER DEBUG - Raw input: {"unit_id":1,"course_id":1,"item_id":1}
2025-09-20 20:28:03 PROGRESS_CONTROLLER DEBUG - User ID: 1
2025-09-20 20:28:03 PROGRESS_CONTROLLER DEBUG - Parsed input: {"unit_id":1,"course_id":1,"item_id":1}
2025-09-20 20:28:03 PROGRESS_CONTROLLER DEBUG - Unit ID: 1
2025-09-20 20:28:03 PROGRESS_CONTROLLER DEBUG - Course ID: 1
2025-09-20 20:28:03 PROGRESS_CONTROLLER DEBUG - Item ID: 1
2025-09-20 20:28:13 SWITCH CASE DEBUG - ENTERING IF BLOCK
2025-09-20 20:28:13 SWITCH CASE DEBUG - item_type: quiz
2025-09-20 20:28:13 SWITCH CASE DEBUG - metadata: {"quiz_id":"1"}
2025-09-20 20:28:13 SWITCH CASE DEBUG - ABOUT TO ENTER SWITCH
2025-09-20 20:28:13 SWITCH CASE DEBUG - ENTERED QUIZ CASE
2025-09-20 20:28:13 QUIZ LOADING DEBUG - quizId: 1
2025-09-20 20:28:13 QUIZ LOADING DEBUG - quizData result: {"id":"1","course_id":"1","quiz_title":"tert","quiz_desc":"\u0648\u0635\u0641 \u0627\u0644\u0627\u062e\u062a\u0628\u0627\u0631","quiz_questions":"{\"2\":{\"question_text\":\"\\u0633\\u0624\\u0627\\u0644 2\\r\\n\",\"question_type\":\"true_false\",\"points\":\"1\",\"correct_answer\":\"true\"},\"3\":{\"question_text\":\"\\u0633\\u0624\\u0627\\u0644 3\\r\\n\",\"question_type\":\"multiple_choice\",\"points\":\"1\",\"options\":[\"\\u062e\\u064a\\u0627\\u0631 1\",\"\\u062e\\u064a\\u0627\\u0631 2\",\"\\u062e\\u064a\\u0627\\u0631 3\"]}}","time_limit":"30","time_limit_minutes":"30","max_attempts":"3","passing_score":"60.00","shuffle_questions":"1","shuffle_answers":"0","show_results":"1","show_results_immediately":"1","active":"1","created_at":"2025-09-17 12:48:34","updated_at":"2025-09-17 13:39:57","course_title":"\u0648\u0635\u0641 \u0645\u062e\u062a\u0635\u0631  \u0643\u0648\u0631\u0633 \u062c\u0627\u0641\u0627 \u0633\u0643\u0631\u064a\u0628\u062a"}
2025-09-20 20:28:13 ATTEMPT INFO DEBUG - User: 1, Attempts: 3/3
2025-09-20 20:28:13 COURSES_CONTROLLER DEBUG - quizData: {"id":"1","course_id":"1","quiz_title":"tert","quiz_desc":"\u0648\u0635\u0641 \u0627\u0644\u0627\u062e\u062a\u0628\u0627\u0631","quiz_questions":"{\"2\":{\"question_text\":\"\\u0633\\u0624\\u0627\\u0644 2\\r\\n\",\"question_type\":\"true_false\",\"points\":\"1\",\"correct_answer\":\"true\"},\"3\":{\"question_text\":\"\\u0633\\u0624\\u0627\\u0644 3\\r\\n\",\"question_type\":\"multiple_choice\",\"points\":\"1\",\"options\":[\"\\u062e\\u064a\\u0627\\u0631 1\",\"\\u062e\\u064a\\u0627\\u0631 2\",\"\\u062e\\u064a\\u0627\\u0631 3\"]}}","time_limit":"30","time_limit_minutes":"30","max_attempts":"3","passing_score":"60.00","shuffle_questions":"1","shuffle_answers":"0","show_results":"1","show_results_immediately":"1","active":"1","created_at":"2025-09-17 12:48:34","updated_at":"2025-09-17 13:39:57","course_title":"\u0648\u0635\u0641 \u0645\u062e\u062a\u0635\u0631  \u0643\u0648\u0631\u0633 \u062c\u0627\u0641\u0627 \u0633\u0643\u0631\u064a\u0628\u062a","user_attempt_count":3,"user_best_score":"55.00","remaining_attempts":0,"has_exceeded_attempts":true,"user_latest_attempt":{"id":"1","quiz_id":"1","user_id":"1","score":"30.00","time_taken_seconds":"0","is_passed":"0","user_answers":null,"quiz_questions":null,"attempt_date":"2025-09-18 18:14:31","created_at":"2025-09-18 18:14:31","updated_at":"2025-09-18 18:14:31"}}
2025-09-20 20:28:13 COURSES_CONTROLLER DEBUG - currentItem: {"id":"2","unit_id":"1","unit_name":"\u0627\u0633\u0645 \u0627\u0644\u0648\u062d\u062f\u0629 *","item_type":"quiz","title":"tert","description":"\u0644\u0627 \u064a\u0648\u062c\u062f \u0648\u0635\u0641","item_id":"","duration":0,"thumbnail":"","metadata":{"quiz_id":"1"},"quiz_details":null,"page_details":null,"is_preview":false}
2025-09-20 20:28:13 COURSES_CONTROLLER DEBUG - requestedItemId: 2
2025-09-20 20:28:13 COURSES_CONTROLLER DEBUG - flatItems count: 23
2025-09-20 20:28:13 COURSE_VIEW DEBUG - current_item: {"id":"2","unit_id":"1","unit_name":"\u0627\u0633\u0645 \u0627\u0644\u0648\u062d\u062f\u0629 *","item_type":"quiz","title":"tert","description":"\u0644\u0627 \u064a\u0648\u062c\u062f \u0648\u0635\u0641","item_id":"","duration":0,"thumbnail":"","metadata":{"quiz_id":"1"},"quiz_details":null,"page_details":null,"is_preview":false}
2025-09-20 20:28:13 COURSE_VIEW DEBUG - current_id: 2
2025-09-20 20:28:13 COURSE_VIEW DEBUG - course_id: 1
2025-09-20 20:28:15 SWITCH CASE DEBUG - ENTERING IF BLOCK
2025-09-20 20:28:15 SWITCH CASE DEBUG - item_type: page
2025-09-20 20:28:15 SWITCH CASE DEBUG - metadata: {"page_id":"2"}
2025-09-20 20:28:15 SWITCH CASE DEBUG - ABOUT TO ENTER SWITCH
2025-09-20 20:28:15 COURSES_CONTROLLER DEBUG - quizData: null
2025-09-20 20:28:15 COURSES_CONTROLLER DEBUG - currentItem: {"id":"3","unit_id":"1","unit_name":"\u0627\u0633\u0645 \u0627\u0644\u0648\u062d\u062f\u0629 *","item_type":"page","title":"\u0627\u0644\u0634\u0631\u0648\u0637 \u0648\u0627\u0644\u0623\u062d\u0643\u0627\u0645","description":"\u0644\u0627 \u064a\u0648\u062c\u062f \u0648\u0635\u0641","item_id":"","duration":0,"thumbnail":"","metadata":{"page_id":"2"},"quiz_details":null,"page_details":null,"is_preview":false}
2025-09-20 20:28:15 COURSES_CONTROLLER DEBUG - requestedItemId: 3
2025-09-20 20:28:15 COURSES_CONTROLLER DEBUG - flatItems count: 23
2025-09-20 20:28:15 COURSE_VIEW DEBUG - current_item: {"id":"3","unit_id":"1","unit_name":"\u0627\u0633\u0645 \u0627\u0644\u0648\u062d\u062f\u0629 *","item_type":"page","title":"\u0627\u0644\u0634\u0631\u0648\u0637 \u0648\u0627\u0644\u0623\u062d\u0643\u0627\u0645","description":"\u0644\u0627 \u064a\u0648\u062c\u062f \u0648\u0635\u0641","item_id":"","duration":0,"thumbnail":"","metadata":{"page_id":"2"},"quiz_details":null,"page_details":null,"is_preview":false}
2025-09-20 20:28:15 COURSE_VIEW DEBUG - current_id: 3
2025-09-20 20:28:15 COURSE_VIEW DEBUG - course_id: 1
2025-09-20 20:28:18 SWITCH CASE DEBUG - ENTERING IF BLOCK
2025-09-20 20:28:18 SWITCH CASE DEBUG - item_type: video
2025-09-20 20:28:18 SWITCH CASE DEBUG - metadata: {"video_id":"7a461808-1048-4d73-afdd-985bb3c131cd","file_size":154202982,"video_title":"\u0645\u0627 \u0647\u0648 \u0627\u062e\u062a\u0628\u0627\u0631 TOFAS .mkv","collection_id":"6d877b87-0faf-4841-b82f-b00e01a6c4ec","video_quality":"2060x1080","video_duration":533,"video_thumbnail":"https:\/\/vz-495222.b-cdn.net\/7a461808-1048-4d73-afdd-985bb3c131cd\/thumbnail.jpg","video_library_id":""}
2025-09-20 20:28:18 SWITCH CASE DEBUG - ABOUT TO ENTER SWITCH
2025-09-20 20:28:18 SWITCH CASE DEBUG - ENTERED VIDEO CASE
2025-09-20 20:28:18 COURSES_CONTROLLER DEBUG - quizData: null
2025-09-20 20:28:18 COURSES_CONTROLLER DEBUG - currentItem: {"id":"4","unit_id":"2","unit_name":"Introduction to Programming","item_type":"video","title":"Welcome to Programming","description":"Introduction video explaining what programming is","item_id":"intro_video_1","duration":533,"thumbnail":"https:\/\/vz-495222.b-cdn.net\/7a461808-1048-4d73-afdd-985bb3c131cd\/thumbnail.jpg","metadata":{"video_id":"7a461808-1048-4d73-afdd-985bb3c131cd","file_size":154202982,"video_title":"\u0645\u0627 \u0647\u0648 \u0627\u062e\u062a\u0628\u0627\u0631 TOFAS .mkv","collection_id":"6d877b87-0faf-4841-b82f-b00e01a6c4ec","video_quality":"2060x1080","video_duration":533,"video_thumbnail":"https:\/\/vz-495222.b-cdn.net\/7a461808-1048-4d73-afdd-985bb3c131cd\/thumbnail.jpg","video_library_id":""},"quiz_details":null,"page_details":null,"is_preview":false}
2025-09-20 20:28:18 COURSES_CONTROLLER DEBUG - requestedItemId: 4
2025-09-20 20:28:18 COURSES_CONTROLLER DEBUG - flatItems count: 23
2025-09-20 20:28:18 COURSE_VIEW DEBUG - current_item: {"id":"4","unit_id":"2","unit_name":"Introduction to Programming","item_type":"video","title":"Welcome to Programming","description":"Introduction video explaining what programming is","item_id":"intro_video_1","duration":533,"thumbnail":"https:\/\/vz-495222.b-cdn.net\/7a461808-1048-4d73-afdd-985bb3c131cd\/thumbnail.jpg","metadata":{"video_id":"7a461808-1048-4d73-afdd-985bb3c131cd","file_size":154202982,"video_title":"\u0645\u0627 \u0647\u0648 \u0627\u062e\u062a\u0628\u0627\u0631 TOFAS .mkv","collection_id":"6d877b87-0faf-4841-b82f-b00e01a6c4ec","video_quality":"2060x1080","video_duration":533,"video_thumbnail":"https:\/\/vz-495222.b-cdn.net\/7a461808-1048-4d73-afdd-985bb3c131cd\/thumbnail.jpg","video_library_id":""},"quiz_details":null,"page_details":null,"is_preview":false}
2025-09-20 20:28:18 COURSE_VIEW DEBUG - current_id: 4
2025-09-20 20:28:18 COURSE_VIEW DEBUG - course_id: 1
2025-09-20 20:28:26 SWITCH CASE DEBUG - ENTERING IF BLOCK
2025-09-20 20:28:26 SWITCH CASE DEBUG - item_type: video
2025-09-20 20:28:26 SWITCH CASE DEBUG - metadata: {"video_id":"7a461808-1048-4d73-afdd-985bb3c131cd","file_size":154202982,"video_title":"\u0645\u0627 \u0647\u0648 \u0627\u062e\u062a\u0628\u0627\u0631 TOFAS .mkv","collection_id":"6d877b87-0faf-4841-b82f-b00e01a6c4ec","video_quality":"2060x1080","video_duration":533,"video_thumbnail":"https:\/\/vz-495222.b-cdn.net\/7a461808-1048-4d73-afdd-985bb3c131cd\/thumbnail.jpg","video_library_id":""}
2025-09-20 20:28:26 SWITCH CASE DEBUG - ABOUT TO ENTER SWITCH
2025-09-20 20:28:26 SWITCH CASE DEBUG - ENTERED VIDEO CASE
2025-09-20 20:28:26 COURSES_CONTROLLER DEBUG - quizData: null
2025-09-20 20:28:26 COURSES_CONTROLLER DEBUG - currentItem: {"id":"1","unit_id":"1","unit_name":"\u0627\u0633\u0645 \u0627\u0644\u0648\u062d\u062f\u0629 *","item_type":"video","title":"\u0645\u0627 \u0647\u0648 \u0627\u062e\u062a\u0628\u0627\u0631 TOFAS .mkv","description":"","item_id":"","duration":533,"thumbnail":"https:\/\/vz-495222.b-cdn.net\/7a461808-1048-4d73-afdd-985bb3c131cd\/thumbnail.jpg","metadata":{"video_id":"7a461808-1048-4d73-afdd-985bb3c131cd","file_size":154202982,"video_title":"\u0645\u0627 \u0647\u0648 \u0627\u062e\u062a\u0628\u0627\u0631 TOFAS .mkv","collection_id":"6d877b87-0faf-4841-b82f-b00e01a6c4ec","video_quality":"2060x1080","video_duration":533,"video_thumbnail":"https:\/\/vz-495222.b-cdn.net\/7a461808-1048-4d73-afdd-985bb3c131cd\/thumbnail.jpg","video_library_id":""},"quiz_details":null,"page_details":null,"is_preview":false}
2025-09-20 20:28:26 COURSES_CONTROLLER DEBUG - requestedItemId: 1
2025-09-20 20:28:26 COURSES_CONTROLLER DEBUG - flatItems count: 23
2025-09-20 20:28:26 COURSE_VIEW DEBUG - current_item: {"id":"1","unit_id":"1","unit_name":"\u0627\u0633\u0645 \u0627\u0644\u0648\u062d\u062f\u0629 *","item_type":"video","title":"\u0645\u0627 \u0647\u0648 \u0627\u062e\u062a\u0628\u0627\u0631 TOFAS .mkv","description":"","item_id":"","duration":533,"thumbnail":"https:\/\/vz-495222.b-cdn.net\/7a461808-1048-4d73-afdd-985bb3c131cd\/thumbnail.jpg","metadata":{"video_id":"7a461808-1048-4d73-afdd-985bb3c131cd","file_size":154202982,"video_title":"\u0645\u0627 \u0647\u0648 \u0627\u062e\u062a\u0628\u0627\u0631 TOFAS .mkv","collection_id":"6d877b87-0faf-4841-b82f-b00e01a6c4ec","video_quality":"2060x1080","video_duration":533,"video_thumbnail":"https:\/\/vz-495222.b-cdn.net\/7a461808-1048-4d73-afdd-985bb3c131cd\/thumbnail.jpg","video_library_id":""},"quiz_details":null,"page_details":null,"is_preview":false}
2025-09-20 20:28:26 COURSE_VIEW DEBUG - current_id: 1
2025-09-20 20:28:26 COURSE_VIEW DEBUG - course_id: 1
2025-09-20 20:28:29 SWITCH CASE DEBUG - ENTERING IF BLOCK
2025-09-20 20:28:29 SWITCH CASE DEBUG - item_type: quiz
2025-09-20 20:28:29 SWITCH CASE DEBUG - metadata: {"quiz_id":"1"}
2025-09-20 20:28:29 SWITCH CASE DEBUG - ABOUT TO ENTER SWITCH
2025-09-20 20:28:29 SWITCH CASE DEBUG - ENTERED QUIZ CASE
2025-09-20 20:28:29 QUIZ LOADING DEBUG - quizId: 1
2025-09-20 20:28:29 QUIZ LOADING DEBUG - quizData result: {"id":"1","course_id":"1","quiz_title":"tert","quiz_desc":"\u0648\u0635\u0641 \u0627\u0644\u0627\u062e\u062a\u0628\u0627\u0631","quiz_questions":"{\"2\":{\"question_text\":\"\\u0633\\u0624\\u0627\\u0644 2\\r\\n\",\"question_type\":\"true_false\",\"points\":\"1\",\"correct_answer\":\"true\"},\"3\":{\"question_text\":\"\\u0633\\u0624\\u0627\\u0644 3\\r\\n\",\"question_type\":\"multiple_choice\",\"points\":\"1\",\"options\":[\"\\u062e\\u064a\\u0627\\u0631 1\",\"\\u062e\\u064a\\u0627\\u0631 2\",\"\\u062e\\u064a\\u0627\\u0631 3\"]}}","time_limit":"30","time_limit_minutes":"30","max_attempts":"3","passing_score":"60.00","shuffle_questions":"1","shuffle_answers":"0","show_results":"1","show_results_immediately":"1","active":"1","created_at":"2025-09-17 12:48:34","updated_at":"2025-09-17 13:39:57","course_title":"\u0648\u0635\u0641 \u0645\u062e\u062a\u0635\u0631  \u0643\u0648\u0631\u0633 \u062c\u0627\u0641\u0627 \u0633\u0643\u0631\u064a\u0628\u062a"}
2025-09-20 20:28:29 ATTEMPT INFO DEBUG - User: 1, Attempts: 3/3
2025-09-20 20:28:29 COURSES_CONTROLLER DEBUG - quizData: {"id":"1","course_id":"1","quiz_title":"tert","quiz_desc":"\u0648\u0635\u0641 \u0627\u0644\u0627\u062e\u062a\u0628\u0627\u0631","quiz_questions":"{\"2\":{\"question_text\":\"\\u0633\\u0624\\u0627\\u0644 2\\r\\n\",\"question_type\":\"true_false\",\"points\":\"1\",\"correct_answer\":\"true\"},\"3\":{\"question_text\":\"\\u0633\\u0624\\u0627\\u0644 3\\r\\n\",\"question_type\":\"multiple_choice\",\"points\":\"1\",\"options\":[\"\\u062e\\u064a\\u0627\\u0631 1\",\"\\u062e\\u064a\\u0627\\u0631 2\",\"\\u062e\\u064a\\u0627\\u0631 3\"]}}","time_limit":"30","time_limit_minutes":"30","max_attempts":"3","passing_score":"60.00","shuffle_questions":"1","shuffle_answers":"0","show_results":"1","show_results_immediately":"1","active":"1","created_at":"2025-09-17 12:48:34","updated_at":"2025-09-17 13:39:57","course_title":"\u0648\u0635\u0641 \u0645\u062e\u062a\u0635\u0631  \u0643\u0648\u0631\u0633 \u062c\u0627\u0641\u0627 \u0633\u0643\u0631\u064a\u0628\u062a","user_attempt_count":3,"user_best_score":"55.00","remaining_attempts":0,"has_exceeded_attempts":true,"user_latest_attempt":{"id":"1","quiz_id":"1","user_id":"1","score":"30.00","time_taken_seconds":"0","is_passed":"0","user_answers":null,"quiz_questions":null,"attempt_date":"2025-09-18 18:14:31","created_at":"2025-09-18 18:14:31","updated_at":"2025-09-18 18:14:31"}}
2025-09-20 20:28:29 COURSES_CONTROLLER DEBUG - currentItem: {"id":"2","unit_id":"1","unit_name":"\u0627\u0633\u0645 \u0627\u0644\u0648\u062d\u062f\u0629 *","item_type":"quiz","title":"tert","description":"\u0644\u0627 \u064a\u0648\u062c\u062f \u0648\u0635\u0641","item_id":"","duration":0,"thumbnail":"","metadata":{"quiz_id":"1"},"quiz_details":null,"page_details":null,"is_preview":false}
2025-09-20 20:28:29 COURSES_CONTROLLER DEBUG - requestedItemId: 2
2025-09-20 20:28:29 COURSES_CONTROLLER DEBUG - flatItems count: 23
2025-09-20 20:28:29 COURSE_VIEW DEBUG - current_item: {"id":"2","unit_id":"1","unit_name":"\u0627\u0633\u0645 \u0627\u0644\u0648\u062d\u062f\u0629 *","item_type":"quiz","title":"tert","description":"\u0644\u0627 \u064a\u0648\u062c\u062f \u0648\u0635\u0641","item_id":"","duration":0,"thumbnail":"","metadata":{"quiz_id":"1"},"quiz_details":null,"page_details":null,"is_preview":false}
2025-09-20 20:28:29 COURSE_VIEW DEBUG - current_id: 2
2025-09-20 20:28:29 COURSE_VIEW DEBUG - course_id: 1
2025-09-20 20:29:05 SWITCH CASE DEBUG - ENTERING IF BLOCK
2025-09-20 20:29:05 SWITCH CASE DEBUG - item_type: video
2025-09-20 20:29:05 SWITCH CASE DEBUG - metadata: {"video_id":"7a461808-1048-4d73-afdd-985bb3c131cd","file_size":154202982,"video_title":"\u0645\u0627 \u0647\u0648 \u0627\u062e\u062a\u0628\u0627\u0631 TOFAS .mkv","collection_id":"6d877b87-0faf-4841-b82f-b00e01a6c4ec","video_quality":"2060x1080","video_duration":533,"video_thumbnail":"https:\/\/vz-495222.b-cdn.net\/7a461808-1048-4d73-afdd-985bb3c131cd\/thumbnail.jpg","video_library_id":""}
2025-09-20 20:29:05 SWITCH CASE DEBUG - ABOUT TO ENTER SWITCH
2025-09-20 20:29:05 SWITCH CASE DEBUG - ENTERED VIDEO CASE
2025-09-20 20:29:05 COURSES_CONTROLLER DEBUG - quizData: null
2025-09-20 20:29:05 COURSES_CONTROLLER DEBUG - currentItem: {"id":"1","unit_id":"1","unit_name":"\u0627\u0633\u0645 \u0627\u0644\u0648\u062d\u062f\u0629 *","item_type":"video","title":"\u0645\u0627 \u0647\u0648 \u0627\u062e\u062a\u0628\u0627\u0631 TOFAS .mkv","description":"","item_id":"","duration":533,"thumbnail":"https:\/\/vz-495222.b-cdn.net\/7a461808-1048-4d73-afdd-985bb3c131cd\/thumbnail.jpg","metadata":{"video_id":"7a461808-1048-4d73-afdd-985bb3c131cd","file_size":154202982,"video_title":"\u0645\u0627 \u0647\u0648 \u0627\u062e\u062a\u0628\u0627\u0631 TOFAS .mkv","collection_id":"6d877b87-0faf-4841-b82f-b00e01a6c4ec","video_quality":"2060x1080","video_duration":533,"video_thumbnail":"https:\/\/vz-495222.b-cdn.net\/7a461808-1048-4d73-afdd-985bb3c131cd\/thumbnail.jpg","video_library_id":""},"quiz_details":null,"page_details":null,"is_preview":false}
2025-09-20 20:29:05 COURSES_CONTROLLER DEBUG - requestedItemId: 1
2025-09-20 20:29:05 COURSES_CONTROLLER DEBUG - flatItems count: 23
2025-09-20 20:29:05 COURSE_VIEW DEBUG - current_item: {"id":"1","unit_id":"1","unit_name":"\u0627\u0633\u0645 \u0627\u0644\u0648\u062d\u062f\u0629 *","item_type":"video","title":"\u0645\u0627 \u0647\u0648 \u0627\u062e\u062a\u0628\u0627\u0631 TOFAS .mkv","description":"","item_id":"","duration":533,"thumbnail":"https:\/\/vz-495222.b-cdn.net\/7a461808-1048-4d73-afdd-985bb3c131cd\/thumbnail.jpg","metadata":{"video_id":"7a461808-1048-4d73-afdd-985bb3c131cd","file_size":154202982,"video_title":"\u0645\u0627 \u0647\u0648 \u0627\u062e\u062a\u0628\u0627\u0631 TOFAS .mkv","collection_id":"6d877b87-0faf-4841-b82f-b00e01a6c4ec","video_quality":"2060x1080","video_duration":533,"video_thumbnail":"https:\/\/vz-495222.b-cdn.net\/7a461808-1048-4d73-afdd-985bb3c131cd\/thumbnail.jpg","video_library_id":""},"quiz_details":null,"page_details":null,"is_preview":false}
2025-09-20 20:29:05 COURSE_VIEW DEBUG - current_id: 1
2025-09-20 20:29:05 COURSE_VIEW DEBUG - course_id: 1
2025-09-20 20:29:19 SWITCH CASE DEBUG - ENTERING IF BLOCK
2025-09-20 20:29:19 SWITCH CASE DEBUG - item_type: video
2025-09-20 20:29:19 SWITCH CASE DEBUG - metadata: {"video_id":"7a461808-1048-4d73-afdd-985bb3c131cd","file_size":154202982,"video_title":"\u0645\u0627 \u0647\u0648 \u0627\u062e\u062a\u0628\u0627\u0631 TOFAS .mkv","collection_id":"6d877b87-0faf-4841-b82f-b00e01a6c4ec","video_quality":"2060x1080","video_duration":533,"video_thumbnail":"https:\/\/vz-495222.b-cdn.net\/7a461808-1048-4d73-afdd-985bb3c131cd\/thumbnail.jpg","video_library_id":""}
2025-09-20 20:29:19 SWITCH CASE DEBUG - ABOUT TO ENTER SWITCH
2025-09-20 20:29:19 SWITCH CASE DEBUG - ENTERED VIDEO CASE
2025-09-20 20:29:19 COURSES_CONTROLLER DEBUG - quizData: null
2025-09-20 20:29:19 COURSES_CONTROLLER DEBUG - currentItem: {"id":"1","unit_id":"1","unit_name":"\u0627\u0633\u0645 \u0627\u0644\u0648\u062d\u062f\u0629 *","item_type":"video","title":"\u0645\u0627 \u0647\u0648 \u0627\u062e\u062a\u0628\u0627\u0631 TOFAS .mkv","description":"","item_id":"","duration":533,"thumbnail":"https:\/\/vz-495222.b-cdn.net\/7a461808-1048-4d73-afdd-985bb3c131cd\/thumbnail.jpg","metadata":{"video_id":"7a461808-1048-4d73-afdd-985bb3c131cd","file_size":154202982,"video_title":"\u0645\u0627 \u0647\u0648 \u0627\u062e\u062a\u0628\u0627\u0631 TOFAS .mkv","collection_id":"6d877b87-0faf-4841-b82f-b00e01a6c4ec","video_quality":"2060x1080","video_duration":533,"video_thumbnail":"https:\/\/vz-495222.b-cdn.net\/7a461808-1048-4d73-afdd-985bb3c131cd\/thumbnail.jpg","video_library_id":""},"quiz_details":null,"page_details":null,"is_preview":false}
2025-09-20 20:29:19 COURSES_CONTROLLER DEBUG - requestedItemId: 1
2025-09-20 20:29:19 COURSES_CONTROLLER DEBUG - flatItems count: 23
2025-09-20 20:29:19 COURSE_VIEW DEBUG - current_item: {"id":"1","unit_id":"1","unit_name":"\u0627\u0633\u0645 \u0627\u0644\u0648\u062d\u062f\u0629 *","item_type":"video","title":"\u0645\u0627 \u0647\u0648 \u0627\u062e\u062a\u0628\u0627\u0631 TOFAS .mkv","description":"","item_id":"","duration":533,"thumbnail":"https:\/\/vz-495222.b-cdn.net\/7a461808-1048-4d73-afdd-985bb3c131cd\/thumbnail.jpg","metadata":{"video_id":"7a461808-1048-4d73-afdd-985bb3c131cd","file_size":154202982,"video_title":"\u0645\u0627 \u0647\u0648 \u0627\u062e\u062a\u0628\u0627\u0631 TOFAS .mkv","collection_id":"6d877b87-0faf-4841-b82f-b00e01a6c4ec","video_quality":"2060x1080","video_duration":533,"video_thumbnail":"https:\/\/vz-495222.b-cdn.net\/7a461808-1048-4d73-afdd-985bb3c131cd\/thumbnail.jpg","video_library_id":""},"quiz_details":null,"page_details":null,"is_preview":false}
2025-09-20 20:29:19 COURSE_VIEW DEBUG - current_id: 1
2025-09-20 20:29:19 COURSE_VIEW DEBUG - course_id: 1
2025-09-20 20:29:23 SWITCH CASE DEBUG - ENTERING IF BLOCK
2025-09-20 20:29:23 SWITCH CASE DEBUG - item_type: quiz
2025-09-20 20:29:23 SWITCH CASE DEBUG - metadata: {"quiz_id":"1"}
2025-09-20 20:29:23 SWITCH CASE DEBUG - ABOUT TO ENTER SWITCH
2025-09-20 20:29:23 SWITCH CASE DEBUG - ENTERED QUIZ CASE
2025-09-20 20:29:23 QUIZ LOADING DEBUG - quizId: 1
2025-09-20 20:29:23 QUIZ LOADING DEBUG - quizData result: {"id":"1","course_id":"1","quiz_title":"tert","quiz_desc":"\u0648\u0635\u0641 \u0627\u0644\u0627\u062e\u062a\u0628\u0627\u0631","quiz_questions":"{\"2\":{\"question_text\":\"\\u0633\\u0624\\u0627\\u0644 2\\r\\n\",\"question_type\":\"true_false\",\"points\":\"1\",\"correct_answer\":\"true\"},\"3\":{\"question_text\":\"\\u0633\\u0624\\u0627\\u0644 3\\r\\n\",\"question_type\":\"multiple_choice\",\"points\":\"1\",\"options\":[\"\\u062e\\u064a\\u0627\\u0631 1\",\"\\u062e\\u064a\\u0627\\u0631 2\",\"\\u062e\\u064a\\u0627\\u0631 3\"]}}","time_limit":"30","time_limit_minutes":"30","max_attempts":"3","passing_score":"60.00","shuffle_questions":"1","shuffle_answers":"0","show_results":"1","show_results_immediately":"1","active":"1","created_at":"2025-09-17 12:48:34","updated_at":"2025-09-17 13:39:57","course_title":"\u0648\u0635\u0641 \u0645\u062e\u062a\u0635\u0631  \u0643\u0648\u0631\u0633 \u062c\u0627\u0641\u0627 \u0633\u0643\u0631\u064a\u0628\u062a"}
2025-09-20 20:29:23 ATTEMPT INFO DEBUG - User: 1, Attempts: 1/3
2025-09-20 20:29:23 COURSES_CONTROLLER DEBUG - quizData: {"id":"1","course_id":"1","quiz_title":"tert","quiz_desc":"\u0648\u0635\u0641 \u0627\u0644\u0627\u062e\u062a\u0628\u0627\u0631","quiz_questions":"{\"2\":{\"question_text\":\"\\u0633\\u0624\\u0627\\u0644 2\\r\\n\",\"question_type\":\"true_false\",\"points\":\"1\",\"correct_answer\":\"true\"},\"3\":{\"question_text\":\"\\u0633\\u0624\\u0627\\u0644 3\\r\\n\",\"question_type\":\"multiple_choice\",\"points\":\"1\",\"options\":[\"\\u062e\\u064a\\u0627\\u0631 1\",\"\\u062e\\u064a\\u0627\\u0631 2\",\"\\u062e\\u064a\\u0627\\u0631 3\"]}}","time_limit":"30","time_limit_minutes":"30","max_attempts":"3","passing_score":"60.00","shuffle_questions":"1","shuffle_answers":"0","show_results":"1","show_results_immediately":"1","active":"1","created_at":"2025-09-17 12:48:34","updated_at":"2025-09-17 13:39:57","course_title":"\u0648\u0635\u0641 \u0645\u062e\u062a\u0635\u0631  \u0643\u0648\u0631\u0633 \u062c\u0627\u0641\u0627 \u0633\u0643\u0631\u064a\u0628\u062a","user_attempt_count":1,"user_best_score":"55.00","remaining_attempts":2,"has_exceeded_attempts":false,"user_latest_attempt":{"id":"3","quiz_id":"1","user_id":"1","score":"55.00","time_taken_seconds":"0","is_passed":"0","user_answers":null,"quiz_questions":null,"attempt_date":"2025-09-18 18:14:31","created_at":"2025-09-18 18:14:31","updated_at":"2025-09-18 18:14:31"}}
2025-09-20 20:29:23 COURSES_CONTROLLER DEBUG - currentItem: {"id":"2","unit_id":"1","unit_name":"\u0627\u0633\u0645 \u0627\u0644\u0648\u062d\u062f\u0629 *","item_type":"quiz","title":"tert","description":"\u0644\u0627 \u064a\u0648\u062c\u062f \u0648\u0635\u0641","item_id":"","duration":0,"thumbnail":"","metadata":{"quiz_id":"1"},"quiz_details":null,"page_details":null,"is_preview":false}
2025-09-20 20:29:23 COURSES_CONTROLLER DEBUG - requestedItemId: 2
2025-09-20 20:29:23 COURSES_CONTROLLER DEBUG - flatItems count: 23
2025-09-20 20:29:23 COURSE_VIEW DEBUG - current_item: {"id":"2","unit_id":"1","unit_name":"\u0627\u0633\u0645 \u0627\u0644\u0648\u062d\u062f\u0629 *","item_type":"quiz","title":"tert","description":"\u0644\u0627 \u064a\u0648\u062c\u062f \u0648\u0635\u0641","item_id":"","duration":0,"thumbnail":"","metadata":{"quiz_id":"1"},"quiz_details":null,"page_details":null,"is_preview":false}
2025-09-20 20:29:23 COURSE_VIEW DEBUG - current_id: 2
2025-09-20 20:29:23 COURSE_VIEW DEBUG - course_id: 1
2025-09-20 20:29:27 SWITCH CASE DEBUG - ENTERING IF BLOCK
2025-09-20 20:29:27 SWITCH CASE DEBUG - item_type: video
2025-09-20 20:29:27 SWITCH CASE DEBUG - metadata: {"video_id":"7a461808-1048-4d73-afdd-985bb3c131cd","file_size":154202982,"video_title":"\u0645\u0627 \u0647\u0648 \u0627\u062e\u062a\u0628\u0627\u0631 TOFAS .mkv","collection_id":"6d877b87-0faf-4841-b82f-b00e01a6c4ec","video_quality":"2060x1080","video_duration":533,"video_thumbnail":"https:\/\/vz-495222.b-cdn.net\/7a461808-1048-4d73-afdd-985bb3c131cd\/thumbnail.jpg","video_library_id":""}
2025-09-20 20:29:27 SWITCH CASE DEBUG - ABOUT TO ENTER SWITCH
2025-09-20 20:29:27 SWITCH CASE DEBUG - ENTERED VIDEO CASE
2025-09-20 20:29:27 COURSES_CONTROLLER DEBUG - quizData: null
2025-09-20 20:29:27 COURSES_CONTROLLER DEBUG - currentItem: {"id":"1","unit_id":"1","unit_name":"\u0627\u0633\u0645 \u0627\u0644\u0648\u062d\u062f\u0629 *","item_type":"video","title":"\u0645\u0627 \u0647\u0648 \u0627\u062e\u062a\u0628\u0627\u0631 TOFAS .mkv","description":"","item_id":"","duration":533,"thumbnail":"https:\/\/vz-495222.b-cdn.net\/7a461808-1048-4d73-afdd-985bb3c131cd\/thumbnail.jpg","metadata":{"video_id":"7a461808-1048-4d73-afdd-985bb3c131cd","file_size":154202982,"video_title":"\u0645\u0627 \u0647\u0648 \u0627\u062e\u062a\u0628\u0627\u0631 TOFAS .mkv","collection_id":"6d877b87-0faf-4841-b82f-b00e01a6c4ec","video_quality":"2060x1080","video_duration":533,"video_thumbnail":"https:\/\/vz-495222.b-cdn.net\/7a461808-1048-4d73-afdd-985bb3c131cd\/thumbnail.jpg","video_library_id":""},"quiz_details":null,"page_details":null,"is_preview":false}
2025-09-20 20:29:27 COURSES_CONTROLLER DEBUG - requestedItemId: 1
2025-09-20 20:29:27 COURSES_CONTROLLER DEBUG - flatItems count: 23
2025-09-20 20:29:27 COURSE_VIEW DEBUG - current_item: {"id":"1","unit_id":"1","unit_name":"\u0627\u0633\u0645 \u0627\u0644\u0648\u062d\u062f\u0629 *","item_type":"video","title":"\u0645\u0627 \u0647\u0648 \u0627\u062e\u062a\u0628\u0627\u0631 TOFAS .mkv","description":"","item_id":"","duration":533,"thumbnail":"https:\/\/vz-495222.b-cdn.net\/7a461808-1048-4d73-afdd-985bb3c131cd\/thumbnail.jpg","metadata":{"video_id":"7a461808-1048-4d73-afdd-985bb3c131cd","file_size":154202982,"video_title":"\u0645\u0627 \u0647\u0648 \u0627\u062e\u062a\u0628\u0627\u0631 TOFAS .mkv","collection_id":"6d877b87-0faf-4841-b82f-b00e01a6c4ec","video_quality":"2060x1080","video_duration":533,"video_thumbnail":"https:\/\/vz-495222.b-cdn.net\/7a461808-1048-4d73-afdd-985bb3c131cd\/thumbnail.jpg","video_library_id":""},"quiz_details":null,"page_details":null,"is_preview":false}
2025-09-20 20:29:27 COURSE_VIEW DEBUG - current_id: 1
2025-09-20 20:29:27 COURSE_VIEW DEBUG - course_id: 1
2025-09-20 20:29:30 PROGRESS_CONTROLLER DEBUG - AJAX request received
2025-09-20 20:29:30 PROGRESS_CONTROLLER DEBUG - Raw input: {"unit_id":1,"course_id":1,"item_id":1}
2025-09-20 20:29:30 PROGRESS_CONTROLLER DEBUG - User ID: 1
2025-09-20 20:29:30 PROGRESS_CONTROLLER DEBUG - Parsed input: {"unit_id":1,"course_id":1,"item_id":1}
2025-09-20 20:29:30 PROGRESS_CONTROLLER DEBUG - Unit ID: 1
2025-09-20 20:29:30 PROGRESS_CONTROLLER DEBUG - Course ID: 1
2025-09-20 20:29:30 PROGRESS_CONTROLLER DEBUG - Item ID: 1
2025-09-20 20:46:20 SWITCH CASE DEBUG - ENTERING IF BLOCK
2025-09-20 20:46:20 SWITCH CASE DEBUG - item_type: video
2025-09-20 20:46:20 SWITCH CASE DEBUG - metadata: {"video_id":"7a461808-1048-4d73-afdd-985bb3c131cd","file_size":154202982,"video_title":"\u0645\u0627 \u0647\u0648 \u0627\u062e\u062a\u0628\u0627\u0631 TOFAS .mkv","collection_id":"6d877b87-0faf-4841-b82f-b00e01a6c4ec","video_quality":"2060x1080","video_duration":533,"video_thumbnail":"https:\/\/vz-495222.b-cdn.net\/7a461808-1048-4d73-afdd-985bb3c131cd\/thumbnail.jpg","video_library_id":""}
2025-09-20 20:46:20 SWITCH CASE DEBUG - ABOUT TO ENTER SWITCH
2025-09-20 20:46:20 SWITCH CASE DEBUG - ENTERED VIDEO CASE
2025-09-20 20:46:20 COURSES_CONTROLLER DEBUG - quizData: null
2025-09-20 20:46:20 COURSES_CONTROLLER DEBUG - currentItem: {"id":"1","unit_id":"1","unit_name":"\u0627\u0633\u0645 \u0627\u0644\u0648\u062d\u062f\u0629 *","item_type":"video","title":"\u0645\u0627 \u0647\u0648 \u0627\u062e\u062a\u0628\u0627\u0631 TOFAS .mkv","description":"","item_id":"","duration":533,"thumbnail":"https:\/\/vz-495222.b-cdn.net\/7a461808-1048-4d73-afdd-985bb3c131cd\/thumbnail.jpg","metadata":{"video_id":"7a461808-1048-4d73-afdd-985bb3c131cd","file_size":154202982,"video_title":"\u0645\u0627 \u0647\u0648 \u0627\u062e\u062a\u0628\u0627\u0631 TOFAS .mkv","collection_id":"6d877b87-0faf-4841-b82f-b00e01a6c4ec","video_quality":"2060x1080","video_duration":533,"video_thumbnail":"https:\/\/vz-495222.b-cdn.net\/7a461808-1048-4d73-afdd-985bb3c131cd\/thumbnail.jpg","video_library_id":""},"quiz_details":null,"page_details":null,"is_preview":false}
2025-09-20 20:46:20 COURSES_CONTROLLER DEBUG - requestedItemId: 1
2025-09-20 20:46:20 COURSES_CONTROLLER DEBUG - flatItems count: 3
2025-09-20 20:46:20 COURSE_VIEW DEBUG - current_item: {"id":"1","unit_id":"1","unit_name":"\u0627\u0633\u0645 \u0627\u0644\u0648\u062d\u062f\u0629 *","item_type":"video","title":"\u0645\u0627 \u0647\u0648 \u0627\u062e\u062a\u0628\u0627\u0631 TOFAS .mkv","description":"","item_id":"","duration":533,"thumbnail":"https:\/\/vz-495222.b-cdn.net\/7a461808-1048-4d73-afdd-985bb3c131cd\/thumbnail.jpg","metadata":{"video_id":"7a461808-1048-4d73-afdd-985bb3c131cd","file_size":154202982,"video_title":"\u0645\u0627 \u0647\u0648 \u0627\u062e\u062a\u0628\u0627\u0631 TOFAS .mkv","collection_id":"6d877b87-0faf-4841-b82f-b00e01a6c4ec","video_quality":"2060x1080","video_duration":533,"video_thumbnail":"https:\/\/vz-495222.b-cdn.net\/7a461808-1048-4d73-afdd-985bb3c131cd\/thumbnail.jpg","video_library_id":""},"quiz_details":null,"page_details":null,"is_preview":false}
2025-09-20 20:46:20 COURSE_VIEW DEBUG - current_id: 1
2025-09-20 20:46:20 COURSE_VIEW DEBUG - course_id: 1
2025-09-20 20:55:58 SWITCH CASE DEBUG - ENTERING IF BLOCK
2025-09-20 20:55:58 SWITCH CASE DEBUG - item_type: video
2025-09-20 20:55:58 SWITCH CASE DEBUG - metadata: {"video_id":"7a461808-1048-4d73-afdd-985bb3c131cd","file_size":154202982,"video_title":"\u0645\u0627 \u0647\u0648 \u0627\u062e\u062a\u0628\u0627\u0631 TOFAS .mkv","collection_id":"6d877b87-0faf-4841-b82f-b00e01a6c4ec","video_quality":"2060x1080","video_duration":533,"video_thumbnail":"https:\/\/vz-495222.b-cdn.net\/7a461808-1048-4d73-afdd-985bb3c131cd\/thumbnail.jpg","video_library_id":""}
2025-09-20 20:55:58 SWITCH CASE DEBUG - ABOUT TO ENTER SWITCH
2025-09-20 20:55:58 SWITCH CASE DEBUG - ENTERED VIDEO CASE
2025-09-20 20:55:58 COURSES_CONTROLLER DEBUG - quizData: null
2025-09-20 20:55:58 COURSES_CONTROLLER DEBUG - currentItem: {"id":"1","unit_id":"1","unit_name":"\u0627\u0633\u0645 \u0627\u0644\u0648\u062d\u062f\u0629 *","item_type":"video","title":"\u0645\u0627 \u0647\u0648 \u0627\u062e\u062a\u0628\u0627\u0631 TOFAS .mkv","description":"","item_id":"","duration":533,"thumbnail":"https:\/\/vz-495222.b-cdn.net\/7a461808-1048-4d73-afdd-985bb3c131cd\/thumbnail.jpg","metadata":{"video_id":"7a461808-1048-4d73-afdd-985bb3c131cd","file_size":154202982,"video_title":"\u0645\u0627 \u0647\u0648 \u0627\u062e\u062a\u0628\u0627\u0631 TOFAS .mkv","collection_id":"6d877b87-0faf-4841-b82f-b00e01a6c4ec","video_quality":"2060x1080","video_duration":533,"video_thumbnail":"https:\/\/vz-495222.b-cdn.net\/7a461808-1048-4d73-afdd-985bb3c131cd\/thumbnail.jpg","video_library_id":""},"quiz_details":null,"page_details":null,"is_preview":false}
2025-09-20 20:55:58 COURSES_CONTROLLER DEBUG - requestedItemId: 1
2025-09-20 20:55:58 COURSES_CONTROLLER DEBUG - flatItems count: 3
2025-09-20 20:55:58 COURSE_VIEW DEBUG - current_item: {"id":"1","unit_id":"1","unit_name":"\u0627\u0633\u0645 \u0627\u0644\u0648\u062d\u062f\u0629 *","item_type":"video","title":"\u0645\u0627 \u0647\u0648 \u0627\u062e\u062a\u0628\u0627\u0631 TOFAS .mkv","description":"","item_id":"","duration":533,"thumbnail":"https:\/\/vz-495222.b-cdn.net\/7a461808-1048-4d73-afdd-985bb3c131cd\/thumbnail.jpg","metadata":{"video_id":"7a461808-1048-4d73-afdd-985bb3c131cd","file_size":154202982,"video_title":"\u0645\u0627 \u0647\u0648 \u0627\u062e\u062a\u0628\u0627\u0631 TOFAS .mkv","collection_id":"6d877b87-0faf-4841-b82f-b00e01a6c4ec","video_quality":"2060x1080","video_duration":533,"video_thumbnail":"https:\/\/vz-495222.b-cdn.net\/7a461808-1048-4d73-afdd-985bb3c131cd\/thumbnail.jpg","video_library_id":""},"quiz_details":null,"page_details":null,"is_preview":false}
2025-09-20 20:55:58 COURSE_VIEW DEBUG - current_id: 1
2025-09-20 20:55:58 COURSE_VIEW DEBUG - course_id: 1
2025-09-20 20:56:01 PROGRESS_CONTROLLER DEBUG - AJAX request received
2025-09-20 20:56:01 PROGRESS_CONTROLLER DEBUG - Raw input: {"unit_id":1,"course_id":1,"item_id":1}
2025-09-20 20:56:01 PROGRESS_CONTROLLER DEBUG - User ID: 1
2025-09-20 20:56:01 PROGRESS_CONTROLLER DEBUG - Parsed input: {"unit_id":1,"course_id":1,"item_id":1}
2025-09-20 20:56:01 PROGRESS_CONTROLLER DEBUG - Unit ID: 1
2025-09-20 20:56:01 PROGRESS_CONTROLLER DEBUG - Course ID: 1
2025-09-20 20:56:01 PROGRESS_CONTROLLER DEBUG - Item ID: 1
2025-09-20 20:56:01 PROGRESS_CONTROLLER DEBUG - isUserEnrolled result: true
2025-09-20 20:56:01 PROGRESS_CONTROLLER DEBUG - Looking for enrollment with userId=1, unitId=1
2025-09-20 20:56:01 PROGRESS_CONTROLLER DEBUG - Enrollment found: {"id":"1","user_id":"1","unit_ids":"[\"1\"]","total_amount":"35000.00","payment_proof":"{\"files\": [{\"size\": \"35.419\", \"type\": \"image\/jpeg\", \"order\": 1, \"thumbs\": [], \"is_image\": 1, \"raw_name\": \"544754131_122114699606966699_7815220782632544805_n.jpg\", \"dimension\": \"526*526\", \"extension\": \"jpg\", \"full_path\": \"uploads\/enrollments\/20_09_2025\/1758385873_24ac5a9f3f48ae78426c.jpg\", \"thumbnails\": [], \"encoded_name\": \"1758385873_24ac5a9f3f48ae78426c.jpg\", \"original_name\": \"544754131_122114699606966699_7815220782632544805_n.jpg\"}], \"fileCount\": 1}","payment_method":"instapay","status":"approved","admin_notes":null,"processed_by":null,"processed_at":null,"created_at":"2025-09-20 19:31:13","updated_at":"2025-09-20 20:17:50"}
2025-09-20 20:56:01 MARK_ITEM_COMPLETED DEBUG - Starting with userId=1, unitId=1, itemId=1, enrollmentId=1
2025-09-20 20:56:01 MARK_ITEM_COMPLETED DEBUG - Data to insert/update: {"user_id":1,"unit_id":1,"item_id":1,"enrollment_id":1,"progress_percentage":100,"is_completed":1,"completed_at":"2025-09-20 20:56:01","last_accessed_at":"2025-09-20 20:56:01"}
2025-09-20 20:56:01 MARK_ITEM_COMPLETED DEBUG - Existing record: NULL
2025-09-20 20:56:01 MARK_ITEM_COMPLETED DEBUG - Insert result: true, Insert ID: 1
2025-09-20 20:56:02 SWITCH CASE DEBUG - ENTERING IF BLOCK
2025-09-20 20:56:02 SWITCH CASE DEBUG - item_type: quiz
2025-09-20 20:56:02 SWITCH CASE DEBUG - metadata: {"quiz_id":"1"}
2025-09-20 20:56:02 SWITCH CASE DEBUG - ABOUT TO ENTER SWITCH
2025-09-20 20:56:02 SWITCH CASE DEBUG - ENTERED QUIZ CASE
2025-09-20 20:56:02 QUIZ LOADING DEBUG - quizId: 1
2025-09-20 20:56:02 QUIZ LOADING DEBUG - quizData result: {"id":"1","course_id":"1","quiz_title":"tert","quiz_desc":"\u0648\u0635\u0641 \u0627\u0644\u0627\u062e\u062a\u0628\u0627\u0631","quiz_questions":"{\"2\":{\"question_text\":\"\\u0633\\u0624\\u0627\\u0644 2\\r\\n\",\"question_type\":\"true_false\",\"points\":\"1\",\"correct_answer\":\"true\"},\"3\":{\"question_text\":\"\\u0633\\u0624\\u0627\\u0644 3\\r\\n\",\"question_type\":\"multiple_choice\",\"points\":\"1\",\"options\":[\"\\u062e\\u064a\\u0627\\u0631 1\",\"\\u062e\\u064a\\u0627\\u0631 2\",\"\\u062e\\u064a\\u0627\\u0631 3\"]}}","time_limit":"30","time_limit_minutes":"30","max_attempts":"3","passing_score":"60.00","shuffle_questions":"1","shuffle_answers":"0","show_results":"1","show_results_immediately":"1","active":"1","created_at":"2025-09-17 12:48:34","updated_at":"2025-09-17 13:39:57","course_title":"\u0648\u0635\u0641 \u0645\u062e\u062a\u0635\u0631  \u0643\u0648\u0631\u0633 \u062c\u0627\u0641\u0627 \u0633\u0643\u0631\u064a\u0628\u062a"}
2025-09-20 20:56:02 ATTEMPT INFO DEBUG - User: 1, Attempts: 1/3
2025-09-20 20:56:02 COURSES_CONTROLLER DEBUG - quizData: {"id":"1","course_id":"1","quiz_title":"tert","quiz_desc":"\u0648\u0635\u0641 \u0627\u0644\u0627\u062e\u062a\u0628\u0627\u0631","quiz_questions":"{\"2\":{\"question_text\":\"\\u0633\\u0624\\u0627\\u0644 2\\r\\n\",\"question_type\":\"true_false\",\"points\":\"1\",\"correct_answer\":\"true\"},\"3\":{\"question_text\":\"\\u0633\\u0624\\u0627\\u0644 3\\r\\n\",\"question_type\":\"multiple_choice\",\"points\":\"1\",\"options\":[\"\\u062e\\u064a\\u0627\\u0631 1\",\"\\u062e\\u064a\\u0627\\u0631 2\",\"\\u062e\\u064a\\u0627\\u0631 3\"]}}","time_limit":"30","time_limit_minutes":"30","max_attempts":"3","passing_score":"60.00","shuffle_questions":"1","shuffle_answers":"0","show_results":"1","show_results_immediately":"1","active":"1","created_at":"2025-09-17 12:48:34","updated_at":"2025-09-17 13:39:57","course_title":"\u0648\u0635\u0641 \u0645\u062e\u062a\u0635\u0631  \u0643\u0648\u0631\u0633 \u062c\u0627\u0641\u0627 \u0633\u0643\u0631\u064a\u0628\u062a","user_attempt_count":1,"user_best_score":"55.00","remaining_attempts":2,"has_exceeded_attempts":false,"user_latest_attempt":{"id":"3","quiz_id":"1","user_id":"1","score":"55.00","time_taken_seconds":"0","is_passed":"0","user_answers":null,"quiz_questions":null,"attempt_date":"2025-09-18 18:14:31","created_at":"2025-09-18 18:14:31","updated_at":"2025-09-18 18:14:31"}}
2025-09-20 20:56:02 COURSES_CONTROLLER DEBUG - currentItem: {"id":"2","unit_id":"1","unit_name":"\u0627\u0633\u0645 \u0627\u0644\u0648\u062d\u062f\u0629 *","item_type":"quiz","title":"tert","description":"\u0644\u0627 \u064a\u0648\u062c\u062f \u0648\u0635\u0641","item_id":"","duration":0,"thumbnail":"","metadata":{"quiz_id":"1"},"quiz_details":null,"page_details":null,"is_preview":false}
2025-09-20 20:56:02 COURSES_CONTROLLER DEBUG - requestedItemId: 2
2025-09-20 20:56:02 COURSES_CONTROLLER DEBUG - flatItems count: 3
2025-09-20 20:56:02 COURSE_VIEW DEBUG - current_item: {"id":"2","unit_id":"1","unit_name":"\u0627\u0633\u0645 \u0627\u0644\u0648\u062d\u062f\u0629 *","item_type":"quiz","title":"tert","description":"\u0644\u0627 \u064a\u0648\u062c\u062f \u0648\u0635\u0641","item_id":"","duration":0,"thumbnail":"","metadata":{"quiz_id":"1"},"quiz_details":null,"page_details":null,"is_preview":false}
2025-09-20 20:56:02 COURSE_VIEW DEBUG - current_id: 2
2025-09-20 20:56:02 COURSE_VIEW DEBUG - course_id: 1
2025-09-20 20:56:19 SWITCH CASE DEBUG - ENTERING IF BLOCK
2025-09-20 20:56:19 SWITCH CASE DEBUG - item_type: quiz
2025-09-20 20:56:19 SWITCH CASE DEBUG - metadata: {"quiz_id":"1"}
2025-09-20 20:56:19 SWITCH CASE DEBUG - ABOUT TO ENTER SWITCH
2025-09-20 20:56:19 SWITCH CASE DEBUG - ENTERED QUIZ CASE
2025-09-20 20:56:19 QUIZ LOADING DEBUG - quizId: 1
2025-09-20 20:56:19 QUIZ LOADING DEBUG - quizData result: {"id":"1","course_id":"1","quiz_title":"tert","quiz_desc":"\u0648\u0635\u0641 \u0627\u0644\u0627\u062e\u062a\u0628\u0627\u0631","quiz_questions":"{\"2\":{\"question_text\":\"\\u0633\\u0624\\u0627\\u0644 2\\r\\n\",\"question_type\":\"true_false\",\"points\":\"1\",\"correct_answer\":\"true\"},\"3\":{\"question_text\":\"\\u0633\\u0624\\u0627\\u0644 3\\r\\n\",\"question_type\":\"multiple_choice\",\"points\":\"1\",\"options\":[\"\\u062e\\u064a\\u0627\\u0631 1\",\"\\u062e\\u064a\\u0627\\u0631 2\",\"\\u062e\\u064a\\u0627\\u0631 3\"]}}","time_limit":"30","time_limit_minutes":"30","max_attempts":"3","passing_score":"60.00","shuffle_questions":"1","shuffle_answers":"0","show_results":"1","show_results_immediately":"1","active":"1","created_at":"2025-09-17 12:48:34","updated_at":"2025-09-17 13:39:57","course_title":"\u0648\u0635\u0641 \u0645\u062e\u062a\u0635\u0631  \u0643\u0648\u0631\u0633 \u062c\u0627\u0641\u0627 \u0633\u0643\u0631\u064a\u0628\u062a"}
2025-09-20 20:56:19 ATTEMPT INFO DEBUG - User: 1, Attempts: 1/3
2025-09-20 20:56:19 COURSES_CONTROLLER DEBUG - quizData: {"id":"1","course_id":"1","quiz_title":"tert","quiz_desc":"\u0648\u0635\u0641 \u0627\u0644\u0627\u062e\u062a\u0628\u0627\u0631","quiz_questions":"{\"2\":{\"question_text\":\"\\u0633\\u0624\\u0627\\u0644 2\\r\\n\",\"question_type\":\"true_false\",\"points\":\"1\",\"correct_answer\":\"true\"},\"3\":{\"question_text\":\"\\u0633\\u0624\\u0627\\u0644 3\\r\\n\",\"question_type\":\"multiple_choice\",\"points\":\"1\",\"options\":[\"\\u062e\\u064a\\u0627\\u0631 1\",\"\\u062e\\u064a\\u0627\\u0631 2\",\"\\u062e\\u064a\\u0627\\u0631 3\"]}}","time_limit":"30","time_limit_minutes":"30","max_attempts":"3","passing_score":"60.00","shuffle_questions":"1","shuffle_answers":"0","show_results":"1","show_results_immediately":"1","active":"1","created_at":"2025-09-17 12:48:34","updated_at":"2025-09-17 13:39:57","course_title":"\u0648\u0635\u0641 \u0645\u062e\u062a\u0635\u0631  \u0643\u0648\u0631\u0633 \u062c\u0627\u0641\u0627 \u0633\u0643\u0631\u064a\u0628\u062a","user_attempt_count":1,"user_best_score":"55.00","remaining_attempts":2,"has_exceeded_attempts":false,"user_latest_attempt":{"id":"3","quiz_id":"1","user_id":"1","score":"55.00","time_taken_seconds":"0","is_passed":"0","user_answers":null,"quiz_questions":null,"attempt_date":"2025-09-18 18:14:31","created_at":"2025-09-18 18:14:31","updated_at":"2025-09-18 18:14:31"}}
2025-09-20 20:56:19 COURSES_CONTROLLER DEBUG - currentItem: {"id":"2","unit_id":"1","unit_name":"\u0627\u0633\u0645 \u0627\u0644\u0648\u062d\u062f\u0629 *","item_type":"quiz","title":"tert","description":"\u0644\u0627 \u064a\u0648\u062c\u062f \u0648\u0635\u0641","item_id":"","duration":0,"thumbnail":"","metadata":{"quiz_id":"1"},"quiz_details":null,"page_details":null,"is_preview":false}
2025-09-20 20:56:19 COURSES_CONTROLLER DEBUG - requestedItemId: 2
2025-09-20 20:56:19 COURSES_CONTROLLER DEBUG - flatItems count: 3
2025-09-20 20:56:19 COURSE_VIEW DEBUG - current_item: {"id":"2","unit_id":"1","unit_name":"\u0627\u0633\u0645 \u0627\u0644\u0648\u062d\u062f\u0629 *","item_type":"quiz","title":"tert","description":"\u0644\u0627 \u064a\u0648\u062c\u062f \u0648\u0635\u0641","item_id":"","duration":0,"thumbnail":"","metadata":{"quiz_id":"1"},"quiz_details":null,"page_details":null,"is_preview":false}
2025-09-20 20:56:19 COURSE_VIEW DEBUG - current_id: 2
2025-09-20 20:56:19 COURSE_VIEW DEBUG - course_id: 1
2025-09-20 22:12:11 SWITCH CASE DEBUG - ENTERING IF BLOCK
2025-09-20 22:12:11 SWITCH CASE DEBUG - item_type: video
2025-09-20 22:12:11 SWITCH CASE DEBUG - metadata: {"video_id":"7a461808-1048-4d73-afdd-985bb3c131cd","file_size":154202982,"video_title":"\u0645\u0627 \u0647\u0648 \u0627\u062e\u062a\u0628\u0627\u0631 TOFAS .mkv","collection_id":"6d877b87-0faf-4841-b82f-b00e01a6c4ec","video_quality":"2060x1080","video_duration":533,"video_thumbnail":"https:\/\/vz-495222.b-cdn.net\/7a461808-1048-4d73-afdd-985bb3c131cd\/thumbnail.jpg","video_library_id":""}
2025-09-20 22:12:11 SWITCH CASE DEBUG - ABOUT TO ENTER SWITCH
2025-09-20 22:12:11 SWITCH CASE DEBUG - ENTERED VIDEO CASE
2025-09-20 22:12:11 COURSES_CONTROLLER DEBUG - quizData: null
2025-09-20 22:12:11 COURSES_CONTROLLER DEBUG - currentItem: {"id":"1","unit_id":"1","unit_name":"\u0627\u0633\u0645 \u0627\u0644\u0648\u062d\u062f\u0629 *","item_type":"video","title":"\u0645\u0627 \u0647\u0648 \u0627\u062e\u062a\u0628\u0627\u0631 TOFAS .mkv","description":"","item_id":"","duration":533,"thumbnail":"https:\/\/vz-495222.b-cdn.net\/7a461808-1048-4d73-afdd-985bb3c131cd\/thumbnail.jpg","metadata":{"video_id":"7a461808-1048-4d73-afdd-985bb3c131cd","file_size":154202982,"video_title":"\u0645\u0627 \u0647\u0648 \u0627\u062e\u062a\u0628\u0627\u0631 TOFAS .mkv","collection_id":"6d877b87-0faf-4841-b82f-b00e01a6c4ec","video_quality":"2060x1080","video_duration":533,"video_thumbnail":"https:\/\/vz-495222.b-cdn.net\/7a461808-1048-4d73-afdd-985bb3c131cd\/thumbnail.jpg","video_library_id":""},"quiz_details":null,"page_details":null,"is_preview":false}
2025-09-20 22:12:11 COURSES_CONTROLLER DEBUG - requestedItemId: 1
2025-09-20 22:12:11 COURSES_CONTROLLER DEBUG - flatItems count: 3
2025-09-20 22:12:11 COURSE_VIEW DEBUG - current_item: {"id":"1","unit_id":"1","unit_name":"\u0627\u0633\u0645 \u0627\u0644\u0648\u062d\u062f\u0629 *","item_type":"video","title":"\u0645\u0627 \u0647\u0648 \u0627\u062e\u062a\u0628\u0627\u0631 TOFAS .mkv","description":"","item_id":"","duration":533,"thumbnail":"https:\/\/vz-495222.b-cdn.net\/7a461808-1048-4d73-afdd-985bb3c131cd\/thumbnail.jpg","metadata":{"video_id":"7a461808-1048-4d73-afdd-985bb3c131cd","file_size":154202982,"video_title":"\u0645\u0627 \u0647\u0648 \u0627\u062e\u062a\u0628\u0627\u0631 TOFAS .mkv","collection_id":"6d877b87-0faf-4841-b82f-b00e01a6c4ec","video_quality":"2060x1080","video_duration":533,"video_thumbnail":"https:\/\/vz-495222.b-cdn.net\/7a461808-1048-4d73-afdd-985bb3c131cd\/thumbnail.jpg","video_library_id":""},"quiz_details":null,"page_details":null,"is_preview":false}
2025-09-20 22:12:11 COURSE_VIEW DEBUG - current_id: 1
2025-09-20 22:12:11 COURSE_VIEW DEBUG - course_id: 1
2025-09-20 22:12:11 PROGRESS_CONTROLLER DEBUG - AJAX request received
2025-09-20 22:12:11 PROGRESS_CONTROLLER DEBUG - Raw input: {"unit_id":1,"item_id":1}
2025-09-20 22:12:11 PROGRESS_CONTROLLER DEBUG - User ID: 1
2025-09-20 22:12:11 PROGRESS_CONTROLLER DEBUG - Parsed input: {"unit_id":1,"item_id":1}
2025-09-20 22:12:11 PROGRESS_CONTROLLER DEBUG - Unit ID: 1
2025-09-20 22:12:11 PROGRESS_CONTROLLER DEBUG - Course ID: NULL
2025-09-20 22:12:11 PROGRESS_CONTROLLER DEBUG - Item ID: 1
2025-09-20 22:12:11 PROGRESS_CONTROLLER DEBUG - Missing unit_id, course_id, or item_id
2025-09-20 22:14:46 SWITCH CASE DEBUG - ENTERING IF BLOCK
2025-09-20 22:14:46 SWITCH CASE DEBUG - item_type: video
2025-09-20 22:14:46 SWITCH CASE DEBUG - metadata: {"video_id":"7a461808-1048-4d73-afdd-985bb3c131cd","file_size":154202982,"video_title":"\u0645\u0627 \u0647\u0648 \u0627\u062e\u062a\u0628\u0627\u0631 TOFAS .mkv","collection_id":"6d877b87-0faf-4841-b82f-b00e01a6c4ec","video_quality":"2060x1080","video_duration":533,"video_thumbnail":"https:\/\/vz-495222.b-cdn.net\/7a461808-1048-4d73-afdd-985bb3c131cd\/thumbnail.jpg","video_library_id":""}
2025-09-20 22:14:46 SWITCH CASE DEBUG - ABOUT TO ENTER SWITCH
2025-09-20 22:14:46 SWITCH CASE DEBUG - ENTERED VIDEO CASE
2025-09-20 22:14:46 COURSES_CONTROLLER DEBUG - quizData: null
2025-09-20 22:14:46 COURSES_CONTROLLER DEBUG - currentItem: {"id":"1","unit_id":"1","unit_name":"\u0627\u0633\u0645 \u0627\u0644\u0648\u062d\u062f\u0629 *","item_type":"video","title":"\u0645\u0627 \u0647\u0648 \u0627\u062e\u062a\u0628\u0627\u0631 TOFAS .mkv","description":"","item_id":"","duration":533,"thumbnail":"https:\/\/vz-495222.b-cdn.net\/7a461808-1048-4d73-afdd-985bb3c131cd\/thumbnail.jpg","metadata":{"video_id":"7a461808-1048-4d73-afdd-985bb3c131cd","file_size":154202982,"video_title":"\u0645\u0627 \u0647\u0648 \u0627\u062e\u062a\u0628\u0627\u0631 TOFAS .mkv","collection_id":"6d877b87-0faf-4841-b82f-b00e01a6c4ec","video_quality":"2060x1080","video_duration":533,"video_thumbnail":"https:\/\/vz-495222.b-cdn.net\/7a461808-1048-4d73-afdd-985bb3c131cd\/thumbnail.jpg","video_library_id":""},"quiz_details":null,"page_details":null,"is_preview":false}
2025-09-20 22:14:46 COURSES_CONTROLLER DEBUG - requestedItemId: 1
2025-09-20 22:14:46 COURSES_CONTROLLER DEBUG - flatItems count: 3
2025-09-20 22:14:46 COURSE_VIEW DEBUG - current_item: {"id":"1","unit_id":"1","unit_name":"\u0627\u0633\u0645 \u0627\u0644\u0648\u062d\u062f\u0629 *","item_type":"video","title":"\u0645\u0627 \u0647\u0648 \u0627\u062e\u062a\u0628\u0627\u0631 TOFAS .mkv","description":"","item_id":"","duration":533,"thumbnail":"https:\/\/vz-495222.b-cdn.net\/7a461808-1048-4d73-afdd-985bb3c131cd\/thumbnail.jpg","metadata":{"video_id":"7a461808-1048-4d73-afdd-985bb3c131cd","file_size":154202982,"video_title":"\u0645\u0627 \u0647\u0648 \u0627\u062e\u062a\u0628\u0627\u0631 TOFAS .mkv","collection_id":"6d877b87-0faf-4841-b82f-b00e01a6c4ec","video_quality":"2060x1080","video_duration":533,"video_thumbnail":"https:\/\/vz-495222.b-cdn.net\/7a461808-1048-4d73-afdd-985bb3c131cd\/thumbnail.jpg","video_library_id":""},"quiz_details":null,"page_details":null,"is_preview":false}
2025-09-20 22:14:46 COURSE_VIEW DEBUG - current_id: 1
2025-09-20 22:14:46 COURSE_VIEW DEBUG - course_id: 1
2025-09-20 22:14:46 PROGRESS_CONTROLLER DEBUG - AJAX request received
2025-09-20 22:14:46 PROGRESS_CONTROLLER DEBUG - Raw input: {"unit_id":2,"course_id":1,"item_id":4}
2025-09-20 22:15:22 SWITCH CASE DEBUG - ENTERING IF BLOCK
2025-09-20 22:15:22 SWITCH CASE DEBUG - item_type: video
2025-09-20 22:15:22 SWITCH CASE DEBUG - metadata: {"video_id":"7a461808-1048-4d73-afdd-985bb3c131cd","file_size":154202982,"video_title":"\u0645\u0627 \u0647\u0648 \u0627\u062e\u062a\u0628\u0627\u0631 TOFAS .mkv","collection_id":"6d877b87-0faf-4841-b82f-b00e01a6c4ec","video_quality":"2060x1080","video_duration":533,"video_thumbnail":"https:\/\/vz-495222.b-cdn.net\/7a461808-1048-4d73-afdd-985bb3c131cd\/thumbnail.jpg","video_library_id":""}
2025-09-20 22:15:22 SWITCH CASE DEBUG - ABOUT TO ENTER SWITCH
2025-09-20 22:15:22 SWITCH CASE DEBUG - ENTERED VIDEO CASE
2025-09-20 22:15:22 COURSES_CONTROLLER DEBUG - quizData: null
2025-09-20 22:15:22 COURSES_CONTROLLER DEBUG - currentItem: {"id":"1","unit_id":"1","unit_name":"\u0627\u0633\u0645 \u0627\u0644\u0648\u062d\u062f\u0629 *","item_type":"video","title":"\u0645\u0627 \u0647\u0648 \u0627\u062e\u062a\u0628\u0627\u0631 TOFAS .mkv","description":"","item_id":"","duration":533,"thumbnail":"https:\/\/vz-495222.b-cdn.net\/7a461808-1048-4d73-afdd-985bb3c131cd\/thumbnail.jpg","metadata":{"video_id":"7a461808-1048-4d73-afdd-985bb3c131cd","file_size":154202982,"video_title":"\u0645\u0627 \u0647\u0648 \u0627\u062e\u062a\u0628\u0627\u0631 TOFAS .mkv","collection_id":"6d877b87-0faf-4841-b82f-b00e01a6c4ec","video_quality":"2060x1080","video_duration":533,"video_thumbnail":"https:\/\/vz-495222.b-cdn.net\/7a461808-1048-4d73-afdd-985bb3c131cd\/thumbnail.jpg","video_library_id":""},"quiz_details":null,"page_details":null,"is_preview":false}
2025-09-20 22:15:22 COURSES_CONTROLLER DEBUG - requestedItemId: 1
2025-09-20 22:15:22 COURSES_CONTROLLER DEBUG - flatItems count: 3
2025-09-20 22:15:22 COURSE_VIEW DEBUG - current_item: {"id":"1","unit_id":"1","unit_name":"\u0627\u0633\u0645 \u0627\u0644\u0648\u062d\u062f\u0629 *","item_type":"video","title":"\u0645\u0627 \u0647\u0648 \u0627\u062e\u062a\u0628\u0627\u0631 TOFAS .mkv","description":"","item_id":"","duration":533,"thumbnail":"https:\/\/vz-495222.b-cdn.net\/7a461808-1048-4d73-afdd-985bb3c131cd\/thumbnail.jpg","metadata":{"video_id":"7a461808-1048-4d73-afdd-985bb3c131cd","file_size":154202982,"video_title":"\u0645\u0627 \u0647\u0648 \u0627\u062e\u062a\u0628\u0627\u0631 TOFAS .mkv","collection_id":"6d877b87-0faf-4841-b82f-b00e01a6c4ec","video_quality":"2060x1080","video_duration":533,"video_thumbnail":"https:\/\/vz-495222.b-cdn.net\/7a461808-1048-4d73-afdd-985bb3c131cd\/thumbnail.jpg","video_library_id":""},"quiz_details":null,"page_details":null,"is_preview":false}
2025-09-20 22:15:22 COURSE_VIEW DEBUG - current_id: 1
2025-09-20 22:15:22 COURSE_VIEW DEBUG - course_id: 1
2025-09-20 22:15:22 PROGRESS_CONTROLLER DEBUG - AJAX request received
2025-09-20 22:15:22 PROGRESS_CONTROLLER DEBUG - Raw input: {"unit_id":2,"course_id":1,"item_id":4}
2025-09-20 22:15:22 PROGRESS_CONTROLLER DEBUG - User ID: 1
2025-09-20 22:15:22 PROGRESS_CONTROLLER DEBUG - Parsed input: {"unit_id":2,"course_id":1,"item_id":4}
2025-09-20 22:15:22 PROGRESS_CONTROLLER DEBUG - Unit ID: 2
2025-09-20 22:15:22 PROGRESS_CONTROLLER DEBUG - Course ID: 1
2025-09-20 22:15:22 PROGRESS_CONTROLLER DEBUG - Item ID: 4
2025-09-20 22:15:22 PROGRESS_CONTROLLER DEBUG - isUserEnrolled result: true
2025-09-20 22:15:22 PROGRESS_CONTROLLER DEBUG - Looking for enrollment with userId=1, unitId=2
2025-09-20 22:15:22 PROGRESS_CONTROLLER DEBUG - Enrollment found: NULL
2025-09-20 22:16:27 SWITCH CASE DEBUG - ENTERING IF BLOCK
2025-09-20 22:16:27 SWITCH CASE DEBUG - item_type: video
2025-09-20 22:16:27 SWITCH CASE DEBUG - metadata: {"video_id":"7a461808-1048-4d73-afdd-985bb3c131cd","file_size":154202982,"video_title":"\u0645\u0627 \u0647\u0648 \u0627\u062e\u062a\u0628\u0627\u0631 TOFAS .mkv","collection_id":"6d877b87-0faf-4841-b82f-b00e01a6c4ec","video_quality":"2060x1080","video_duration":533,"video_thumbnail":"https:\/\/vz-495222.b-cdn.net\/7a461808-1048-4d73-afdd-985bb3c131cd\/thumbnail.jpg","video_library_id":""}
2025-09-20 22:16:27 SWITCH CASE DEBUG - ABOUT TO ENTER SWITCH
2025-09-20 22:16:27 SWITCH CASE DEBUG - ENTERED VIDEO CASE
2025-09-20 22:16:27 COURSES_CONTROLLER DEBUG - quizData: null
2025-09-20 22:16:27 COURSES_CONTROLLER DEBUG - currentItem: {"id":"1","unit_id":"1","unit_name":"\u0627\u0633\u0645 \u0627\u0644\u0648\u062d\u062f\u0629 *","item_type":"video","title":"\u0645\u0627 \u0647\u0648 \u0627\u062e\u062a\u0628\u0627\u0631 TOFAS .mkv","description":"","item_id":"","duration":533,"thumbnail":"https:\/\/vz-495222.b-cdn.net\/7a461808-1048-4d73-afdd-985bb3c131cd\/thumbnail.jpg","metadata":{"video_id":"7a461808-1048-4d73-afdd-985bb3c131cd","file_size":154202982,"video_title":"\u0645\u0627 \u0647\u0648 \u0627\u062e\u062a\u0628\u0627\u0631 TOFAS .mkv","collection_id":"6d877b87-0faf-4841-b82f-b00e01a6c4ec","video_quality":"2060x1080","video_duration":533,"video_thumbnail":"https:\/\/vz-495222.b-cdn.net\/7a461808-1048-4d73-afdd-985bb3c131cd\/thumbnail.jpg","video_library_id":""},"quiz_details":null,"page_details":null,"is_preview":false}
2025-09-20 22:16:27 COURSES_CONTROLLER DEBUG - requestedItemId: 1
2025-09-20 22:16:27 COURSES_CONTROLLER DEBUG - flatItems count: 7
2025-09-20 22:16:27 COURSE_VIEW DEBUG - current_item: {"id":"1","unit_id":"1","unit_name":"\u0627\u0633\u0645 \u0627\u0644\u0648\u062d\u062f\u0629 *","item_type":"video","title":"\u0645\u0627 \u0647\u0648 \u0627\u062e\u062a\u0628\u0627\u0631 TOFAS .mkv","description":"","item_id":"","duration":533,"thumbnail":"https:\/\/vz-495222.b-cdn.net\/7a461808-1048-4d73-afdd-985bb3c131cd\/thumbnail.jpg","metadata":{"video_id":"7a461808-1048-4d73-afdd-985bb3c131cd","file_size":154202982,"video_title":"\u0645\u0627 \u0647\u0648 \u0627\u062e\u062a\u0628\u0627\u0631 TOFAS .mkv","collection_id":"6d877b87-0faf-4841-b82f-b00e01a6c4ec","video_quality":"2060x1080","video_duration":533,"video_thumbnail":"https:\/\/vz-495222.b-cdn.net\/7a461808-1048-4d73-afdd-985bb3c131cd\/thumbnail.jpg","video_library_id":""},"quiz_details":null,"page_details":null,"is_preview":false}
2025-09-20 22:16:27 COURSE_VIEW DEBUG - current_id: 1
2025-09-20 22:16:27 COURSE_VIEW DEBUG - course_id: 1
2025-09-20 22:16:28 PROGRESS_CONTROLLER DEBUG - AJAX request received
2025-09-20 22:16:28 PROGRESS_CONTROLLER DEBUG - Raw input: {"unit_id":2,"course_id":1,"item_id":4}
2025-09-20 22:16:28 PROGRESS_CONTROLLER DEBUG - User ID: 1
2025-09-20 22:16:28 PROGRESS_CONTROLLER DEBUG - Parsed input: {"unit_id":2,"course_id":1,"item_id":4}
2025-09-20 22:16:28 PROGRESS_CONTROLLER DEBUG - Unit ID: 2
2025-09-20 22:16:28 PROGRESS_CONTROLLER DEBUG - Course ID: 1
2025-09-20 22:16:28 PROGRESS_CONTROLLER DEBUG - Item ID: 4
2025-09-20 22:16:28 PROGRESS_CONTROLLER DEBUG - isUserEnrolled result: true
2025-09-20 22:16:28 PROGRESS_CONTROLLER DEBUG - Looking for enrollment with userId=1, unitId=2
2025-09-20 22:16:28 PROGRESS_CONTROLLER DEBUG - Enrollment found: NULL
2025-09-20 22:17:59 SWITCH CASE DEBUG - ENTERING IF BLOCK
2025-09-20 22:17:59 SWITCH CASE DEBUG - item_type: video
2025-09-20 22:17:59 SWITCH CASE DEBUG - metadata: {"video_id":"7a461808-1048-4d73-afdd-985bb3c131cd","file_size":154202982,"video_title":"\u0645\u0627 \u0647\u0648 \u0627\u062e\u062a\u0628\u0627\u0631 TOFAS .mkv","collection_id":"6d877b87-0faf-4841-b82f-b00e01a6c4ec","video_quality":"2060x1080","video_duration":533,"video_thumbnail":"https:\/\/vz-495222.b-cdn.net\/7a461808-1048-4d73-afdd-985bb3c131cd\/thumbnail.jpg","video_library_id":""}
2025-09-20 22:17:59 SWITCH CASE DEBUG - ABOUT TO ENTER SWITCH
2025-09-20 22:17:59 SWITCH CASE DEBUG - ENTERED VIDEO CASE
2025-09-20 22:17:59 COURSES_CONTROLLER DEBUG - quizData: null
2025-09-20 22:17:59 COURSES_CONTROLLER DEBUG - currentItem: {"id":"1","unit_id":"1","unit_name":"\u0627\u0633\u0645 \u0627\u0644\u0648\u062d\u062f\u0629 *","item_type":"video","title":"\u0645\u0627 \u0647\u0648 \u0627\u062e\u062a\u0628\u0627\u0631 TOFAS .mkv","description":"","item_id":"","duration":533,"thumbnail":"https:\/\/vz-495222.b-cdn.net\/7a461808-1048-4d73-afdd-985bb3c131cd\/thumbnail.jpg","metadata":{"video_id":"7a461808-1048-4d73-afdd-985bb3c131cd","file_size":154202982,"video_title":"\u0645\u0627 \u0647\u0648 \u0627\u062e\u062a\u0628\u0627\u0631 TOFAS .mkv","collection_id":"6d877b87-0faf-4841-b82f-b00e01a6c4ec","video_quality":"2060x1080","video_duration":533,"video_thumbnail":"https:\/\/vz-495222.b-cdn.net\/7a461808-1048-4d73-afdd-985bb3c131cd\/thumbnail.jpg","video_library_id":""},"quiz_details":null,"page_details":null,"is_preview":false}
2025-09-20 22:17:59 COURSES_CONTROLLER DEBUG - requestedItemId: 1
2025-09-20 22:17:59 COURSES_CONTROLLER DEBUG - flatItems count: 7
2025-09-20 22:17:59 COURSE_VIEW DEBUG - current_item: {"id":"1","unit_id":"1","unit_name":"\u0627\u0633\u0645 \u0627\u0644\u0648\u062d\u062f\u0629 *","item_type":"video","title":"\u0645\u0627 \u0647\u0648 \u0627\u062e\u062a\u0628\u0627\u0631 TOFAS .mkv","description":"","item_id":"","duration":533,"thumbnail":"https:\/\/vz-495222.b-cdn.net\/7a461808-1048-4d73-afdd-985bb3c131cd\/thumbnail.jpg","metadata":{"video_id":"7a461808-1048-4d73-afdd-985bb3c131cd","file_size":154202982,"video_title":"\u0645\u0627 \u0647\u0648 \u0627\u062e\u062a\u0628\u0627\u0631 TOFAS .mkv","collection_id":"6d877b87-0faf-4841-b82f-b00e01a6c4ec","video_quality":"2060x1080","video_duration":533,"video_thumbnail":"https:\/\/vz-495222.b-cdn.net\/7a461808-1048-4d73-afdd-985bb3c131cd\/thumbnail.jpg","video_library_id":""},"quiz_details":null,"page_details":null,"is_preview":false}
2025-09-20 22:17:59 COURSE_VIEW DEBUG - current_id: 1
2025-09-20 22:17:59 COURSE_VIEW DEBUG - course_id: 1
2025-09-20 22:18:00 PROGRESS_CONTROLLER DEBUG - AJAX request received
2025-09-20 22:18:00 PROGRESS_CONTROLLER DEBUG - Raw input: {"unit_id":2,"course_id":1,"item_id":4}
2025-09-20 22:18:00 PROGRESS_CONTROLLER DEBUG - User ID: 1
2025-09-20 22:18:00 PROGRESS_CONTROLLER DEBUG - Parsed input: {"unit_id":2,"course_id":1,"item_id":4}
2025-09-20 22:18:00 PROGRESS_CONTROLLER DEBUG - Unit ID: 2
2025-09-20 22:18:00 PROGRESS_CONTROLLER DEBUG - Course ID: 1
2025-09-20 22:18:00 PROGRESS_CONTROLLER DEBUG - Item ID: 4
2025-09-20 22:18:00 PROGRESS_CONTROLLER DEBUG - isUserEnrolled result: true
2025-09-20 22:18:00 PROGRESS_CONTROLLER DEBUG - Looking for enrollment with userId=1, unitId=2
2025-09-20 22:18:00 PROGRESS_CONTROLLER DEBUG - Enrollment found: {"id":"2","user_id":"1","unit_ids":"[\"2\"]","total_amount":"0.00","payment_proof":null,"payment_method":"instapay","status":"approved","admin_notes":null,"processed_by":null,"processed_at":null,"created_at":"2025-09-20 22:16:16","updated_at":"2025-09-20 22:17:37"}
2025-09-20 22:18:00 MARK_ITEM_COMPLETED DEBUG - Starting with userId=1, unitId=2, itemId=4, enrollmentId=2
2025-09-20 22:18:00 MARK_ITEM_COMPLETED DEBUG - Data to insert/update: {"user_id":1,"unit_id":2,"item_id":4,"enrollment_id":2,"progress_percentage":100,"is_completed":1,"completed_at":"2025-09-20 22:18:00","last_accessed_at":"2025-09-20 22:18:00"}
2025-09-20 22:18:00 MARK_ITEM_COMPLETED DEBUG - Existing record: NULL
2025-09-20 22:18:00 MARK_ITEM_COMPLETED DEBUG - Insert result: true, Insert ID: 2
2025-09-20 22:20:49 SWITCH CASE DEBUG - ENTERING IF BLOCK
2025-09-20 22:20:49 SWITCH CASE DEBUG - item_type: video
2025-09-20 22:20:49 SWITCH CASE DEBUG - metadata: {"video_id":"7a461808-1048-4d73-afdd-985bb3c131cd","file_size":154202982,"video_title":"\u0645\u0627 \u0647\u0648 \u0627\u062e\u062a\u0628\u0627\u0631 TOFAS .mkv","collection_id":"6d877b87-0faf-4841-b82f-b00e01a6c4ec","video_quality":"2060x1080","video_duration":533,"video_thumbnail":"https:\/\/vz-495222.b-cdn.net\/7a461808-1048-4d73-afdd-985bb3c131cd\/thumbnail.jpg","video_library_id":""}
2025-09-20 22:20:49 SWITCH CASE DEBUG - ABOUT TO ENTER SWITCH
2025-09-20 22:20:49 SWITCH CASE DEBUG - ENTERED VIDEO CASE
2025-09-20 22:20:49 COURSES_CONTROLLER DEBUG - quizData: null
2025-09-20 22:20:49 COURSES_CONTROLLER DEBUG - currentItem: {"id":"1","unit_id":"1","unit_name":"\u0627\u0633\u0645 \u0627\u0644\u0648\u062d\u062f\u0629 *","item_type":"video","title":"\u0645\u0627 \u0647\u0648 \u0627\u062e\u062a\u0628\u0627\u0631 TOFAS .mkv","description":"","item_id":"","duration":533,"thumbnail":"https:\/\/vz-495222.b-cdn.net\/7a461808-1048-4d73-afdd-985bb3c131cd\/thumbnail.jpg","metadata":{"video_id":"7a461808-1048-4d73-afdd-985bb3c131cd","file_size":154202982,"video_title":"\u0645\u0627 \u0647\u0648 \u0627\u062e\u062a\u0628\u0627\u0631 TOFAS .mkv","collection_id":"6d877b87-0faf-4841-b82f-b00e01a6c4ec","video_quality":"2060x1080","video_duration":533,"video_thumbnail":"https:\/\/vz-495222.b-cdn.net\/7a461808-1048-4d73-afdd-985bb3c131cd\/thumbnail.jpg","video_library_id":""},"quiz_details":null,"page_details":null,"is_preview":false}
2025-09-20 22:20:49 COURSES_CONTROLLER DEBUG - requestedItemId: 1
2025-09-20 22:20:49 COURSES_CONTROLLER DEBUG - flatItems count: 7
2025-09-20 22:20:49 COURSE_VIEW DEBUG - current_item: {"id":"1","unit_id":"1","unit_name":"\u0627\u0633\u0645 \u0627\u0644\u0648\u062d\u062f\u0629 *","item_type":"video","title":"\u0645\u0627 \u0647\u0648 \u0627\u062e\u062a\u0628\u0627\u0631 TOFAS .mkv","description":"","item_id":"","duration":533,"thumbnail":"https:\/\/vz-495222.b-cdn.net\/7a461808-1048-4d73-afdd-985bb3c131cd\/thumbnail.jpg","metadata":{"video_id":"7a461808-1048-4d73-afdd-985bb3c131cd","file_size":154202982,"video_title":"\u0645\u0627 \u0647\u0648 \u0627\u062e\u062a\u0628\u0627\u0631 TOFAS .mkv","collection_id":"6d877b87-0faf-4841-b82f-b00e01a6c4ec","video_quality":"2060x1080","video_duration":533,"video_thumbnail":"https:\/\/vz-495222.b-cdn.net\/7a461808-1048-4d73-afdd-985bb3c131cd\/thumbnail.jpg","video_library_id":""},"quiz_details":null,"page_details":null,"is_preview":false}
2025-09-20 22:20:49 COURSE_VIEW DEBUG - current_id: 1
2025-09-20 22:20:49 COURSE_VIEW DEBUG - course_id: 1
2025-09-20 22:21:18 SWITCH CASE DEBUG - ENTERING IF BLOCK
2025-09-20 22:21:18 SWITCH CASE DEBUG - item_type: video
2025-09-20 22:21:18 SWITCH CASE DEBUG - metadata: {"video_id":"7a461808-1048-4d73-afdd-985bb3c131cd","file_size":154202982,"video_title":"\u0645\u0627 \u0647\u0648 \u0627\u062e\u062a\u0628\u0627\u0631 TOFAS .mkv","collection_id":"6d877b87-0faf-4841-b82f-b00e01a6c4ec","video_quality":"2060x1080","video_duration":533,"video_thumbnail":"https:\/\/vz-495222.b-cdn.net\/7a461808-1048-4d73-afdd-985bb3c131cd\/thumbnail.jpg","video_library_id":""}
2025-09-20 22:21:18 SWITCH CASE DEBUG - ABOUT TO ENTER SWITCH
2025-09-20 22:21:18 SWITCH CASE DEBUG - ENTERED VIDEO CASE
2025-09-20 22:21:18 COURSES_CONTROLLER DEBUG - quizData: null
2025-09-20 22:21:18 COURSES_CONTROLLER DEBUG - currentItem: {"id":"1","unit_id":"1","unit_name":"\u0627\u0633\u0645 \u0627\u0644\u0648\u062d\u062f\u0629 *","item_type":"video","title":"\u0645\u0627 \u0647\u0648 \u0627\u062e\u062a\u0628\u0627\u0631 TOFAS .mkv","description":"","item_id":"","duration":533,"thumbnail":"https:\/\/vz-495222.b-cdn.net\/7a461808-1048-4d73-afdd-985bb3c131cd\/thumbnail.jpg","metadata":{"video_id":"7a461808-1048-4d73-afdd-985bb3c131cd","file_size":154202982,"video_title":"\u0645\u0627 \u0647\u0648 \u0627\u062e\u062a\u0628\u0627\u0631 TOFAS .mkv","collection_id":"6d877b87-0faf-4841-b82f-b00e01a6c4ec","video_quality":"2060x1080","video_duration":533,"video_thumbnail":"https:\/\/vz-495222.b-cdn.net\/7a461808-1048-4d73-afdd-985bb3c131cd\/thumbnail.jpg","video_library_id":""},"quiz_details":null,"page_details":null,"is_preview":false}
2025-09-20 22:21:18 COURSES_CONTROLLER DEBUG - requestedItemId: 1
2025-09-20 22:21:18 COURSES_CONTROLLER DEBUG - flatItems count: 7
2025-09-20 22:21:18 COURSE_VIEW DEBUG - current_item: {"id":"1","unit_id":"1","unit_name":"\u0627\u0633\u0645 \u0627\u0644\u0648\u062d\u062f\u0629 *","item_type":"video","title":"\u0645\u0627 \u0647\u0648 \u0627\u062e\u062a\u0628\u0627\u0631 TOFAS .mkv","description":"","item_id":"","duration":533,"thumbnail":"https:\/\/vz-495222.b-cdn.net\/7a461808-1048-4d73-afdd-985bb3c131cd\/thumbnail.jpg","metadata":{"video_id":"7a461808-1048-4d73-afdd-985bb3c131cd","file_size":154202982,"video_title":"\u0645\u0627 \u0647\u0648 \u0627\u062e\u062a\u0628\u0627\u0631 TOFAS .mkv","collection_id":"6d877b87-0faf-4841-b82f-b00e01a6c4ec","video_quality":"2060x1080","video_duration":533,"video_thumbnail":"https:\/\/vz-495222.b-cdn.net\/7a461808-1048-4d73-afdd-985bb3c131cd\/thumbnail.jpg","video_library_id":""},"quiz_details":null,"page_details":null,"is_preview":false}
2025-09-20 22:21:18 COURSE_VIEW DEBUG - current_id: 1
2025-09-20 22:21:18 COURSE_VIEW DEBUG - course_id: 1
2025-09-20 22:21:19 PROGRESS_CONTROLLER DEBUG - AJAX request received
2025-09-20 22:21:19 PROGRESS_CONTROLLER DEBUG - Raw input: {"unit_id":2,"course_id":1,"item_id":4}
2025-09-20 22:21:19 PROGRESS_CONTROLLER DEBUG - User ID: 1
2025-09-20 22:21:19 PROGRESS_CONTROLLER DEBUG - Parsed input: {"unit_id":2,"course_id":1,"item_id":4}
2025-09-20 22:21:19 PROGRESS_CONTROLLER DEBUG - Unit ID: 2
2025-09-20 22:21:19 PROGRESS_CONTROLLER DEBUG - Course ID: 1
2025-09-20 22:21:19 PROGRESS_CONTROLLER DEBUG - Item ID: 4
2025-09-20 22:21:19 PROGRESS_CONTROLLER DEBUG - isUserEnrolled result: true
2025-09-20 22:21:19 PROGRESS_CONTROLLER DEBUG - Looking for enrollment with userId=1, unitId=2
2025-09-20 22:21:19 PROGRESS_CONTROLLER DEBUG - Enrollment found: {"id":"2","user_id":"1","unit_ids":"[\"2\"]","total_amount":"0.00","payment_proof":null,"payment_method":"instapay","status":"approved","admin_notes":null,"processed_by":null,"processed_at":null,"created_at":"2025-09-20 22:16:16","updated_at":"2025-09-20 22:17:37"}
2025-09-20 22:21:19 MARK_ITEM_COMPLETED DEBUG - Starting with userId=1, unitId=2, itemId=4, enrollmentId=2
2025-09-20 22:21:19 MARK_ITEM_COMPLETED DEBUG - Data to insert/update: {"user_id":1,"unit_id":2,"item_id":4,"enrollment_id":2,"progress_percentage":100,"is_completed":1,"completed_at":"2025-09-20 22:21:19","last_accessed_at":"2025-09-20 22:21:19"}
2025-09-20 22:21:19 MARK_ITEM_COMPLETED DEBUG - Existing record: {"id":"2","user_id":"1","unit_id":"2","item_id":"4","enrollment_id":"2","progress_percentage":"100.00","watch_time":"0","last_position":"0","is_completed":"1","completed_at":"2025-09-20 22:18:00","first_accessed_at":"2025-09-20 22:18:00","last_accessed_at":"2025-09-20 22:18:00","created_at":"2025-09-20 22:18:00","updated_at":"2025-09-20 22:18:00"}
2025-09-20 22:21:19 MARK_ITEM_COMPLETED DEBUG - Update result: true
2025-09-20 22:22:16 SWITCH CASE DEBUG - ENTERING IF BLOCK
2025-09-20 22:22:16 SWITCH CASE DEBUG - item_type: video
2025-09-20 22:22:16 SWITCH CASE DEBUG - metadata: {"video_id":"7a461808-1048-4d73-afdd-985bb3c131cd","file_size":154202982,"video_title":"\u0645\u0627 \u0647\u0648 \u0627\u062e\u062a\u0628\u0627\u0631 TOFAS .mkv","collection_id":"6d877b87-0faf-4841-b82f-b00e01a6c4ec","video_quality":"2060x1080","video_duration":533,"video_thumbnail":"https:\/\/vz-495222.b-cdn.net\/7a461808-1048-4d73-afdd-985bb3c131cd\/thumbnail.jpg","video_library_id":""}
2025-09-20 22:22:16 SWITCH CASE DEBUG - ABOUT TO ENTER SWITCH
2025-09-20 22:22:16 SWITCH CASE DEBUG - ENTERED VIDEO CASE
2025-09-20 22:22:16 COURSES_CONTROLLER DEBUG - quizData: null
2025-09-20 22:22:16 COURSES_CONTROLLER DEBUG - currentItem: {"id":"1","unit_id":"1","unit_name":"\u0627\u0633\u0645 \u0627\u0644\u0648\u062d\u062f\u0629 *","item_type":"video","title":"\u0645\u0627 \u0647\u0648 \u0627\u062e\u062a\u0628\u0627\u0631 TOFAS .mkv","description":"","item_id":"","duration":533,"thumbnail":"https:\/\/vz-495222.b-cdn.net\/7a461808-1048-4d73-afdd-985bb3c131cd\/thumbnail.jpg","metadata":{"video_id":"7a461808-1048-4d73-afdd-985bb3c131cd","file_size":154202982,"video_title":"\u0645\u0627 \u0647\u0648 \u0627\u062e\u062a\u0628\u0627\u0631 TOFAS .mkv","collection_id":"6d877b87-0faf-4841-b82f-b00e01a6c4ec","video_quality":"2060x1080","video_duration":533,"video_thumbnail":"https:\/\/vz-495222.b-cdn.net\/7a461808-1048-4d73-afdd-985bb3c131cd\/thumbnail.jpg","video_library_id":""},"quiz_details":null,"page_details":null,"is_preview":false}
2025-09-20 22:22:16 COURSES_CONTROLLER DEBUG - requestedItemId: 1
2025-09-20 22:22:16 COURSES_CONTROLLER DEBUG - flatItems count: 7
2025-09-20 22:22:16 COURSE_VIEW DEBUG - current_item: {"id":"1","unit_id":"1","unit_name":"\u0627\u0633\u0645 \u0627\u0644\u0648\u062d\u062f\u0629 *","item_type":"video","title":"\u0645\u0627 \u0647\u0648 \u0627\u062e\u062a\u0628\u0627\u0631 TOFAS .mkv","description":"","item_id":"","duration":533,"thumbnail":"https:\/\/vz-495222.b-cdn.net\/7a461808-1048-4d73-afdd-985bb3c131cd\/thumbnail.jpg","metadata":{"video_id":"7a461808-1048-4d73-afdd-985bb3c131cd","file_size":154202982,"video_title":"\u0645\u0627 \u0647\u0648 \u0627\u062e\u062a\u0628\u0627\u0631 TOFAS .mkv","collection_id":"6d877b87-0faf-4841-b82f-b00e01a6c4ec","video_quality":"2060x1080","video_duration":533,"video_thumbnail":"https:\/\/vz-495222.b-cdn.net\/7a461808-1048-4d73-afdd-985bb3c131cd\/thumbnail.jpg","video_library_id":""},"quiz_details":null,"page_details":null,"is_preview":false}
2025-09-20 22:22:16 COURSE_VIEW DEBUG - current_id: 1
2025-09-20 22:22:16 COURSE_VIEW DEBUG - course_id: 1
2025-09-20 22:22:17 PROGRESS_CONTROLLER DEBUG - AJAX request received
2025-09-20 22:22:17 PROGRESS_CONTROLLER DEBUG - Raw input: {"unit_id":2,"course_id":1,"item_id":4}
2025-09-20 22:22:17 PROGRESS_CONTROLLER DEBUG - User ID: 1
2025-09-20 22:22:17 PROGRESS_CONTROLLER DEBUG - Parsed input: {"unit_id":2,"course_id":1,"item_id":4}
2025-09-20 22:22:17 PROGRESS_CONTROLLER DEBUG - Unit ID: 2
2025-09-20 22:22:17 PROGRESS_CONTROLLER DEBUG - Course ID: 1
2025-09-20 22:22:17 PROGRESS_CONTROLLER DEBUG - Item ID: 4
2025-09-20 22:22:17 PROGRESS_CONTROLLER DEBUG - isUserEnrolled result: true
2025-09-20 22:22:17 PROGRESS_CONTROLLER DEBUG - Looking for enrollment with userId=1, unitId=2
2025-09-20 22:22:17 PROGRESS_CONTROLLER DEBUG - Enrollment found: {"id":"2","user_id":"1","unit_ids":"[\"2\"]","total_amount":"0.00","payment_proof":null,"payment_method":"instapay","status":"approved","admin_notes":null,"processed_by":null,"processed_at":null,"created_at":"2025-09-20 22:16:16","updated_at":"2025-09-20 22:17:37"}
2025-09-20 22:22:17 MARK_ITEM_COMPLETED DEBUG - Starting with userId=1, unitId=2, itemId=4, enrollmentId=2
2025-09-20 22:22:17 MARK_ITEM_COMPLETED DEBUG - Data to insert/update: {"user_id":1,"unit_id":2,"item_id":4,"enrollment_id":2,"progress_percentage":100,"is_completed":1,"completed_at":"2025-09-20 22:22:17","last_accessed_at":"2025-09-20 22:22:17"}
2025-09-20 22:22:17 MARK_ITEM_COMPLETED DEBUG - Existing record: {"id":"2","user_id":"1","unit_id":"2","item_id":"4","enrollment_id":"2","progress_percentage":"100.00","watch_time":"0","last_position":"0","is_completed":"1","completed_at":"2025-09-20 22:21:19","first_accessed_at":"2025-09-20 22:18:00","last_accessed_at":"2025-09-20 22:21:19","created_at":"2025-09-20 22:18:00","updated_at":"2025-09-20 22:21:19"}
2025-09-20 22:22:17 MARK_ITEM_COMPLETED DEBUG - Update result: true
2025-09-20 22:22:37 SWITCH CASE DEBUG - ENTERING IF BLOCK
2025-09-20 22:22:37 SWITCH CASE DEBUG - item_type: video
2025-09-20 22:22:37 SWITCH CASE DEBUG - metadata: {"video_id":"7a461808-1048-4d73-afdd-985bb3c131cd","file_size":154202982,"video_title":"\u0645\u0627 \u0647\u0648 \u0627\u062e\u062a\u0628\u0627\u0631 TOFAS .mkv","collection_id":"6d877b87-0faf-4841-b82f-b00e01a6c4ec","video_quality":"2060x1080","video_duration":533,"video_thumbnail":"https:\/\/vz-495222.b-cdn.net\/7a461808-1048-4d73-afdd-985bb3c131cd\/thumbnail.jpg","video_library_id":""}
2025-09-20 22:22:37 SWITCH CASE DEBUG - ABOUT TO ENTER SWITCH
2025-09-20 22:22:37 SWITCH CASE DEBUG - ENTERED VIDEO CASE
2025-09-20 22:22:37 COURSES_CONTROLLER DEBUG - quizData: null
2025-09-20 22:22:37 COURSES_CONTROLLER DEBUG - currentItem: {"id":"1","unit_id":"1","unit_name":"\u0627\u0633\u0645 \u0627\u0644\u0648\u062d\u062f\u0629 *","item_type":"video","title":"\u0645\u0627 \u0647\u0648 \u0627\u062e\u062a\u0628\u0627\u0631 TOFAS .mkv","description":"","item_id":"","duration":533,"thumbnail":"https:\/\/vz-495222.b-cdn.net\/7a461808-1048-4d73-afdd-985bb3c131cd\/thumbnail.jpg","metadata":{"video_id":"7a461808-1048-4d73-afdd-985bb3c131cd","file_size":154202982,"video_title":"\u0645\u0627 \u0647\u0648 \u0627\u062e\u062a\u0628\u0627\u0631 TOFAS .mkv","collection_id":"6d877b87-0faf-4841-b82f-b00e01a6c4ec","video_quality":"2060x1080","video_duration":533,"video_thumbnail":"https:\/\/vz-495222.b-cdn.net\/7a461808-1048-4d73-afdd-985bb3c131cd\/thumbnail.jpg","video_library_id":""},"quiz_details":null,"page_details":null,"is_preview":false}
2025-09-20 22:22:37 COURSES_CONTROLLER DEBUG - requestedItemId: 1
2025-09-20 22:22:37 COURSES_CONTROLLER DEBUG - flatItems count: 7
2025-09-20 22:22:37 COURSE_VIEW DEBUG - current_item: {"id":"1","unit_id":"1","unit_name":"\u0627\u0633\u0645 \u0627\u0644\u0648\u062d\u062f\u0629 *","item_type":"video","title":"\u0645\u0627 \u0647\u0648 \u0627\u062e\u062a\u0628\u0627\u0631 TOFAS .mkv","description":"","item_id":"","duration":533,"thumbnail":"https:\/\/vz-495222.b-cdn.net\/7a461808-1048-4d73-afdd-985bb3c131cd\/thumbnail.jpg","metadata":{"video_id":"7a461808-1048-4d73-afdd-985bb3c131cd","file_size":154202982,"video_title":"\u0645\u0627 \u0647\u0648 \u0627\u062e\u062a\u0628\u0627\u0631 TOFAS .mkv","collection_id":"6d877b87-0faf-4841-b82f-b00e01a6c4ec","video_quality":"2060x1080","video_duration":533,"video_thumbnail":"https:\/\/vz-495222.b-cdn.net\/7a461808-1048-4d73-afdd-985bb3c131cd\/thumbnail.jpg","video_library_id":""},"quiz_details":null,"page_details":null,"is_preview":false}
2025-09-20 22:22:37 COURSE_VIEW DEBUG - current_id: 1
2025-09-20 22:22:37 COURSE_VIEW DEBUG - course_id: 1
2025-09-20 22:22:38 PROGRESS_CONTROLLER DEBUG - AJAX request received
2025-09-20 22:22:38 PROGRESS_CONTROLLER DEBUG - Raw input: {"unit_id":2,"course_id":1,"item_id":4}
2025-09-20 22:22:38 PROGRESS_CONTROLLER DEBUG - User ID: 1
2025-09-20 22:22:38 PROGRESS_CONTROLLER DEBUG - Parsed input: {"unit_id":2,"course_id":1,"item_id":4}
2025-09-20 22:22:38 PROGRESS_CONTROLLER DEBUG - Unit ID: 2
2025-09-20 22:22:38 PROGRESS_CONTROLLER DEBUG - Course ID: 1
2025-09-20 22:22:38 PROGRESS_CONTROLLER DEBUG - Item ID: 4
2025-09-20 22:22:38 PROGRESS_CONTROLLER DEBUG - isUserEnrolled result: true
2025-09-20 22:22:38 PROGRESS_CONTROLLER DEBUG - Looking for enrollment with userId=1, unitId=2
2025-09-20 22:22:38 PROGRESS_CONTROLLER DEBUG - Enrollment found: {"id":"2","user_id":"1","unit_ids":"[\"2\"]","total_amount":"0.00","payment_proof":null,"payment_method":"instapay","status":"approved","admin_notes":null,"processed_by":null,"processed_at":null,"created_at":"2025-09-20 22:16:16","updated_at":"2025-09-20 22:17:37"}
2025-09-20 22:22:38 MARK_ITEM_COMPLETED DEBUG - Starting with userId=1, unitId=2, itemId=4, enrollmentId=2
2025-09-20 22:22:38 MARK_ITEM_COMPLETED DEBUG - Data to insert/update: {"user_id":1,"unit_id":2,"item_id":4,"enrollment_id":2,"progress_percentage":100,"is_completed":1,"completed_at":"2025-09-20 22:22:38","last_accessed_at":"2025-09-20 22:22:38"}
2025-09-20 22:22:38 MARK_ITEM_COMPLETED DEBUG - Existing record: {"id":"2","user_id":"1","unit_id":"2","item_id":"4","enrollment_id":"2","progress_percentage":"100.00","watch_time":"0","last_position":"0","is_completed":"1","completed_at":"2025-09-20 22:22:17","first_accessed_at":"2025-09-20 22:18:00","last_accessed_at":"2025-09-20 22:22:17","created_at":"2025-09-20 22:18:00","updated_at":"2025-09-20 22:22:17"}
2025-09-20 22:22:38 MARK_ITEM_COMPLETED DEBUG - Update result: true
2025-09-20 22:23:31 SWITCH CASE DEBUG - ENTERING IF BLOCK
2025-09-20 22:23:31 SWITCH CASE DEBUG - item_type: video
2025-09-20 22:23:31 SWITCH CASE DEBUG - metadata: {"video_id":"7a461808-1048-4d73-afdd-985bb3c131cd","file_size":154202982,"video_title":"\u0645\u0627 \u0647\u0648 \u0627\u062e\u062a\u0628\u0627\u0631 TOFAS .mkv","collection_id":"6d877b87-0faf-4841-b82f-b00e01a6c4ec","video_quality":"2060x1080","video_duration":533,"video_thumbnail":"https:\/\/vz-495222.b-cdn.net\/7a461808-1048-4d73-afdd-985bb3c131cd\/thumbnail.jpg","video_library_id":""}
2025-09-20 22:23:31 SWITCH CASE DEBUG - ABOUT TO ENTER SWITCH
2025-09-20 22:23:31 SWITCH CASE DEBUG - ENTERED VIDEO CASE
2025-09-20 22:23:31 COURSES_CONTROLLER DEBUG - quizData: null
2025-09-20 22:23:31 COURSES_CONTROLLER DEBUG - currentItem: {"id":"1","unit_id":"1","unit_name":"\u0627\u0633\u0645 \u0627\u0644\u0648\u062d\u062f\u0629 *","item_type":"video","title":"\u0645\u0627 \u0647\u0648 \u0627\u062e\u062a\u0628\u0627\u0631 TOFAS .mkv","description":"","item_id":"","duration":533,"thumbnail":"https:\/\/vz-495222.b-cdn.net\/7a461808-1048-4d73-afdd-985bb3c131cd\/thumbnail.jpg","metadata":{"video_id":"7a461808-1048-4d73-afdd-985bb3c131cd","file_size":154202982,"video_title":"\u0645\u0627 \u0647\u0648 \u0627\u062e\u062a\u0628\u0627\u0631 TOFAS .mkv","collection_id":"6d877b87-0faf-4841-b82f-b00e01a6c4ec","video_quality":"2060x1080","video_duration":533,"video_thumbnail":"https:\/\/vz-495222.b-cdn.net\/7a461808-1048-4d73-afdd-985bb3c131cd\/thumbnail.jpg","video_library_id":""},"quiz_details":null,"page_details":null,"is_preview":false}
2025-09-20 22:23:31 COURSES_CONTROLLER DEBUG - requestedItemId: 1
2025-09-20 22:23:31 COURSES_CONTROLLER DEBUG - flatItems count: 7
2025-09-20 22:23:31 COURSE_VIEW DEBUG - current_item: {"id":"1","unit_id":"1","unit_name":"\u0627\u0633\u0645 \u0627\u0644\u0648\u062d\u062f\u0629 *","item_type":"video","title":"\u0645\u0627 \u0647\u0648 \u0627\u062e\u062a\u0628\u0627\u0631 TOFAS .mkv","description":"","item_id":"","duration":533,"thumbnail":"https:\/\/vz-495222.b-cdn.net\/7a461808-1048-4d73-afdd-985bb3c131cd\/thumbnail.jpg","metadata":{"video_id":"7a461808-1048-4d73-afdd-985bb3c131cd","file_size":154202982,"video_title":"\u0645\u0627 \u0647\u0648 \u0627\u062e\u062a\u0628\u0627\u0631 TOFAS .mkv","collection_id":"6d877b87-0faf-4841-b82f-b00e01a6c4ec","video_quality":"2060x1080","video_duration":533,"video_thumbnail":"https:\/\/vz-495222.b-cdn.net\/7a461808-1048-4d73-afdd-985bb3c131cd\/thumbnail.jpg","video_library_id":""},"quiz_details":null,"page_details":null,"is_preview":false}
2025-09-20 22:23:31 COURSE_VIEW DEBUG - current_id: 1
2025-09-20 22:23:31 COURSE_VIEW DEBUG - course_id: 1
2025-09-20 22:23:37 PROGRESS_CONTROLLER DEBUG - AJAX request received
2025-09-20 22:23:37 PROGRESS_CONTROLLER DEBUG - Raw input: {"unit_id":1,"course_id":1,"item_id":1}
2025-09-20 22:23:37 PROGRESS_CONTROLLER DEBUG - User ID: 1
2025-09-20 22:23:37 PROGRESS_CONTROLLER DEBUG - Parsed input: {"unit_id":1,"course_id":1,"item_id":1}
2025-09-20 22:23:37 PROGRESS_CONTROLLER DEBUG - Unit ID: 1
2025-09-20 22:23:37 PROGRESS_CONTROLLER DEBUG - Course ID: 1
2025-09-20 22:23:37 PROGRESS_CONTROLLER DEBUG - Item ID: 1
2025-09-20 22:23:37 PROGRESS_CONTROLLER DEBUG - isUserEnrolled result: true
2025-09-20 22:23:37 PROGRESS_CONTROLLER DEBUG - Looking for enrollment with userId=1, unitId=1
2025-09-20 22:23:37 PROGRESS_CONTROLLER DEBUG - Enrollment found: {"id":"1","user_id":"1","unit_ids":"[\"1\"]","total_amount":"35000.00","payment_proof":"{\"files\": [{\"size\": \"35.419\", \"type\": \"image\/jpeg\", \"order\": 1, \"thumbs\": [], \"is_image\": 1, \"raw_name\": \"544754131_122114699606966699_7815220782632544805_n.jpg\", \"dimension\": \"526*526\", \"extension\": \"jpg\", \"full_path\": \"uploads\/enrollments\/20_09_2025\/1758385873_24ac5a9f3f48ae78426c.jpg\", \"thumbnails\": [], \"encoded_name\": \"1758385873_24ac5a9f3f48ae78426c.jpg\", \"original_name\": \"544754131_122114699606966699_7815220782632544805_n.jpg\"}], \"fileCount\": 1}","payment_method":"instapay","status":"approved","admin_notes":null,"processed_by":null,"processed_at":null,"created_at":"2025-09-20 19:31:13","updated_at":"2025-09-20 20:17:50"}
2025-09-20 22:23:37 MARK_ITEM_COMPLETED DEBUG - Starting with userId=1, unitId=1, itemId=1, enrollmentId=1
2025-09-20 22:23:37 MARK_ITEM_COMPLETED DEBUG - Data to insert/update: {"user_id":1,"unit_id":1,"item_id":1,"enrollment_id":1,"progress_percentage":100,"is_completed":1,"completed_at":"2025-09-20 22:23:37","last_accessed_at":"2025-09-20 22:23:37"}
2025-09-20 22:23:37 MARK_ITEM_COMPLETED DEBUG - Existing record: {"id":"1","user_id":"1","unit_id":"1","item_id":"1","enrollment_id":"1","progress_percentage":"100.00","watch_time":"0","last_position":"0","is_completed":"1","completed_at":"2025-09-20 20:56:01","first_accessed_at":"2025-09-20 20:56:01","last_accessed_at":"2025-09-20 20:56:01","created_at":"2025-09-20 20:56:01","updated_at":"2025-09-20 20:56:01"}
2025-09-20 22:23:37 MARK_ITEM_COMPLETED DEBUG - Update result: true
2025-09-20 22:23:38 SWITCH CASE DEBUG - ENTERING IF BLOCK
2025-09-20 22:23:38 SWITCH CASE DEBUG - item_type: quiz
2025-09-20 22:23:38 SWITCH CASE DEBUG - metadata: {"quiz_id":"1"}
2025-09-20 22:23:38 SWITCH CASE DEBUG - ABOUT TO ENTER SWITCH
2025-09-20 22:23:38 SWITCH CASE DEBUG - ENTERED QUIZ CASE
2025-09-20 22:23:38 QUIZ LOADING DEBUG - quizId: 1
2025-09-20 22:23:38 QUIZ LOADING DEBUG - quizData result: {"id":"1","course_id":"1","quiz_title":"tert","quiz_desc":"\u0648\u0635\u0641 \u0627\u0644\u0627\u062e\u062a\u0628\u0627\u0631","quiz_questions":"{\"2\":{\"question_text\":\"\\u0633\\u0624\\u0627\\u0644 2\\r\\n\",\"question_type\":\"true_false\",\"points\":\"1\",\"correct_answer\":\"true\"},\"3\":{\"question_text\":\"\\u0633\\u0624\\u0627\\u0644 3\\r\\n\",\"question_type\":\"multiple_choice\",\"points\":\"1\",\"options\":[\"\\u062e\\u064a\\u0627\\u0631 1\",\"\\u062e\\u064a\\u0627\\u0631 2\",\"\\u062e\\u064a\\u0627\\u0631 3\"]}}","time_limit":"30","time_limit_minutes":"30","max_attempts":"3","passing_score":"60.00","shuffle_questions":"1","shuffle_answers":"0","show_results":"1","show_results_immediately":"1","active":"1","created_at":"2025-09-17 12:48:34","updated_at":"2025-09-17 13:39:57","course_title":"\u0648\u0635\u0641 \u0645\u062e\u062a\u0635\u0631  \u0643\u0648\u0631\u0633 \u062c\u0627\u0641\u0627 \u0633\u0643\u0631\u064a\u0628\u062a"}
2025-09-20 22:23:38 COURSES_CONTROLLER DEBUG - quizData: {"id":"1","course_id":"1","quiz_title":"tert","quiz_desc":"\u0648\u0635\u0641 \u0627\u0644\u0627\u062e\u062a\u0628\u0627\u0631","quiz_questions":"{\"2\":{\"question_text\":\"\\u0633\\u0624\\u0627\\u0644 2\\r\\n\",\"question_type\":\"true_false\",\"points\":\"1\",\"correct_answer\":\"true\"},\"3\":{\"question_text\":\"\\u0633\\u0624\\u0627\\u0644 3\\r\\n\",\"question_type\":\"multiple_choice\",\"points\":\"1\",\"options\":[\"\\u062e\\u064a\\u0627\\u0631 1\",\"\\u062e\\u064a\\u0627\\u0631 2\",\"\\u062e\\u064a\\u0627\\u0631 3\"]}}","time_limit":"30","time_limit_minutes":"30","max_attempts":"3","passing_score":"60.00","shuffle_questions":"1","shuffle_answers":"0","show_results":"1","show_results_immediately":"1","active":"1","created_at":"2025-09-17 12:48:34","updated_at":"2025-09-17 13:39:57","course_title":"\u0648\u0635\u0641 \u0645\u062e\u062a\u0635\u0631  \u0643\u0648\u0631\u0633 \u062c\u0627\u0641\u0627 \u0633\u0643\u0631\u064a\u0628\u062a"}
2025-09-20 22:23:38 COURSES_CONTROLLER DEBUG - currentItem: {"id":"2","unit_id":"1","unit_name":"\u0627\u0633\u0645 \u0627\u0644\u0648\u062d\u062f\u0629 *","item_type":"quiz","title":"tert","description":"\u0644\u0627 \u064a\u0648\u062c\u062f \u0648\u0635\u0641","item_id":"","duration":0,"thumbnail":"","metadata":{"quiz_id":"1"},"quiz_details":null,"page_details":null,"is_preview":false}
2025-09-20 22:23:38 COURSES_CONTROLLER DEBUG - requestedItemId: 2
2025-09-20 22:23:38 COURSES_CONTROLLER DEBUG - flatItems count: 7
2025-09-20 22:23:38 COURSE_VIEW DEBUG - current_item: {"id":"2","unit_id":"1","unit_name":"\u0627\u0633\u0645 \u0627\u0644\u0648\u062d\u062f\u0629 *","item_type":"quiz","title":"tert","description":"\u0644\u0627 \u064a\u0648\u062c\u062f \u0648\u0635\u0641","item_id":"","duration":0,"thumbnail":"","metadata":{"quiz_id":"1"},"quiz_details":null,"page_details":null,"is_preview":false}
2025-09-20 22:23:38 COURSE_VIEW DEBUG - current_id: 2
2025-09-20 22:23:38 COURSE_VIEW DEBUG - course_id: 1
2025-09-20 22:23:49 SWITCH CASE DEBUG - ENTERING IF BLOCK
2025-09-20 22:23:49 SWITCH CASE DEBUG - item_type: quiz
2025-09-20 22:23:49 SWITCH CASE DEBUG - metadata: {"quiz_id":"1"}
2025-09-20 22:23:49 SWITCH CASE DEBUG - ABOUT TO ENTER SWITCH
2025-09-20 22:23:49 SWITCH CASE DEBUG - ENTERED QUIZ CASE
2025-09-20 22:23:49 QUIZ LOADING DEBUG - quizId: 1
2025-09-20 22:23:49 QUIZ LOADING DEBUG - quizData result: {"id":"1","course_id":"1","quiz_title":"tert","quiz_desc":"\u0648\u0635\u0641 \u0627\u0644\u0627\u062e\u062a\u0628\u0627\u0631","quiz_questions":"{\"2\":{\"question_text\":\"\\u0633\\u0624\\u0627\\u0644 2\\r\\n\",\"question_type\":\"true_false\",\"points\":\"1\",\"correct_answer\":\"true\"},\"3\":{\"question_text\":\"\\u0633\\u0624\\u0627\\u0644 3\\r\\n\",\"question_type\":\"multiple_choice\",\"points\":\"1\",\"options\":[\"\\u062e\\u064a\\u0627\\u0631 1\",\"\\u062e\\u064a\\u0627\\u0631 2\",\"\\u062e\\u064a\\u0627\\u0631 3\"]}}","time_limit":"30","time_limit_minutes":"30","max_attempts":"3","passing_score":"60.00","shuffle_questions":"1","shuffle_answers":"0","show_results":"1","show_results_immediately":"1","active":"1","created_at":"2025-09-17 12:48:34","updated_at":"2025-09-17 13:39:57","course_title":"\u0648\u0635\u0641 \u0645\u062e\u062a\u0635\u0631  \u0643\u0648\u0631\u0633 \u062c\u0627\u0641\u0627 \u0633\u0643\u0631\u064a\u0628\u062a"}
2025-09-20 22:23:49 COURSES_CONTROLLER DEBUG - quizData: {"id":"1","course_id":"1","quiz_title":"tert","quiz_desc":"\u0648\u0635\u0641 \u0627\u0644\u0627\u062e\u062a\u0628\u0627\u0631","quiz_questions":"{\"2\":{\"question_text\":\"\\u0633\\u0624\\u0627\\u0644 2\\r\\n\",\"question_type\":\"true_false\",\"points\":\"1\",\"correct_answer\":\"true\"},\"3\":{\"question_text\":\"\\u0633\\u0624\\u0627\\u0644 3\\r\\n\",\"question_type\":\"multiple_choice\",\"points\":\"1\",\"options\":[\"\\u062e\\u064a\\u0627\\u0631 1\",\"\\u062e\\u064a\\u0627\\u0631 2\",\"\\u062e\\u064a\\u0627\\u0631 3\"]}}","time_limit":"30","time_limit_minutes":"30","max_attempts":"3","passing_score":"60.00","shuffle_questions":"1","shuffle_answers":"0","show_results":"1","show_results_immediately":"1","active":"1","created_at":"2025-09-17 12:48:34","updated_at":"2025-09-17 13:39:57","course_title":"\u0648\u0635\u0641 \u0645\u062e\u062a\u0635\u0631  \u0643\u0648\u0631\u0633 \u062c\u0627\u0641\u0627 \u0633\u0643\u0631\u064a\u0628\u062a"}
2025-09-20 22:23:49 COURSES_CONTROLLER DEBUG - currentItem: {"id":"2","unit_id":"1","unit_name":"\u0627\u0633\u0645 \u0627\u0644\u0648\u062d\u062f\u0629 *","item_type":"quiz","title":"tert","description":"\u0644\u0627 \u064a\u0648\u062c\u062f \u0648\u0635\u0641","item_id":"","duration":0,"thumbnail":"","metadata":{"quiz_id":"1"},"quiz_details":null,"page_details":null,"is_preview":false}
2025-09-20 22:23:49 COURSES_CONTROLLER DEBUG - requestedItemId: 2
2025-09-20 22:23:49 COURSES_CONTROLLER DEBUG - flatItems count: 7
2025-09-20 22:23:49 COURSE_VIEW DEBUG - current_item: {"id":"2","unit_id":"1","unit_name":"\u0627\u0633\u0645 \u0627\u0644\u0648\u062d\u062f\u0629 *","item_type":"quiz","title":"tert","description":"\u0644\u0627 \u064a\u0648\u062c\u062f \u0648\u0635\u0641","item_id":"","duration":0,"thumbnail":"","metadata":{"quiz_id":"1"},"quiz_details":null,"page_details":null,"is_preview":false}
2025-09-20 22:23:49 COURSE_VIEW DEBUG - current_id: 2
2025-09-20 22:23:49 COURSE_VIEW DEBUG - course_id: 1
2025-09-20 22:25:48 SWITCH CASE DEBUG - ENTERING IF BLOCK
2025-09-20 22:25:48 SWITCH CASE DEBUG - item_type: quiz
2025-09-20 22:25:48 SWITCH CASE DEBUG - metadata: {"quiz_id":"1"}
2025-09-20 22:25:48 SWITCH CASE DEBUG - ABOUT TO ENTER SWITCH
2025-09-20 22:25:48 SWITCH CASE DEBUG - ENTERED QUIZ CASE
2025-09-20 22:25:48 QUIZ LOADING DEBUG - quizId: 1
2025-09-20 22:25:48 QUIZ LOADING DEBUG - quizData result: {"id":"1","course_id":"1","quiz_title":"tert","quiz_desc":"\u0648\u0635\u0641 \u0627\u0644\u0627\u062e\u062a\u0628\u0627\u0631","quiz_questions":"{\"2\":{\"question_text\":\"\\u0633\\u0624\\u0627\\u0644 2\\r\\n\",\"question_type\":\"true_false\",\"points\":\"1\",\"correct_answer\":\"true\"},\"3\":{\"question_text\":\"\\u0633\\u0624\\u0627\\u0644 3\\r\\n\",\"question_type\":\"multiple_choice\",\"points\":\"1\",\"options\":[\"\\u062e\\u064a\\u0627\\u0631 1\",\"\\u062e\\u064a\\u0627\\u0631 2\",\"\\u062e\\u064a\\u0627\\u0631 3\"]}}","time_limit":"30","time_limit_minutes":"30","max_attempts":"3","passing_score":"60.00","shuffle_questions":"1","shuffle_answers":"0","show_results":"1","show_results_immediately":"1","active":"1","created_at":"2025-09-17 12:48:34","updated_at":"2025-09-17 13:39:57","course_title":"\u0648\u0635\u0641 \u0645\u062e\u062a\u0635\u0631  \u0643\u0648\u0631\u0633 \u062c\u0627\u0641\u0627 \u0633\u0643\u0631\u064a\u0628\u062a"}
2025-09-20 22:25:48 COURSES_CONTROLLER DEBUG - quizData: {"id":"1","course_id":"1","quiz_title":"tert","quiz_desc":"\u0648\u0635\u0641 \u0627\u0644\u0627\u062e\u062a\u0628\u0627\u0631","quiz_questions":"{\"2\":{\"question_text\":\"\\u0633\\u0624\\u0627\\u0644 2\\r\\n\",\"question_type\":\"true_false\",\"points\":\"1\",\"correct_answer\":\"true\"},\"3\":{\"question_text\":\"\\u0633\\u0624\\u0627\\u0644 3\\r\\n\",\"question_type\":\"multiple_choice\",\"points\":\"1\",\"options\":[\"\\u062e\\u064a\\u0627\\u0631 1\",\"\\u062e\\u064a\\u0627\\u0631 2\",\"\\u062e\\u064a\\u0627\\u0631 3\"]}}","time_limit":"30","time_limit_minutes":"30","max_attempts":"3","passing_score":"60.00","shuffle_questions":"1","shuffle_answers":"0","show_results":"1","show_results_immediately":"1","active":"1","created_at":"2025-09-17 12:48:34","updated_at":"2025-09-17 13:39:57","course_title":"\u0648\u0635\u0641 \u0645\u062e\u062a\u0635\u0631  \u0643\u0648\u0631\u0633 \u062c\u0627\u0641\u0627 \u0633\u0643\u0631\u064a\u0628\u062a"}
2025-09-20 22:25:48 COURSES_CONTROLLER DEBUG - currentItem: {"id":"2","unit_id":"1","unit_name":"\u0627\u0633\u0645 \u0627\u0644\u0648\u062d\u062f\u0629 *","item_type":"quiz","title":"tert","description":"\u0644\u0627 \u064a\u0648\u062c\u062f \u0648\u0635\u0641","item_id":"","duration":0,"thumbnail":"","metadata":{"quiz_id":"1"},"quiz_details":null,"page_details":null,"is_preview":false}
2025-09-20 22:25:48 COURSES_CONTROLLER DEBUG - requestedItemId: 2
2025-09-20 22:25:48 COURSES_CONTROLLER DEBUG - flatItems count: 7
2025-09-20 22:25:48 COURSE_VIEW DEBUG - current_item: {"id":"2","unit_id":"1","unit_name":"\u0627\u0633\u0645 \u0627\u0644\u0648\u062d\u062f\u0629 *","item_type":"quiz","title":"tert","description":"\u0644\u0627 \u064a\u0648\u062c\u062f \u0648\u0635\u0641","item_id":"","duration":0,"thumbnail":"","metadata":{"quiz_id":"1"},"quiz_details":null,"page_details":null,"is_preview":false}
2025-09-20 22:25:48 COURSE_VIEW DEBUG - current_id: 2
2025-09-20 22:25:48 COURSE_VIEW DEBUG - course_id: 1
2025-09-20 22:26:54 SWITCH CASE DEBUG - ENTERING IF BLOCK
2025-09-20 22:26:54 SWITCH CASE DEBUG - item_type: quiz
2025-09-20 22:26:54 SWITCH CASE DEBUG - metadata: {"quiz_id":"1"}
2025-09-20 22:26:54 SWITCH CASE DEBUG - ABOUT TO ENTER SWITCH
2025-09-20 22:26:54 SWITCH CASE DEBUG - ENTERED QUIZ CASE
2025-09-20 22:26:54 QUIZ LOADING DEBUG - quizId: 1
2025-09-20 22:26:54 QUIZ LOADING DEBUG - quizData result: {"id":"1","course_id":"1","quiz_title":"tert","quiz_desc":"\u0648\u0635\u0641 \u0627\u0644\u0627\u062e\u062a\u0628\u0627\u0631","quiz_questions":"{\"2\":{\"question_text\":\"\\u0633\\u0624\\u0627\\u0644 2\\r\\n\",\"question_type\":\"true_false\",\"points\":\"1\",\"correct_answer\":\"true\"},\"3\":{\"question_text\":\"\\u0633\\u0624\\u0627\\u0644 3\\r\\n\",\"question_type\":\"multiple_choice\",\"points\":\"1\",\"options\":[\"\\u062e\\u064a\\u0627\\u0631 1\",\"\\u062e\\u064a\\u0627\\u0631 2\",\"\\u062e\\u064a\\u0627\\u0631 3\"]}}","time_limit":"30","time_limit_minutes":"30","max_attempts":"3","passing_score":"60.00","shuffle_questions":"1","shuffle_answers":"0","show_results":"1","show_results_immediately":"1","active":"1","created_at":"2025-09-17 12:48:34","updated_at":"2025-09-17 13:39:57","course_title":"\u0648\u0635\u0641 \u0645\u062e\u062a\u0635\u0631  \u0643\u0648\u0631\u0633 \u062c\u0627\u0641\u0627 \u0633\u0643\u0631\u064a\u0628\u062a"}
2025-09-20 22:26:54 COURSES_CONTROLLER DEBUG - quizData: {"id":"1","course_id":"1","quiz_title":"tert","quiz_desc":"\u0648\u0635\u0641 \u0627\u0644\u0627\u062e\u062a\u0628\u0627\u0631","quiz_questions":"{\"2\":{\"question_text\":\"\\u0633\\u0624\\u0627\\u0644 2\\r\\n\",\"question_type\":\"true_false\",\"points\":\"1\",\"correct_answer\":\"true\"},\"3\":{\"question_text\":\"\\u0633\\u0624\\u0627\\u0644 3\\r\\n\",\"question_type\":\"multiple_choice\",\"points\":\"1\",\"options\":[\"\\u062e\\u064a\\u0627\\u0631 1\",\"\\u062e\\u064a\\u0627\\u0631 2\",\"\\u062e\\u064a\\u0627\\u0631 3\"]}}","time_limit":"30","time_limit_minutes":"30","max_attempts":"3","passing_score":"60.00","shuffle_questions":"1","shuffle_answers":"0","show_results":"1","show_results_immediately":"1","active":"1","created_at":"2025-09-17 12:48:34","updated_at":"2025-09-17 13:39:57","course_title":"\u0648\u0635\u0641 \u0645\u062e\u062a\u0635\u0631  \u0643\u0648\u0631\u0633 \u062c\u0627\u0641\u0627 \u0633\u0643\u0631\u064a\u0628\u062a"}
2025-09-20 22:26:54 COURSES_CONTROLLER DEBUG - currentItem: {"id":"2","unit_id":"1","unit_name":"\u0627\u0633\u0645 \u0627\u0644\u0648\u062d\u062f\u0629 *","item_type":"quiz","title":"tert","description":"\u0644\u0627 \u064a\u0648\u062c\u062f \u0648\u0635\u0641","item_id":"","duration":0,"thumbnail":"","metadata":{"quiz_id":"1"},"quiz_details":null,"page_details":null,"is_preview":false}
2025-09-20 22:26:54 COURSES_CONTROLLER DEBUG - requestedItemId: 2
2025-09-20 22:26:54 COURSES_CONTROLLER DEBUG - flatItems count: 7
2025-09-20 22:26:54 COURSE_VIEW DEBUG - current_item: {"id":"2","unit_id":"1","unit_name":"\u0627\u0633\u0645 \u0627\u0644\u0648\u062d\u062f\u0629 *","item_type":"quiz","title":"tert","description":"\u0644\u0627 \u064a\u0648\u062c\u062f \u0648\u0635\u0641","item_id":"","duration":0,"thumbnail":"","metadata":{"quiz_id":"1"},"quiz_details":null,"page_details":null,"is_preview":false}
2025-09-20 22:26:54 COURSE_VIEW DEBUG - current_id: 2
2025-09-20 22:26:54 COURSE_VIEW DEBUG - course_id: 1
2025-09-20 22:27:39 SWITCH CASE DEBUG - ENTERING IF BLOCK
2025-09-20 22:27:39 SWITCH CASE DEBUG - item_type: quiz
2025-09-20 22:27:39 SWITCH CASE DEBUG - metadata: {"quiz_id":"1"}
2025-09-20 22:27:39 SWITCH CASE DEBUG - ABOUT TO ENTER SWITCH
2025-09-20 22:27:39 SWITCH CASE DEBUG - ENTERED QUIZ CASE
2025-09-20 22:27:39 QUIZ LOADING DEBUG - quizId: 1
2025-09-20 22:27:39 QUIZ LOADING DEBUG - quizData result: {"id":"1","course_id":"1","quiz_title":"tert","quiz_desc":"\u0648\u0635\u0641 \u0627\u0644\u0627\u062e\u062a\u0628\u0627\u0631","quiz_questions":"{\"2\":{\"question_text\":\"\\u0633\\u0624\\u0627\\u0644 2\\r\\n\",\"question_type\":\"true_false\",\"points\":\"1\",\"correct_answer\":\"true\"},\"3\":{\"question_text\":\"\\u0633\\u0624\\u0627\\u0644 3\\r\\n\",\"question_type\":\"multiple_choice\",\"points\":\"1\",\"options\":[\"\\u062e\\u064a\\u0627\\u0631 1\",\"\\u062e\\u064a\\u0627\\u0631 2\",\"\\u062e\\u064a\\u0627\\u0631 3\"]}}","time_limit":"30","time_limit_minutes":"30","max_attempts":"3","passing_score":"60.00","shuffle_questions":"1","shuffle_answers":"0","show_results":"1","show_results_immediately":"1","active":"1","created_at":"2025-09-17 12:48:34","updated_at":"2025-09-17 13:39:57","course_title":"\u0648\u0635\u0641 \u0645\u062e\u062a\u0635\u0631  \u0643\u0648\u0631\u0633 \u062c\u0627\u0641\u0627 \u0633\u0643\u0631\u064a\u0628\u062a"}
2025-09-20 22:27:39 COURSES_CONTROLLER DEBUG - quizData: {"id":"1","course_id":"1","quiz_title":"tert","quiz_desc":"\u0648\u0635\u0641 \u0627\u0644\u0627\u062e\u062a\u0628\u0627\u0631","quiz_questions":"{\"2\":{\"question_text\":\"\\u0633\\u0624\\u0627\\u0644 2\\r\\n\",\"question_type\":\"true_false\",\"points\":\"1\",\"correct_answer\":\"true\"},\"3\":{\"question_text\":\"\\u0633\\u0624\\u0627\\u0644 3\\r\\n\",\"question_type\":\"multiple_choice\",\"points\":\"1\",\"options\":[\"\\u062e\\u064a\\u0627\\u0631 1\",\"\\u062e\\u064a\\u0627\\u0631 2\",\"\\u062e\\u064a\\u0627\\u0631 3\"]}}","time_limit":"30","time_limit_minutes":"30","max_attempts":"3","passing_score":"60.00","shuffle_questions":"1","shuffle_answers":"0","show_results":"1","show_results_immediately":"1","active":"1","created_at":"2025-09-17 12:48:34","updated_at":"2025-09-17 13:39:57","course_title":"\u0648\u0635\u0641 \u0645\u062e\u062a\u0635\u0631  \u0643\u0648\u0631\u0633 \u062c\u0627\u0641\u0627 \u0633\u0643\u0631\u064a\u0628\u062a"}
2025-09-20 22:27:39 COURSES_CONTROLLER DEBUG - currentItem: {"id":"2","unit_id":"1","unit_name":"\u0627\u0633\u0645 \u0627\u0644\u0648\u062d\u062f\u0629 *","item_type":"quiz","title":"tert","description":"\u0644\u0627 \u064a\u0648\u062c\u062f \u0648\u0635\u0641","item_id":"","duration":0,"thumbnail":"","metadata":{"quiz_id":"1"},"quiz_details":null,"page_details":null,"is_preview":false}
2025-09-20 22:27:39 COURSES_CONTROLLER DEBUG - requestedItemId: 2
2025-09-20 22:27:39 COURSES_CONTROLLER DEBUG - flatItems count: 7
2025-09-20 22:27:39 COURSE_VIEW DEBUG - current_item: {"id":"2","unit_id":"1","unit_name":"\u0627\u0633\u0645 \u0627\u0644\u0648\u062d\u062f\u0629 *","item_type":"quiz","title":"tert","description":"\u0644\u0627 \u064a\u0648\u062c\u062f \u0648\u0635\u0641","item_id":"","duration":0,"thumbnail":"","metadata":{"quiz_id":"1"},"quiz_details":null,"page_details":null,"is_preview":false}
2025-09-20 22:27:39 COURSE_VIEW DEBUG - current_id: 2
2025-09-20 22:27:39 COURSE_VIEW DEBUG - course_id: 1
2025-09-20 22:28:05 SWITCH CASE DEBUG - ENTERING IF BLOCK
2025-09-20 22:28:05 SWITCH CASE DEBUG - item_type: quiz
2025-09-20 22:28:05 SWITCH CASE DEBUG - metadata: {"quiz_id":"1"}
2025-09-20 22:28:05 SWITCH CASE DEBUG - ABOUT TO ENTER SWITCH
2025-09-20 22:28:05 SWITCH CASE DEBUG - ENTERED QUIZ CASE
2025-09-20 22:28:05 QUIZ LOADING DEBUG - quizId: 1
2025-09-20 22:28:05 QUIZ LOADING DEBUG - quizData result: {"id":"1","course_id":"1","quiz_title":"tert","quiz_desc":"\u0648\u0635\u0641 \u0627\u0644\u0627\u062e\u062a\u0628\u0627\u0631","quiz_questions":"{\"2\":{\"question_text\":\"\\u0633\\u0624\\u0627\\u0644 2\\r\\n\",\"question_type\":\"true_false\",\"points\":\"1\",\"correct_answer\":\"true\"},\"3\":{\"question_text\":\"\\u0633\\u0624\\u0627\\u0644 3\\r\\n\",\"question_type\":\"multiple_choice\",\"points\":\"1\",\"options\":[\"\\u062e\\u064a\\u0627\\u0631 1\",\"\\u062e\\u064a\\u0627\\u0631 2\",\"\\u062e\\u064a\\u0627\\u0631 3\"]}}","time_limit":"30","time_limit_minutes":"30","max_attempts":"3","passing_score":"60.00","shuffle_questions":"1","shuffle_answers":"0","show_results":"1","show_results_immediately":"1","active":"1","created_at":"2025-09-17 12:48:34","updated_at":"2025-09-17 13:39:57","course_title":"\u0648\u0635\u0641 \u0645\u062e\u062a\u0635\u0631  \u0643\u0648\u0631\u0633 \u062c\u0627\u0641\u0627 \u0633\u0643\u0631\u064a\u0628\u062a"}
2025-09-20 22:28:05 COURSES_CONTROLLER DEBUG - quizData: {"id":"1","course_id":"1","quiz_title":"tert","quiz_desc":"\u0648\u0635\u0641 \u0627\u0644\u0627\u062e\u062a\u0628\u0627\u0631","quiz_questions":"{\"2\":{\"question_text\":\"\\u0633\\u0624\\u0627\\u0644 2\\r\\n\",\"question_type\":\"true_false\",\"points\":\"1\",\"correct_answer\":\"true\"},\"3\":{\"question_text\":\"\\u0633\\u0624\\u0627\\u0644 3\\r\\n\",\"question_type\":\"multiple_choice\",\"points\":\"1\",\"options\":[\"\\u062e\\u064a\\u0627\\u0631 1\",\"\\u062e\\u064a\\u0627\\u0631 2\",\"\\u062e\\u064a\\u0627\\u0631 3\"]}}","time_limit":"30","time_limit_minutes":"30","max_attempts":"3","passing_score":"60.00","shuffle_questions":"1","shuffle_answers":"0","show_results":"1","show_results_immediately":"1","active":"1","created_at":"2025-09-17 12:48:34","updated_at":"2025-09-17 13:39:57","course_title":"\u0648\u0635\u0641 \u0645\u062e\u062a\u0635\u0631  \u0643\u0648\u0631\u0633 \u062c\u0627\u0641\u0627 \u0633\u0643\u0631\u064a\u0628\u062a"}
2025-09-20 22:28:05 COURSES_CONTROLLER DEBUG - currentItem: {"id":"2","unit_id":"1","unit_name":"\u0627\u0633\u0645 \u0627\u0644\u0648\u062d\u062f\u0629 *","item_type":"quiz","title":"tert","description":"\u0644\u0627 \u064a\u0648\u062c\u062f \u0648\u0635\u0641","item_id":"","duration":0,"thumbnail":"","metadata":{"quiz_id":"1"},"quiz_details":null,"page_details":null,"is_preview":false}
2025-09-20 22:28:05 COURSES_CONTROLLER DEBUG - requestedItemId: 2
2025-09-20 22:28:05 COURSES_CONTROLLER DEBUG - flatItems count: 7
2025-09-20 22:28:05 COURSE_VIEW DEBUG - current_item: {"id":"2","unit_id":"1","unit_name":"\u0627\u0633\u0645 \u0627\u0644\u0648\u062d\u062f\u0629 *","item_type":"quiz","title":"tert","description":"\u0644\u0627 \u064a\u0648\u062c\u062f \u0648\u0635\u0641","item_id":"","duration":0,"thumbnail":"","metadata":{"quiz_id":"1"},"quiz_details":null,"page_details":null,"is_preview":false}
2025-09-20 22:28:05 COURSE_VIEW DEBUG - current_id: 2
2025-09-20 22:28:05 COURSE_VIEW DEBUG - course_id: 1
2025-09-20 22:28:13 SWITCH CASE DEBUG - ENTERING IF BLOCK
2025-09-20 22:28:13 SWITCH CASE DEBUG - item_type: quiz
2025-09-20 22:28:13 SWITCH CASE DEBUG - metadata: {"quiz_id":"1"}
2025-09-20 22:28:13 SWITCH CASE DEBUG - ABOUT TO ENTER SWITCH
2025-09-20 22:28:13 SWITCH CASE DEBUG - ENTERED QUIZ CASE
2025-09-20 22:28:13 QUIZ LOADING DEBUG - quizId: 1
2025-09-20 22:28:13 QUIZ LOADING DEBUG - quizData result: {"id":"1","course_id":"1","quiz_title":"tert","quiz_desc":"\u0648\u0635\u0641 \u0627\u0644\u0627\u062e\u062a\u0628\u0627\u0631","quiz_questions":"{\"2\":{\"question_text\":\"\\u0633\\u0624\\u0627\\u0644 2\\r\\n\",\"question_type\":\"true_false\",\"points\":\"1\",\"correct_answer\":\"true\"},\"3\":{\"question_text\":\"\\u0633\\u0624\\u0627\\u0644 3\\r\\n\",\"question_type\":\"multiple_choice\",\"points\":\"1\",\"options\":[\"\\u062e\\u064a\\u0627\\u0631 1\",\"\\u062e\\u064a\\u0627\\u0631 2\",\"\\u062e\\u064a\\u0627\\u0631 3\"]}}","time_limit":"30","time_limit_minutes":"30","max_attempts":"3","passing_score":"60.00","shuffle_questions":"1","shuffle_answers":"0","show_results":"1","show_results_immediately":"1","active":"1","created_at":"2025-09-17 12:48:34","updated_at":"2025-09-17 13:39:57","course_title":"\u0648\u0635\u0641 \u0645\u062e\u062a\u0635\u0631  \u0643\u0648\u0631\u0633 \u062c\u0627\u0641\u0627 \u0633\u0643\u0631\u064a\u0628\u062a"}
2025-09-20 22:28:13 COURSES_CONTROLLER DEBUG - quizData: {"id":"1","course_id":"1","quiz_title":"tert","quiz_desc":"\u0648\u0635\u0641 \u0627\u0644\u0627\u062e\u062a\u0628\u0627\u0631","quiz_questions":"{\"2\":{\"question_text\":\"\\u0633\\u0624\\u0627\\u0644 2\\r\\n\",\"question_type\":\"true_false\",\"points\":\"1\",\"correct_answer\":\"true\"},\"3\":{\"question_text\":\"\\u0633\\u0624\\u0627\\u0644 3\\r\\n\",\"question_type\":\"multiple_choice\",\"points\":\"1\",\"options\":[\"\\u062e\\u064a\\u0627\\u0631 1\",\"\\u062e\\u064a\\u0627\\u0631 2\",\"\\u062e\\u064a\\u0627\\u0631 3\"]}}","time_limit":"30","time_limit_minutes":"30","max_attempts":"3","passing_score":"60.00","shuffle_questions":"1","shuffle_answers":"0","show_results":"1","show_results_immediately":"1","active":"1","created_at":"2025-09-17 12:48:34","updated_at":"2025-09-17 13:39:57","course_title":"\u0648\u0635\u0641 \u0645\u062e\u062a\u0635\u0631  \u0643\u0648\u0631\u0633 \u062c\u0627\u0641\u0627 \u0633\u0643\u0631\u064a\u0628\u062a"}
2025-09-20 22:28:13 COURSES_CONTROLLER DEBUG - currentItem: {"id":"2","unit_id":"1","unit_name":"\u0627\u0633\u0645 \u0627\u0644\u0648\u062d\u062f\u0629 *","item_type":"quiz","title":"tert","description":"\u0644\u0627 \u064a\u0648\u062c\u062f \u0648\u0635\u0641","item_id":"","duration":0,"thumbnail":"","metadata":{"quiz_id":"1"},"quiz_details":null,"page_details":null,"is_preview":false}
2025-09-20 22:28:13 COURSES_CONTROLLER DEBUG - requestedItemId: 2
2025-09-20 22:28:13 COURSES_CONTROLLER DEBUG - flatItems count: 7
2025-09-20 22:28:13 COURSE_VIEW DEBUG - current_item: {"id":"2","unit_id":"1","unit_name":"\u0627\u0633\u0645 \u0627\u0644\u0648\u062d\u062f\u0629 *","item_type":"quiz","title":"tert","description":"\u0644\u0627 \u064a\u0648\u062c\u062f \u0648\u0635\u0641","item_id":"","duration":0,"thumbnail":"","metadata":{"quiz_id":"1"},"quiz_details":null,"page_details":null,"is_preview":false}
2025-09-20 22:28:13 COURSE_VIEW DEBUG - current_id: 2
2025-09-20 22:28:13 COURSE_VIEW DEBUG - course_id: 1
2025-09-20 22:28:17 SWITCH CASE DEBUG - ENTERING IF BLOCK
2025-09-20 22:28:17 SWITCH CASE DEBUG - item_type: quiz
2025-09-20 22:28:17 SWITCH CASE DEBUG - metadata: {"quiz_id":"1"}
2025-09-20 22:28:17 SWITCH CASE DEBUG - ABOUT TO ENTER SWITCH
2025-09-20 22:28:17 SWITCH CASE DEBUG - ENTERED QUIZ CASE
2025-09-20 22:28:17 QUIZ LOADING DEBUG - quizId: 1
2025-09-20 22:28:17 QUIZ LOADING DEBUG - quizData result: {"id":"1","course_id":"1","quiz_title":"tert","quiz_desc":"\u0648\u0635\u0641 \u0627\u0644\u0627\u062e\u062a\u0628\u0627\u0631","quiz_questions":"{\"2\":{\"question_text\":\"\\u0633\\u0624\\u0627\\u0644 2\\r\\n\",\"question_type\":\"true_false\",\"points\":\"1\",\"correct_answer\":\"true\"},\"3\":{\"question_text\":\"\\u0633\\u0624\\u0627\\u0644 3\\r\\n\",\"question_type\":\"multiple_choice\",\"points\":\"1\",\"options\":[\"\\u062e\\u064a\\u0627\\u0631 1\",\"\\u062e\\u064a\\u0627\\u0631 2\",\"\\u062e\\u064a\\u0627\\u0631 3\"]}}","time_limit":"30","time_limit_minutes":"30","max_attempts":"3","passing_score":"60.00","shuffle_questions":"1","shuffle_answers":"0","show_results":"1","show_results_immediately":"1","active":"1","created_at":"2025-09-17 12:48:34","updated_at":"2025-09-17 13:39:57","course_title":"\u0648\u0635\u0641 \u0645\u062e\u062a\u0635\u0631  \u0643\u0648\u0631\u0633 \u062c\u0627\u0641\u0627 \u0633\u0643\u0631\u064a\u0628\u062a"}
2025-09-20 22:28:17 COURSES_CONTROLLER DEBUG - quizData: {"id":"1","course_id":"1","quiz_title":"tert","quiz_desc":"\u0648\u0635\u0641 \u0627\u0644\u0627\u062e\u062a\u0628\u0627\u0631","quiz_questions":"{\"2\":{\"question_text\":\"\\u0633\\u0624\\u0627\\u0644 2\\r\\n\",\"question_type\":\"true_false\",\"points\":\"1\",\"correct_answer\":\"true\"},\"3\":{\"question_text\":\"\\u0633\\u0624\\u0627\\u0644 3\\r\\n\",\"question_type\":\"multiple_choice\",\"points\":\"1\",\"options\":[\"\\u062e\\u064a\\u0627\\u0631 1\",\"\\u062e\\u064a\\u0627\\u0631 2\",\"\\u062e\\u064a\\u0627\\u0631 3\"]}}","time_limit":"30","time_limit_minutes":"30","max_attempts":"3","passing_score":"60.00","shuffle_questions":"1","shuffle_answers":"0","show_results":"1","show_results_immediately":"1","active":"1","created_at":"2025-09-17 12:48:34","updated_at":"2025-09-17 13:39:57","course_title":"\u0648\u0635\u0641 \u0645\u062e\u062a\u0635\u0631  \u0643\u0648\u0631\u0633 \u062c\u0627\u0641\u0627 \u0633\u0643\u0631\u064a\u0628\u062a"}
2025-09-20 22:28:17 COURSES_CONTROLLER DEBUG - currentItem: {"id":"2","unit_id":"1","unit_name":"\u0627\u0633\u0645 \u0627\u0644\u0648\u062d\u062f\u0629 *","item_type":"quiz","title":"tert","description":"\u0644\u0627 \u064a\u0648\u062c\u062f \u0648\u0635\u0641","item_id":"","duration":0,"thumbnail":"","metadata":{"quiz_id":"1"},"quiz_details":null,"page_details":null,"is_preview":false}
2025-09-20 22:28:17 COURSES_CONTROLLER DEBUG - requestedItemId: 2
2025-09-20 22:28:17 COURSES_CONTROLLER DEBUG - flatItems count: 7
2025-09-20 22:28:17 COURSE_VIEW DEBUG - current_item: {"id":"2","unit_id":"1","unit_name":"\u0627\u0633\u0645 \u0627\u0644\u0648\u062d\u062f\u0629 *","item_type":"quiz","title":"tert","description":"\u0644\u0627 \u064a\u0648\u062c\u062f \u0648\u0635\u0641","item_id":"","duration":0,"thumbnail":"","metadata":{"quiz_id":"1"},"quiz_details":null,"page_details":null,"is_preview":false}
2025-09-20 22:28:17 COURSE_VIEW DEBUG - current_id: 2
2025-09-20 22:28:17 COURSE_VIEW DEBUG - course_id: 1
2025-09-20 22:28:30 SWITCH CASE DEBUG - ENTERING IF BLOCK
2025-09-20 22:28:30 SWITCH CASE DEBUG - item_type: quiz
2025-09-20 22:28:30 SWITCH CASE DEBUG - metadata: {"quiz_id":"1"}
2025-09-20 22:28:30 SWITCH CASE DEBUG - ABOUT TO ENTER SWITCH
2025-09-20 22:28:30 SWITCH CASE DEBUG - ENTERED QUIZ CASE
2025-09-20 22:28:30 QUIZ LOADING DEBUG - quizId: 1
2025-09-20 22:28:30 QUIZ LOADING DEBUG - quizData result: {"id":"1","course_id":"1","quiz_title":"tert","quiz_desc":"\u0648\u0635\u0641 \u0627\u0644\u0627\u062e\u062a\u0628\u0627\u0631","quiz_questions":"{\"2\":{\"question_text\":\"\\u0633\\u0624\\u0627\\u0644 2\\r\\n\",\"question_type\":\"true_false\",\"points\":\"1\",\"correct_answer\":\"true\"},\"3\":{\"question_text\":\"\\u0633\\u0624\\u0627\\u0644 3\\r\\n\",\"question_type\":\"multiple_choice\",\"points\":\"1\",\"options\":[\"\\u062e\\u064a\\u0627\\u0631 1\",\"\\u062e\\u064a\\u0627\\u0631 2\",\"\\u062e\\u064a\\u0627\\u0631 3\"]}}","time_limit":"30","time_limit_minutes":"30","max_attempts":"3","passing_score":"60.00","shuffle_questions":"1","shuffle_answers":"0","show_results":"1","show_results_immediately":"1","active":"1","created_at":"2025-09-17 12:48:34","updated_at":"2025-09-17 13:39:57","course_title":"\u0648\u0635\u0641 \u0645\u062e\u062a\u0635\u0631  \u0643\u0648\u0631\u0633 \u062c\u0627\u0641\u0627 \u0633\u0643\u0631\u064a\u0628\u062a"}
2025-09-20 22:28:30 COURSES_CONTROLLER DEBUG - quizData: {"id":"1","course_id":"1","quiz_title":"tert","quiz_desc":"\u0648\u0635\u0641 \u0627\u0644\u0627\u062e\u062a\u0628\u0627\u0631","quiz_questions":"{\"2\":{\"question_text\":\"\\u0633\\u0624\\u0627\\u0644 2\\r\\n\",\"question_type\":\"true_false\",\"points\":\"1\",\"correct_answer\":\"true\"},\"3\":{\"question_text\":\"\\u0633\\u0624\\u0627\\u0644 3\\r\\n\",\"question_type\":\"multiple_choice\",\"points\":\"1\",\"options\":[\"\\u062e\\u064a\\u0627\\u0631 1\",\"\\u062e\\u064a\\u0627\\u0631 2\",\"\\u062e\\u064a\\u0627\\u0631 3\"]}}","time_limit":"30","time_limit_minutes":"30","max_attempts":"3","passing_score":"60.00","shuffle_questions":"1","shuffle_answers":"0","show_results":"1","show_results_immediately":"1","active":"1","created_at":"2025-09-17 12:48:34","updated_at":"2025-09-17 13:39:57","course_title":"\u0648\u0635\u0641 \u0645\u062e\u062a\u0635\u0631  \u0643\u0648\u0631\u0633 \u062c\u0627\u0641\u0627 \u0633\u0643\u0631\u064a\u0628\u062a"}
2025-09-20 22:28:30 COURSES_CONTROLLER DEBUG - currentItem: {"id":"2","unit_id":"1","unit_name":"\u0627\u0633\u0645 \u0627\u0644\u0648\u062d\u062f\u0629 *","item_type":"quiz","title":"tert","description":"\u0644\u0627 \u064a\u0648\u062c\u062f \u0648\u0635\u0641","item_id":"","duration":0,"thumbnail":"","metadata":{"quiz_id":"1"},"quiz_details":null,"page_details":null,"is_preview":false}
2025-09-20 22:28:30 COURSES_CONTROLLER DEBUG - requestedItemId: 2
2025-09-20 22:28:30 COURSES_CONTROLLER DEBUG - flatItems count: 7
2025-09-20 22:28:30 COURSE_VIEW DEBUG - current_item: {"id":"2","unit_id":"1","unit_name":"\u0627\u0633\u0645 \u0627\u0644\u0648\u062d\u062f\u0629 *","item_type":"quiz","title":"tert","description":"\u0644\u0627 \u064a\u0648\u062c\u062f \u0648\u0635\u0641","item_id":"","duration":0,"thumbnail":"","metadata":{"quiz_id":"1"},"quiz_details":null,"page_details":null,"is_preview":false}
2025-09-20 22:28:30 COURSE_VIEW DEBUG - current_id: 2
2025-09-20 22:28:30 COURSE_VIEW DEBUG - course_id: 1
2025-09-20 22:28:45 SWITCH CASE DEBUG - ENTERING IF BLOCK
2025-09-20 22:28:45 SWITCH CASE DEBUG - item_type: quiz
2025-09-20 22:28:45 SWITCH CASE DEBUG - metadata: {"quiz_id":"1"}
2025-09-20 22:28:45 SWITCH CASE DEBUG - ABOUT TO ENTER SWITCH
2025-09-20 22:28:45 SWITCH CASE DEBUG - ENTERED QUIZ CASE
2025-09-20 22:28:45 QUIZ LOADING DEBUG - quizId: 1
2025-09-20 22:28:45 QUIZ LOADING DEBUG - quizData result: {"id":"1","course_id":"1","quiz_title":"tert","quiz_desc":"\u0648\u0635\u0641 \u0627\u0644\u0627\u062e\u062a\u0628\u0627\u0631","quiz_questions":"{\"2\":{\"question_text\":\"\\u0633\\u0624\\u0627\\u0644 2\\r\\n\",\"question_type\":\"true_false\",\"points\":\"1\",\"correct_answer\":\"true\"},\"3\":{\"question_text\":\"\\u0633\\u0624\\u0627\\u0644 3\\r\\n\",\"question_type\":\"multiple_choice\",\"points\":\"1\",\"options\":[\"\\u062e\\u064a\\u0627\\u0631 1\",\"\\u062e\\u064a\\u0627\\u0631 2\",\"\\u062e\\u064a\\u0627\\u0631 3\"]}}","time_limit":"30","time_limit_minutes":"30","max_attempts":"3","passing_score":"60.00","shuffle_questions":"1","shuffle_answers":"0","show_results":"1","show_results_immediately":"1","active":"1","created_at":"2025-09-17 12:48:34","updated_at":"2025-09-17 13:39:57","course_title":"\u0648\u0635\u0641 \u0645\u062e\u062a\u0635\u0631  \u0643\u0648\u0631\u0633 \u062c\u0627\u0641\u0627 \u0633\u0643\u0631\u064a\u0628\u062a"}
2025-09-20 22:28:45 COURSES_CONTROLLER DEBUG - quizData: {"id":"1","course_id":"1","quiz_title":"tert","quiz_desc":"\u0648\u0635\u0641 \u0627\u0644\u0627\u062e\u062a\u0628\u0627\u0631","quiz_questions":"{\"2\":{\"question_text\":\"\\u0633\\u0624\\u0627\\u0644 2\\r\\n\",\"question_type\":\"true_false\",\"points\":\"1\",\"correct_answer\":\"true\"},\"3\":{\"question_text\":\"\\u0633\\u0624\\u0627\\u0644 3\\r\\n\",\"question_type\":\"multiple_choice\",\"points\":\"1\",\"options\":[\"\\u062e\\u064a\\u0627\\u0631 1\",\"\\u062e\\u064a\\u0627\\u0631 2\",\"\\u062e\\u064a\\u0627\\u0631 3\"]}}","time_limit":"30","time_limit_minutes":"30","max_attempts":"3","passing_score":"60.00","shuffle_questions":"1","shuffle_answers":"0","show_results":"1","show_results_immediately":"1","active":"1","created_at":"2025-09-17 12:48:34","updated_at":"2025-09-17 13:39:57","course_title":"\u0648\u0635\u0641 \u0645\u062e\u062a\u0635\u0631  \u0643\u0648\u0631\u0633 \u062c\u0627\u0641\u0627 \u0633\u0643\u0631\u064a\u0628\u062a"}
2025-09-20 22:28:45 COURSES_CONTROLLER DEBUG - currentItem: {"id":"2","unit_id":"1","unit_name":"\u0627\u0633\u0645 \u0627\u0644\u0648\u062d\u062f\u0629 *","item_type":"quiz","title":"tert","description":"\u0644\u0627 \u064a\u0648\u062c\u062f \u0648\u0635\u0641","item_id":"","duration":0,"thumbnail":"","metadata":{"quiz_id":"1"},"quiz_details":null,"page_details":null,"is_preview":false}
2025-09-20 22:28:45 COURSES_CONTROLLER DEBUG - requestedItemId: 2
2025-09-20 22:28:45 COURSES_CONTROLLER DEBUG - flatItems count: 7
2025-09-20 22:28:45 COURSE_VIEW DEBUG - current_item: {"id":"2","unit_id":"1","unit_name":"\u0627\u0633\u0645 \u0627\u0644\u0648\u062d\u062f\u0629 *","item_type":"quiz","title":"tert","description":"\u0644\u0627 \u064a\u0648\u062c\u062f \u0648\u0635\u0641","item_id":"","duration":0,"thumbnail":"","metadata":{"quiz_id":"1"},"quiz_details":null,"page_details":null,"is_preview":false}
2025-09-20 22:28:45 COURSE_VIEW DEBUG - current_id: 2
2025-09-20 22:28:45 COURSE_VIEW DEBUG - course_id: 1
2025-09-20 22:30:03 SWITCH CASE DEBUG - ENTERING IF BLOCK
2025-09-20 22:30:03 SWITCH CASE DEBUG - item_type: quiz
2025-09-20 22:30:03 SWITCH CASE DEBUG - metadata: {"quiz_id":"1"}
2025-09-20 22:30:03 SWITCH CASE DEBUG - ABOUT TO ENTER SWITCH
2025-09-20 22:30:03 SWITCH CASE DEBUG - ENTERED QUIZ CASE
2025-09-20 22:30:03 QUIZ LOADING DEBUG - quizId: 1
2025-09-20 22:30:03 QUIZ LOADING DEBUG - quizData result: {"id":"1","course_id":"1","quiz_title":"tert","quiz_desc":"\u0648\u0635\u0641 \u0627\u0644\u0627\u062e\u062a\u0628\u0627\u0631","quiz_questions":"{\"2\":{\"question_text\":\"\\u0633\\u0624\\u0627\\u0644 2\\r\\n\",\"question_type\":\"true_false\",\"points\":\"1\",\"correct_answer\":\"true\"},\"3\":{\"question_text\":\"\\u0633\\u0624\\u0627\\u0644 3\\r\\n\",\"question_type\":\"multiple_choice\",\"points\":\"1\",\"options\":[\"\\u062e\\u064a\\u0627\\u0631 1\",\"\\u062e\\u064a\\u0627\\u0631 2\",\"\\u062e\\u064a\\u0627\\u0631 3\"]}}","time_limit":"30","time_limit_minutes":"30","max_attempts":"3","passing_score":"60.00","shuffle_questions":"1","shuffle_answers":"0","show_results":"1","show_results_immediately":"1","active":"1","created_at":"2025-09-17 12:48:34","updated_at":"2025-09-17 13:39:57","course_title":"\u0648\u0635\u0641 \u0645\u062e\u062a\u0635\u0631  \u0643\u0648\u0631\u0633 \u062c\u0627\u0641\u0627 \u0633\u0643\u0631\u064a\u0628\u062a"}
2025-09-20 22:30:03 COURSES_CONTROLLER DEBUG - quizData: {"id":"1","course_id":"1","quiz_title":"tert","quiz_desc":"\u0648\u0635\u0641 \u0627\u0644\u0627\u062e\u062a\u0628\u0627\u0631","quiz_questions":"{\"2\":{\"question_text\":\"\\u0633\\u0624\\u0627\\u0644 2\\r\\n\",\"question_type\":\"true_false\",\"points\":\"1\",\"correct_answer\":\"true\"},\"3\":{\"question_text\":\"\\u0633\\u0624\\u0627\\u0644 3\\r\\n\",\"question_type\":\"multiple_choice\",\"points\":\"1\",\"options\":[\"\\u062e\\u064a\\u0627\\u0631 1\",\"\\u062e\\u064a\\u0627\\u0631 2\",\"\\u062e\\u064a\\u0627\\u0631 3\"]}}","time_limit":"30","time_limit_minutes":"30","max_attempts":"3","passing_score":"60.00","shuffle_questions":"1","shuffle_answers":"0","show_results":"1","show_results_immediately":"1","active":"1","created_at":"2025-09-17 12:48:34","updated_at":"2025-09-17 13:39:57","course_title":"\u0648\u0635\u0641 \u0645\u062e\u062a\u0635\u0631  \u0643\u0648\u0631\u0633 \u062c\u0627\u0641\u0627 \u0633\u0643\u0631\u064a\u0628\u062a"}
2025-09-20 22:30:03 COURSES_CONTROLLER DEBUG - currentItem: {"id":"2","unit_id":"1","unit_name":"\u0627\u0633\u0645 \u0627\u0644\u0648\u062d\u062f\u0629 *","item_type":"quiz","title":"tert","description":"\u0644\u0627 \u064a\u0648\u062c\u062f \u0648\u0635\u0641","item_id":"","duration":0,"thumbnail":"","metadata":{"quiz_id":"1"},"quiz_details":null,"page_details":null,"is_preview":false}
2025-09-20 22:30:03 COURSES_CONTROLLER DEBUG - requestedItemId: 2
2025-09-20 22:30:03 COURSES_CONTROLLER DEBUG - flatItems count: 7
2025-09-20 22:30:03 COURSE_VIEW DEBUG - current_item: {"id":"2","unit_id":"1","unit_name":"\u0627\u0633\u0645 \u0627\u0644\u0648\u062d\u062f\u0629 *","item_type":"quiz","title":"tert","description":"\u0644\u0627 \u064a\u0648\u062c\u062f \u0648\u0635\u0641","item_id":"","duration":0,"thumbnail":"","metadata":{"quiz_id":"1"},"quiz_details":null,"page_details":null,"is_preview":false}
2025-09-20 22:30:03 COURSE_VIEW DEBUG - current_id: 2
2025-09-20 22:30:03 COURSE_VIEW DEBUG - course_id: 1
2025-09-20 22:56:04 SWITCH CASE DEBUG - ENTERING IF BLOCK
2025-09-20 22:56:04 SWITCH CASE DEBUG - item_type: quiz
2025-09-20 22:56:04 SWITCH CASE DEBUG - metadata: {"quiz_id":"1"}
2025-09-20 22:56:04 SWITCH CASE DEBUG - ABOUT TO ENTER SWITCH
2025-09-20 22:56:04 SWITCH CASE DEBUG - ENTERED QUIZ CASE
2025-09-20 22:56:04 QUIZ LOADING DEBUG - quizId: 1
2025-09-20 22:56:04 QUIZ LOADING DEBUG - quizData result: {"id":"1","course_id":"1","quiz_title":"tert","quiz_desc":"\u0648\u0635\u0641 \u0627\u0644\u0627\u062e\u062a\u0628\u0627\u0631","quiz_questions":"{\"2\":{\"question_text\":\"\\u0633\\u0624\\u0627\\u0644 2\\r\\n\",\"question_type\":\"true_false\",\"points\":\"1\",\"correct_answer\":\"true\"},\"3\":{\"question_text\":\"\\u0633\\u0624\\u0627\\u0644 3\\r\\n\",\"question_type\":\"multiple_choice\",\"points\":\"1\",\"options\":[\"\\u062e\\u064a\\u0627\\u0631 1\",\"\\u062e\\u064a\\u0627\\u0631 2\",\"\\u062e\\u064a\\u0627\\u0631 3\"]}}","time_limit":"30","time_limit_minutes":"30","max_attempts":"3","passing_score":"60.00","shuffle_questions":"1","shuffle_answers":"0","show_results":"1","show_results_immediately":"1","active":"1","created_at":"2025-09-17 12:48:34","updated_at":"2025-09-17 13:39:57","course_title":"\u0648\u0635\u0641 \u0645\u062e\u062a\u0635\u0631  \u0643\u0648\u0631\u0633 \u062c\u0627\u0641\u0627 \u0633\u0643\u0631\u064a\u0628\u062a"}
2025-09-20 22:56:04 COURSES_CONTROLLER DEBUG - quizData: {"id":"1","course_id":"1","quiz_title":"tert","quiz_desc":"\u0648\u0635\u0641 \u0627\u0644\u0627\u062e\u062a\u0628\u0627\u0631","quiz_questions":"{\"2\":{\"question_text\":\"\\u0633\\u0624\\u0627\\u0644 2\\r\\n\",\"question_type\":\"true_false\",\"points\":\"1\",\"correct_answer\":\"true\"},\"3\":{\"question_text\":\"\\u0633\\u0624\\u0627\\u0644 3\\r\\n\",\"question_type\":\"multiple_choice\",\"points\":\"1\",\"options\":[\"\\u062e\\u064a\\u0627\\u0631 1\",\"\\u062e\\u064a\\u0627\\u0631 2\",\"\\u062e\\u064a\\u0627\\u0631 3\"]}}","time_limit":"30","time_limit_minutes":"30","max_attempts":"3","passing_score":"60.00","shuffle_questions":"1","shuffle_answers":"0","show_results":"1","show_results_immediately":"1","active":"1","created_at":"2025-09-17 12:48:34","updated_at":"2025-09-17 13:39:57","course_title":"\u0648\u0635\u0641 \u0645\u062e\u062a\u0635\u0631  \u0643\u0648\u0631\u0633 \u062c\u0627\u0641\u0627 \u0633\u0643\u0631\u064a\u0628\u062a"}
2025-09-20 22:56:04 COURSES_CONTROLLER DEBUG - currentItem: {"id":"2","unit_id":"1","unit_name":"\u0627\u0633\u0645 \u0627\u0644\u0648\u062d\u062f\u0629 *","item_type":"quiz","title":"tert","description":"\u0644\u0627 \u064a\u0648\u062c\u062f \u0648\u0635\u0641","item_id":"","duration":0,"thumbnail":"","metadata":{"quiz_id":"1"},"quiz_details":null,"page_details":null,"is_preview":false}
2025-09-20 22:56:04 COURSES_CONTROLLER DEBUG - requestedItemId: 2
2025-09-20 22:56:04 COURSES_CONTROLLER DEBUG - flatItems count: 7
2025-09-20 22:56:04 COURSE_VIEW DEBUG - current_item: {"id":"2","unit_id":"1","unit_name":"\u0627\u0633\u0645 \u0627\u0644\u0648\u062d\u062f\u0629 *","item_type":"quiz","title":"tert","description":"\u0644\u0627 \u064a\u0648\u062c\u062f \u0648\u0635\u0641","item_id":"","duration":0,"thumbnail":"","metadata":{"quiz_id":"1"},"quiz_details":null,"page_details":null,"is_preview":false}
2025-09-20 22:56:04 COURSE_VIEW DEBUG - current_id: 2
2025-09-20 22:56:04 COURSE_VIEW DEBUG - course_id: 1
2025-09-20 23:36:18 SWITCH CASE DEBUG - ENTERING IF BLOCK
2025-09-20 23:36:18 SWITCH CASE DEBUG - item_type: quiz
2025-09-20 23:36:18 SWITCH CASE DEBUG - metadata: {"quiz_id":"1"}
2025-09-20 23:36:18 SWITCH CASE DEBUG - ABOUT TO ENTER SWITCH
2025-09-20 23:36:18 SWITCH CASE DEBUG - ENTERED QUIZ CASE
2025-09-20 23:36:18 QUIZ LOADING DEBUG - quizId: 1
2025-09-20 23:36:18 QUIZ LOADING DEBUG - quizData result: {"id":"1","course_id":"1","quiz_title":"tert","quiz_desc":"\u0648\u0635\u0641 \u0627\u0644\u0627\u062e\u062a\u0628\u0627\u0631","quiz_questions":"{\"2\":{\"question_text\":\"\\u0633\\u0624\\u0627\\u0644 2\\r\\n\",\"question_type\":\"true_false\",\"points\":\"1\",\"correct_answer\":\"true\"},\"3\":{\"question_text\":\"\\u0633\\u0624\\u0627\\u0644 3\\r\\n\",\"question_type\":\"multiple_choice\",\"points\":\"1\",\"options\":[\"\\u062e\\u064a\\u0627\\u0631 1\",\"\\u062e\\u064a\\u0627\\u0631 2\",\"\\u062e\\u064a\\u0627\\u0631 3\"]}}","time_limit":"30","time_limit_minutes":"30","max_attempts":"3","passing_score":"60.00","shuffle_questions":"1","shuffle_answers":"0","show_results":"1","show_results_immediately":"1","active":"1","created_at":"2025-09-17 12:48:34","updated_at":"2025-09-17 13:39:57","course_title":"\u0648\u0635\u0641 \u0645\u062e\u062a\u0635\u0631  \u0643\u0648\u0631\u0633 \u062c\u0627\u0641\u0627 \u0633\u0643\u0631\u064a\u0628\u062a"}
2025-09-20 23:36:18 COURSES_CONTROLLER DEBUG - quizData: {"id":"1","course_id":"1","quiz_title":"tert","quiz_desc":"\u0648\u0635\u0641 \u0627\u0644\u0627\u062e\u062a\u0628\u0627\u0631","quiz_questions":"{\"2\":{\"question_text\":\"\\u0633\\u0624\\u0627\\u0644 2\\r\\n\",\"question_type\":\"true_false\",\"points\":\"1\",\"correct_answer\":\"true\"},\"3\":{\"question_text\":\"\\u0633\\u0624\\u0627\\u0644 3\\r\\n\",\"question_type\":\"multiple_choice\",\"points\":\"1\",\"options\":[\"\\u062e\\u064a\\u0627\\u0631 1\",\"\\u062e\\u064a\\u0627\\u0631 2\",\"\\u062e\\u064a\\u0627\\u0631 3\"]}}","time_limit":"30","time_limit_minutes":"30","max_attempts":"3","passing_score":"60.00","shuffle_questions":"1","shuffle_answers":"0","show_results":"1","show_results_immediately":"1","active":"1","created_at":"2025-09-17 12:48:34","updated_at":"2025-09-17 13:39:57","course_title":"\u0648\u0635\u0641 \u0645\u062e\u062a\u0635\u0631  \u0643\u0648\u0631\u0633 \u062c\u0627\u0641\u0627 \u0633\u0643\u0631\u064a\u0628\u062a"}
2025-09-20 23:36:18 COURSES_CONTROLLER DEBUG - currentItem: {"id":"2","unit_id":"1","unit_name":"\u0627\u0633\u0645 \u0627\u0644\u0648\u062d\u062f\u0629 *","item_type":"quiz","title":"tert","description":"\u0644\u0627 \u064a\u0648\u062c\u062f \u0648\u0635\u0641","item_id":"","duration":0,"thumbnail":"","metadata":{"quiz_id":"1"},"quiz_details":null,"page_details":null,"is_preview":false}
2025-09-20 23:36:18 COURSES_CONTROLLER DEBUG - requestedItemId: 2
2025-09-20 23:36:18 COURSES_CONTROLLER DEBUG - flatItems count: 7
2025-09-20 23:36:18 COURSE_VIEW DEBUG - current_item: {"id":"2","unit_id":"1","unit_name":"\u0627\u0633\u0645 \u0627\u0644\u0648\u062d\u062f\u0629 *","item_type":"quiz","title":"tert","description":"\u0644\u0627 \u064a\u0648\u062c\u062f \u0648\u0635\u0641","item_id":"","duration":0,"thumbnail":"","metadata":{"quiz_id":"1"},"quiz_details":null,"page_details":null,"is_preview":false}
2025-09-20 23:36:18 COURSE_VIEW DEBUG - current_id: 2
2025-09-20 23:36:18 COURSE_VIEW DEBUG - course_id: 1
2025-09-20 23:36:31 SWITCH CASE DEBUG - ENTERING IF BLOCK
2025-09-20 23:36:31 SWITCH CASE DEBUG - item_type: quiz
2025-09-20 23:36:31 SWITCH CASE DEBUG - metadata: {"quiz_id":"1"}
2025-09-20 23:36:31 SWITCH CASE DEBUG - ABOUT TO ENTER SWITCH
2025-09-20 23:36:31 SWITCH CASE DEBUG - ENTERED QUIZ CASE
2025-09-20 23:36:31 QUIZ LOADING DEBUG - quizId: 1
2025-09-20 23:36:31 QUIZ LOADING DEBUG - quizData result: {"id":"1","course_id":"1","quiz_title":"tert","quiz_desc":"\u0648\u0635\u0641 \u0627\u0644\u0627\u062e\u062a\u0628\u0627\u0631","quiz_questions":"{\"2\":{\"question_text\":\"\\u0633\\u0624\\u0627\\u0644 2\\r\\n\",\"question_type\":\"true_false\",\"points\":\"1\",\"correct_answer\":\"true\"},\"3\":{\"question_text\":\"\\u0633\\u0624\\u0627\\u0644 3\\r\\n\",\"question_type\":\"multiple_choice\",\"points\":\"1\",\"options\":[\"\\u062e\\u064a\\u0627\\u0631 1\",\"\\u062e\\u064a\\u0627\\u0631 2\",\"\\u062e\\u064a\\u0627\\u0631 3\"]}}","time_limit":"30","time_limit_minutes":"30","max_attempts":"3","passing_score":"60.00","shuffle_questions":"1","shuffle_answers":"0","show_results":"1","show_results_immediately":"1","active":"1","created_at":"2025-09-17 12:48:34","updated_at":"2025-09-17 13:39:57","course_title":"\u0648\u0635\u0641 \u0645\u062e\u062a\u0635\u0631  \u0643\u0648\u0631\u0633 \u062c\u0627\u0641\u0627 \u0633\u0643\u0631\u064a\u0628\u062a"}
2025-09-20 23:36:31 COURSES_CONTROLLER DEBUG - quizData: {"id":"1","course_id":"1","quiz_title":"tert","quiz_desc":"\u0648\u0635\u0641 \u0627\u0644\u0627\u062e\u062a\u0628\u0627\u0631","quiz_questions":"{\"2\":{\"question_text\":\"\\u0633\\u0624\\u0627\\u0644 2\\r\\n\",\"question_type\":\"true_false\",\"points\":\"1\",\"correct_answer\":\"true\"},\"3\":{\"question_text\":\"\\u0633\\u0624\\u0627\\u0644 3\\r\\n\",\"question_type\":\"multiple_choice\",\"points\":\"1\",\"options\":[\"\\u062e\\u064a\\u0627\\u0631 1\",\"\\u062e\\u064a\\u0627\\u0631 2\",\"\\u062e\\u064a\\u0627\\u0631 3\"]}}","time_limit":"30","time_limit_minutes":"30","max_attempts":"3","passing_score":"60.00","shuffle_questions":"1","shuffle_answers":"0","show_results":"1","show_results_immediately":"1","active":"1","created_at":"2025-09-17 12:48:34","updated_at":"2025-09-17 13:39:57","course_title":"\u0648\u0635\u0641 \u0645\u062e\u062a\u0635\u0631  \u0643\u0648\u0631\u0633 \u062c\u0627\u0641\u0627 \u0633\u0643\u0631\u064a\u0628\u062a"}
2025-09-20 23:36:31 COURSES_CONTROLLER DEBUG - currentItem: {"id":"2","unit_id":"1","unit_name":"\u0627\u0633\u0645 \u0627\u0644\u0648\u062d\u062f\u0629 *","item_type":"quiz","title":"tert","description":"\u0644\u0627 \u064a\u0648\u062c\u062f \u0648\u0635\u0641","item_id":"","duration":0,"thumbnail":"","metadata":{"quiz_id":"1"},"quiz_details":null,"page_details":null,"is_preview":false}
2025-09-20 23:36:31 COURSES_CONTROLLER DEBUG - requestedItemId: 2
2025-09-20 23:36:31 COURSES_CONTROLLER DEBUG - flatItems count: 7
2025-09-20 23:36:31 COURSE_VIEW DEBUG - current_item: {"id":"2","unit_id":"1","unit_name":"\u0627\u0633\u0645 \u0627\u0644\u0648\u062d\u062f\u0629 *","item_type":"quiz","title":"tert","description":"\u0644\u0627 \u064a\u0648\u062c\u062f \u0648\u0635\u0641","item_id":"","duration":0,"thumbnail":"","metadata":{"quiz_id":"1"},"quiz_details":null,"page_details":null,"is_preview":false}
2025-09-20 23:36:31 COURSE_VIEW DEBUG - current_id: 2
2025-09-20 23:36:31 COURSE_VIEW DEBUG - course_id: 1
2025-09-20 23:37:38 SWITCH CASE DEBUG - ENTERING IF BLOCK
2025-09-20 23:37:38 SWITCH CASE DEBUG - item_type: quiz
2025-09-20 23:37:38 SWITCH CASE DEBUG - metadata: {"quiz_id":"1"}
2025-09-20 23:37:38 SWITCH CASE DEBUG - ABOUT TO ENTER SWITCH
2025-09-20 23:37:38 SWITCH CASE DEBUG - ENTERED QUIZ CASE
2025-09-20 23:37:38 QUIZ LOADING DEBUG - quizId: 1
2025-09-20 23:37:38 QUIZ LOADING DEBUG - quizData result: {"id":"1","course_id":"1","quiz_title":"tert","quiz_desc":"\u0648\u0635\u0641 \u0627\u0644\u0627\u062e\u062a\u0628\u0627\u0631","quiz_questions":"{\"2\":{\"question_text\":\"\\u0633\\u0624\\u0627\\u0644 2\\r\\n\",\"question_type\":\"true_false\",\"points\":\"1\",\"correct_answer\":\"true\"},\"3\":{\"question_text\":\"\\u0633\\u0624\\u0627\\u0644 3\\r\\n\",\"question_type\":\"multiple_choice\",\"points\":\"1\",\"options\":[\"\\u062e\\u064a\\u0627\\u0631 1\",\"\\u062e\\u064a\\u0627\\u0631 2\",\"\\u062e\\u064a\\u0627\\u0631 3\"]}}","time_limit":"30","time_limit_minutes":"30","max_attempts":"3","passing_score":"60.00","shuffle_questions":"1","shuffle_answers":"0","show_results":"1","show_results_immediately":"1","active":"1","created_at":"2025-09-17 12:48:34","updated_at":"2025-09-17 13:39:57","course_title":"\u0648\u0635\u0641 \u0645\u062e\u062a\u0635\u0631  \u0643\u0648\u0631\u0633 \u062c\u0627\u0641\u0627 \u0633\u0643\u0631\u064a\u0628\u062a"}
2025-09-20 23:37:38 COURSES_CONTROLLER DEBUG - quizData: {"id":"1","course_id":"1","quiz_title":"tert","quiz_desc":"\u0648\u0635\u0641 \u0627\u0644\u0627\u062e\u062a\u0628\u0627\u0631","quiz_questions":"{\"2\":{\"question_text\":\"\\u0633\\u0624\\u0627\\u0644 2\\r\\n\",\"question_type\":\"true_false\",\"points\":\"1\",\"correct_answer\":\"true\"},\"3\":{\"question_text\":\"\\u0633\\u0624\\u0627\\u0644 3\\r\\n\",\"question_type\":\"multiple_choice\",\"points\":\"1\",\"options\":[\"\\u062e\\u064a\\u0627\\u0631 1\",\"\\u062e\\u064a\\u0627\\u0631 2\",\"\\u062e\\u064a\\u0627\\u0631 3\"]}}","time_limit":"30","time_limit_minutes":"30","max_attempts":"3","passing_score":"60.00","shuffle_questions":"1","shuffle_answers":"0","show_results":"1","show_results_immediately":"1","active":"1","created_at":"2025-09-17 12:48:34","updated_at":"2025-09-17 13:39:57","course_title":"\u0648\u0635\u0641 \u0645\u062e\u062a\u0635\u0631  \u0643\u0648\u0631\u0633 \u062c\u0627\u0641\u0627 \u0633\u0643\u0631\u064a\u0628\u062a"}
2025-09-20 23:37:38 COURSES_CONTROLLER DEBUG - currentItem: {"id":"2","unit_id":"1","unit_name":"\u0627\u0633\u0645 \u0627\u0644\u0648\u062d\u062f\u0629 *","item_type":"quiz","title":"tert","description":"\u0644\u0627 \u064a\u0648\u062c\u062f \u0648\u0635\u0641","item_id":"","duration":0,"thumbnail":"","metadata":{"quiz_id":"1"},"quiz_details":null,"page_details":null,"is_preview":false}
2025-09-20 23:37:38 COURSES_CONTROLLER DEBUG - requestedItemId: 2
2025-09-20 23:37:38 COURSES_CONTROLLER DEBUG - flatItems count: 7
2025-09-20 23:37:38 COURSE_VIEW DEBUG - current_item: {"id":"2","unit_id":"1","unit_name":"\u0627\u0633\u0645 \u0627\u0644\u0648\u062d\u062f\u0629 *","item_type":"quiz","title":"tert","description":"\u0644\u0627 \u064a\u0648\u062c\u062f \u0648\u0635\u0641","item_id":"","duration":0,"thumbnail":"","metadata":{"quiz_id":"1"},"quiz_details":null,"page_details":null,"is_preview":false}
2025-09-20 23:37:38 COURSE_VIEW DEBUG - current_id: 2
2025-09-20 23:37:38 COURSE_VIEW DEBUG - course_id: 1
2025-09-20 23:41:14 SWITCH CASE DEBUG - ENTERING IF BLOCK
2025-09-20 23:41:14 SWITCH CASE DEBUG - item_type: video
2025-09-20 23:41:14 SWITCH CASE DEBUG - metadata: {"video_id":"7a461808-1048-4d73-afdd-985bb3c131cd","file_size":154202982,"video_title":"\u0645\u0627 \u0647\u0648 \u0627\u062e\u062a\u0628\u0627\u0631 TOFAS .mkv","collection_id":"6d877b87-0faf-4841-b82f-b00e01a6c4ec","video_quality":"2060x1080","video_duration":533,"video_thumbnail":"https:\/\/vz-495222.b-cdn.net\/7a461808-1048-4d73-afdd-985bb3c131cd\/thumbnail.jpg","video_library_id":""}
2025-09-20 23:41:14 SWITCH CASE DEBUG - ABOUT TO ENTER SWITCH
2025-09-20 23:41:14 SWITCH CASE DEBUG - ENTERED VIDEO CASE
2025-09-20 23:41:14 COURSES_CONTROLLER DEBUG - quizData: null
2025-09-20 23:41:14 COURSES_CONTROLLER DEBUG - currentItem: {"id":"1","unit_id":"1","unit_name":"\u0627\u0633\u0645 \u0627\u0644\u0648\u062d\u062f\u0629 *","item_type":"video","title":"\u0645\u0627 \u0647\u0648 \u0627\u062e\u062a\u0628\u0627\u0631 TOFAS .mkv","description":"","item_id":"","duration":533,"thumbnail":"https:\/\/vz-495222.b-cdn.net\/7a461808-1048-4d73-afdd-985bb3c131cd\/thumbnail.jpg","metadata":{"video_id":"7a461808-1048-4d73-afdd-985bb3c131cd","file_size":154202982,"video_title":"\u0645\u0627 \u0647\u0648 \u0627\u062e\u062a\u0628\u0627\u0631 TOFAS .mkv","collection_id":"6d877b87-0faf-4841-b82f-b00e01a6c4ec","video_quality":"2060x1080","video_duration":533,"video_thumbnail":"https:\/\/vz-495222.b-cdn.net\/7a461808-1048-4d73-afdd-985bb3c131cd\/thumbnail.jpg","video_library_id":""},"quiz_details":null,"page_details":null,"is_preview":false}
2025-09-20 23:41:14 COURSES_CONTROLLER DEBUG - requestedItemId: 1
2025-09-20 23:41:14 COURSES_CONTROLLER DEBUG - flatItems count: 7
2025-09-20 23:41:14 COURSE_VIEW DEBUG - current_item: {"id":"1","unit_id":"1","unit_name":"\u0627\u0633\u0645 \u0627\u0644\u0648\u062d\u062f\u0629 *","item_type":"video","title":"\u0645\u0627 \u0647\u0648 \u0627\u062e\u062a\u0628\u0627\u0631 TOFAS .mkv","description":"","item_id":"","duration":533,"thumbnail":"https:\/\/vz-495222.b-cdn.net\/7a461808-1048-4d73-afdd-985bb3c131cd\/thumbnail.jpg","metadata":{"video_id":"7a461808-1048-4d73-afdd-985bb3c131cd","file_size":154202982,"video_title":"\u0645\u0627 \u0647\u0648 \u0627\u062e\u062a\u0628\u0627\u0631 TOFAS .mkv","collection_id":"6d877b87-0faf-4841-b82f-b00e01a6c4ec","video_quality":"2060x1080","video_duration":533,"video_thumbnail":"https:\/\/vz-495222.b-cdn.net\/7a461808-1048-4d73-afdd-985bb3c131cd\/thumbnail.jpg","video_library_id":""},"quiz_details":null,"page_details":null,"is_preview":false}
2025-09-20 23:41:14 COURSE_VIEW DEBUG - current_id: 1
2025-09-20 23:41:14 COURSE_VIEW DEBUG - course_id: 1
2025-09-21 09:20:25 SWITCH CASE DEBUG - ENTERING IF BLOCK
2025-09-21 09:20:25 SWITCH CASE DEBUG - item_type: video
2025-09-21 09:20:25 SWITCH CASE DEBUG - metadata: {"video_id":"7a461808-1048-4d73-afdd-985bb3c131cd","file_size":154202982,"video_title":"\u0645\u0627 \u0647\u0648 \u0627\u062e\u062a\u0628\u0627\u0631 TOFAS .mkv","collection_id":"6d877b87-0faf-4841-b82f-b00e01a6c4ec","video_quality":"2060x1080","video_duration":533,"video_thumbnail":"https:\/\/vz-495222.b-cdn.net\/7a461808-1048-4d73-afdd-985bb3c131cd\/thumbnail.jpg","video_library_id":""}
2025-09-21 09:20:25 SWITCH CASE DEBUG - ABOUT TO ENTER SWITCH
2025-09-21 09:20:25 SWITCH CASE DEBUG - ENTERED VIDEO CASE
2025-09-21 09:20:25 COURSES_CONTROLLER DEBUG - quizData: null
2025-09-21 09:20:25 COURSES_CONTROLLER DEBUG - currentItem: {"id":"1","unit_id":"1","unit_name":"\u0627\u0633\u0645 \u0627\u0644\u0648\u062d\u062f\u0629 *","item_type":"video","title":"\u0645\u0627 \u0647\u0648 \u0627\u062e\u062a\u0628\u0627\u0631 TOFAS .mkv","description":"","item_id":"","duration":533,"thumbnail":"https:\/\/vz-495222.b-cdn.net\/7a461808-1048-4d73-afdd-985bb3c131cd\/thumbnail.jpg","metadata":{"video_id":"7a461808-1048-4d73-afdd-985bb3c131cd","file_size":154202982,"video_title":"\u0645\u0627 \u0647\u0648 \u0627\u062e\u062a\u0628\u0627\u0631 TOFAS .mkv","collection_id":"6d877b87-0faf-4841-b82f-b00e01a6c4ec","video_quality":"2060x1080","video_duration":533,"video_thumbnail":"https:\/\/vz-495222.b-cdn.net\/7a461808-1048-4d73-afdd-985bb3c131cd\/thumbnail.jpg","video_library_id":""},"quiz_details":null,"page_details":null,"is_preview":false}
2025-09-21 09:20:25 COURSES_CONTROLLER DEBUG - requestedItemId: 1
2025-09-21 09:20:25 COURSES_CONTROLLER DEBUG - flatItems count: 7
2025-09-21 09:20:25 COURSE_VIEW DEBUG - current_item: {"id":"1","unit_id":"1","unit_name":"\u0627\u0633\u0645 \u0627\u0644\u0648\u062d\u062f\u0629 *","item_type":"video","title":"\u0645\u0627 \u0647\u0648 \u0627\u062e\u062a\u0628\u0627\u0631 TOFAS .mkv","description":"","item_id":"","duration":533,"thumbnail":"https:\/\/vz-495222.b-cdn.net\/7a461808-1048-4d73-afdd-985bb3c131cd\/thumbnail.jpg","metadata":{"video_id":"7a461808-1048-4d73-afdd-985bb3c131cd","file_size":154202982,"video_title":"\u0645\u0627 \u0647\u0648 \u0627\u062e\u062a\u0628\u0627\u0631 TOFAS .mkv","collection_id":"6d877b87-0faf-4841-b82f-b00e01a6c4ec","video_quality":"2060x1080","video_duration":533,"video_thumbnail":"https:\/\/vz-495222.b-cdn.net\/7a461808-1048-4d73-afdd-985bb3c131cd\/thumbnail.jpg","video_library_id":""},"quiz_details":null,"page_details":null,"is_preview":false}
2025-09-21 09:20:25 COURSE_VIEW DEBUG - current_id: 1
2025-09-21 09:20:25 COURSE_VIEW DEBUG - course_id: 1
2025-09-21 09:20:38 PROGRESS_CONTROLLER DEBUG - AJAX request received
2025-09-21 09:20:38 PROGRESS_CONTROLLER DEBUG - Raw input: {"unit_id":1,"course_id":1,"item_id":1}
2025-09-21 09:20:38 PROGRESS_CONTROLLER DEBUG - User ID: 1
2025-09-21 09:20:38 PROGRESS_CONTROLLER DEBUG - Parsed input: {"unit_id":1,"course_id":1,"item_id":1}
2025-09-21 09:20:38 PROGRESS_CONTROLLER DEBUG - Unit ID: 1
2025-09-21 09:20:38 PROGRESS_CONTROLLER DEBUG - Course ID: 1
2025-09-21 09:20:38 PROGRESS_CONTROLLER DEBUG - Item ID: 1
2025-09-21 09:20:38 PROGRESS_CONTROLLER DEBUG - isUserEnrolled result: true
2025-09-21 09:20:38 PROGRESS_CONTROLLER DEBUG - Looking for enrollment with userId=1, unitId=1
2025-09-21 09:20:38 PROGRESS_CONTROLLER DEBUG - Enrollment found: {"id":"1","user_id":"1","unit_ids":"[\"1\"]","total_amount":"35000.00","payment_proof":"{\"files\": [{\"size\": \"35.419\", \"type\": \"image\/jpeg\", \"order\": 1, \"thumbs\": [], \"is_image\": 1, \"raw_name\": \"544754131_122114699606966699_7815220782632544805_n.jpg\", \"dimension\": \"526*526\", \"extension\": \"jpg\", \"full_path\": \"uploads\/enrollments\/20_09_2025\/1758385873_24ac5a9f3f48ae78426c.jpg\", \"thumbnails\": [], \"encoded_name\": \"1758385873_24ac5a9f3f48ae78426c.jpg\", \"original_name\": \"544754131_122114699606966699_7815220782632544805_n.jpg\"}], \"fileCount\": 1}","payment_method":"instapay","status":"approved","admin_notes":null,"processed_by":null,"processed_at":null,"created_at":"2025-09-20 19:31:13","updated_at":"2025-09-20 20:17:50"}
2025-09-21 09:20:38 MARK_ITEM_COMPLETED DEBUG - Starting with userId=1, unitId=1, itemId=1, enrollmentId=1
2025-09-21 09:20:38 MARK_ITEM_COMPLETED DEBUG - Data to insert/update: {"user_id":1,"unit_id":1,"item_id":1,"enrollment_id":1,"progress_percentage":100,"is_completed":1,"completed_at":"2025-09-21 09:20:38","last_accessed_at":"2025-09-21 09:20:38"}
2025-09-21 09:20:38 MARK_ITEM_COMPLETED DEBUG - Existing record: {"id":"1","user_id":"1","unit_id":"1","item_id":"1","enrollment_id":"1","progress_percentage":"100.00","watch_time":"0","last_position":"0","is_completed":"1","completed_at":"2025-09-20 22:23:37","first_accessed_at":"2025-09-20 20:56:01","last_accessed_at":"2025-09-20 22:23:37","created_at":"2025-09-20 20:56:01","updated_at":"2025-09-20 22:23:37"}
2025-09-21 09:20:38 MARK_ITEM_COMPLETED DEBUG - Update result: true
2025-09-21 09:20:39 SWITCH CASE DEBUG - ENTERING IF BLOCK
2025-09-21 09:20:39 SWITCH CASE DEBUG - item_type: quiz
2025-09-21 09:20:39 SWITCH CASE DEBUG - metadata: {"quiz_id":"1"}
2025-09-21 09:20:39 SWITCH CASE DEBUG - ABOUT TO ENTER SWITCH
2025-09-21 09:20:39 SWITCH CASE DEBUG - ENTERED QUIZ CASE
2025-09-21 09:20:39 QUIZ LOADING DEBUG - quizId: 1
2025-09-21 09:20:39 QUIZ LOADING DEBUG - quizData result: {"id":"1","course_id":"1","quiz_title":"tert","quiz_desc":"\u0648\u0635\u0641 \u0627\u0644\u0627\u062e\u062a\u0628\u0627\u0631","quiz_questions":"{\"2\":{\"question_text\":\"\\u0633\\u0624\\u0627\\u0644 2\\r\\n\",\"question_type\":\"true_false\",\"points\":\"1\",\"correct_answer\":\"true\"},\"3\":{\"question_text\":\"\\u0633\\u0624\\u0627\\u0644 3\\r\\n\",\"question_type\":\"multiple_choice\",\"points\":\"1\",\"options\":[\"\\u062e\\u064a\\u0627\\u0631 1\",\"\\u062e\\u064a\\u0627\\u0631 2\",\"\\u062e\\u064a\\u0627\\u0631 3\"]}}","time_limit":"30","time_limit_minutes":"30","max_attempts":"3","passing_score":"60.00","shuffle_questions":"1","shuffle_answers":"0","show_results":"1","show_results_immediately":"1","active":"1","created_at":"2025-09-17 12:48:34","updated_at":"2025-09-17 13:39:57","course_title":"\u0648\u0635\u0641 \u0645\u062e\u062a\u0635\u0631  \u0643\u0648\u0631\u0633 \u062c\u0627\u0641\u0627 \u0633\u0643\u0631\u064a\u0628\u062a"}
2025-09-21 09:20:39 COURSES_CONTROLLER DEBUG - quizData: {"id":"1","course_id":"1","quiz_title":"tert","quiz_desc":"\u0648\u0635\u0641 \u0627\u0644\u0627\u062e\u062a\u0628\u0627\u0631","quiz_questions":"{\"2\":{\"question_text\":\"\\u0633\\u0624\\u0627\\u0644 2\\r\\n\",\"question_type\":\"true_false\",\"points\":\"1\",\"correct_answer\":\"true\"},\"3\":{\"question_text\":\"\\u0633\\u0624\\u0627\\u0644 3\\r\\n\",\"question_type\":\"multiple_choice\",\"points\":\"1\",\"options\":[\"\\u062e\\u064a\\u0627\\u0631 1\",\"\\u062e\\u064a\\u0627\\u0631 2\",\"\\u062e\\u064a\\u0627\\u0631 3\"]}}","time_limit":"30","time_limit_minutes":"30","max_attempts":"3","passing_score":"60.00","shuffle_questions":"1","shuffle_answers":"0","show_results":"1","show_results_immediately":"1","active":"1","created_at":"2025-09-17 12:48:34","updated_at":"2025-09-17 13:39:57","course_title":"\u0648\u0635\u0641 \u0645\u062e\u062a\u0635\u0631  \u0643\u0648\u0631\u0633 \u062c\u0627\u0641\u0627 \u0633\u0643\u0631\u064a\u0628\u062a"}
2025-09-21 09:20:39 COURSES_CONTROLLER DEBUG - currentItem: {"id":"2","unit_id":"1","unit_name":"\u0627\u0633\u0645 \u0627\u0644\u0648\u062d\u062f\u0629 *","item_type":"quiz","title":"tert","description":"\u0644\u0627 \u064a\u0648\u062c\u062f \u0648\u0635\u0641","item_id":"","duration":0,"thumbnail":"","metadata":{"quiz_id":"1"},"quiz_details":null,"page_details":null,"is_preview":false}
2025-09-21 09:20:39 COURSES_CONTROLLER DEBUG - requestedItemId: 2
2025-09-21 09:20:39 COURSES_CONTROLLER DEBUG - flatItems count: 7
2025-09-21 09:20:39 COURSE_VIEW DEBUG - current_item: {"id":"2","unit_id":"1","unit_name":"\u0627\u0633\u0645 \u0627\u0644\u0648\u062d\u062f\u0629 *","item_type":"quiz","title":"tert","description":"\u0644\u0627 \u064a\u0648\u062c\u062f \u0648\u0635\u0641","item_id":"","duration":0,"thumbnail":"","metadata":{"quiz_id":"1"},"quiz_details":null,"page_details":null,"is_preview":false}
2025-09-21 09:20:39 COURSE_VIEW DEBUG - current_id: 2
2025-09-21 09:20:39 COURSE_VIEW DEBUG - course_id: 1
2025-09-21 09:20:59 PROGRESS_CONTROLLER DEBUG - AJAX request received
2025-09-21 09:20:59 PROGRESS_CONTROLLER DEBUG - Raw input: {"unit_id":1,"course_id":1,"item_id":2}
2025-09-21 09:20:59 PROGRESS_CONTROLLER DEBUG - User ID: 1
2025-09-21 09:20:59 PROGRESS_CONTROLLER DEBUG - Parsed input: {"unit_id":1,"course_id":1,"item_id":2}
2025-09-21 09:20:59 PROGRESS_CONTROLLER DEBUG - Unit ID: 1
2025-09-21 09:20:59 PROGRESS_CONTROLLER DEBUG - Course ID: 1
2025-09-21 09:20:59 PROGRESS_CONTROLLER DEBUG - Item ID: 2
2025-09-21 09:20:59 PROGRESS_CONTROLLER DEBUG - isUserEnrolled result: true
2025-09-21 09:20:59 PROGRESS_CONTROLLER DEBUG - Looking for enrollment with userId=1, unitId=1
2025-09-21 09:20:59 PROGRESS_CONTROLLER DEBUG - Enrollment found: {"id":"1","user_id":"1","unit_ids":"[\"1\"]","total_amount":"35000.00","payment_proof":"{\"files\": [{\"size\": \"35.419\", \"type\": \"image\/jpeg\", \"order\": 1, \"thumbs\": [], \"is_image\": 1, \"raw_name\": \"544754131_122114699606966699_7815220782632544805_n.jpg\", \"dimension\": \"526*526\", \"extension\": \"jpg\", \"full_path\": \"uploads\/enrollments\/20_09_2025\/1758385873_24ac5a9f3f48ae78426c.jpg\", \"thumbnails\": [], \"encoded_name\": \"1758385873_24ac5a9f3f48ae78426c.jpg\", \"original_name\": \"544754131_122114699606966699_7815220782632544805_n.jpg\"}], \"fileCount\": 1}","payment_method":"instapay","status":"approved","admin_notes":null,"processed_by":null,"processed_at":null,"created_at":"2025-09-20 19:31:13","updated_at":"2025-09-20 20:17:50"}
2025-09-21 09:20:59 MARK_ITEM_COMPLETED DEBUG - Starting with userId=1, unitId=1, itemId=2, enrollmentId=1
2025-09-21 09:20:59 MARK_ITEM_COMPLETED DEBUG - Data to insert/update: {"user_id":1,"unit_id":1,"item_id":2,"enrollment_id":1,"progress_percentage":100,"is_completed":1,"completed_at":"2025-09-21 09:20:59","last_accessed_at":"2025-09-21 09:20:59"}
2025-09-21 09:20:59 MARK_ITEM_COMPLETED DEBUG - Existing record: NULL
2025-09-21 09:20:59 MARK_ITEM_COMPLETED DEBUG - Insert result: true, Insert ID: 3
2025-09-21 09:21:00 SWITCH CASE DEBUG - ENTERING IF BLOCK
2025-09-21 09:21:00 SWITCH CASE DEBUG - item_type: page
2025-09-21 09:21:00 SWITCH CASE DEBUG - metadata: {"page_id":"2"}
2025-09-21 09:21:00 SWITCH CASE DEBUG - ABOUT TO ENTER SWITCH
2025-09-21 09:21:00 COURSES_CONTROLLER DEBUG - quizData: null
2025-09-21 09:21:00 COURSES_CONTROLLER DEBUG - currentItem: {"id":"3","unit_id":"1","unit_name":"\u0627\u0633\u0645 \u0627\u0644\u0648\u062d\u062f\u0629 *","item_type":"page","title":"\u0627\u0644\u0634\u0631\u0648\u0637 \u0648\u0627\u0644\u0623\u062d\u0643\u0627\u0645","description":"\u0644\u0627 \u064a\u0648\u062c\u062f \u0648\u0635\u0641","item_id":"","duration":0,"thumbnail":"","metadata":{"page_id":"2"},"quiz_details":null,"page_details":null,"is_preview":false}
2025-09-21 09:21:00 COURSES_CONTROLLER DEBUG - requestedItemId: 3
2025-09-21 09:21:00 COURSES_CONTROLLER DEBUG - flatItems count: 7
2025-09-21 09:21:00 COURSE_VIEW DEBUG - current_item: {"id":"3","unit_id":"1","unit_name":"\u0627\u0633\u0645 \u0627\u0644\u0648\u062d\u062f\u0629 *","item_type":"page","title":"\u0627\u0644\u0634\u0631\u0648\u0637 \u0648\u0627\u0644\u0623\u062d\u0643\u0627\u0645","description":"\u0644\u0627 \u064a\u0648\u062c\u062f \u0648\u0635\u0641","item_id":"","duration":0,"thumbnail":"","metadata":{"page_id":"2"},"quiz_details":null,"page_details":null,"is_preview":false}
2025-09-21 09:21:00 COURSE_VIEW DEBUG - current_id: 3
2025-09-21 09:21:00 COURSE_VIEW DEBUG - course_id: 1
2025-09-21 09:21:22 SWITCH CASE DEBUG - ENTERING IF BLOCK
2025-09-21 09:21:22 SWITCH CASE DEBUG - item_type: video
2025-09-21 09:21:22 SWITCH CASE DEBUG - metadata: {"video_id":"7a461808-1048-4d73-afdd-985bb3c131cd","file_size":154202982,"video_title":"\u0645\u0627 \u0647\u0648 \u0627\u062e\u062a\u0628\u0627\u0631 TOFAS .mkv","collection_id":"6d877b87-0faf-4841-b82f-b00e01a6c4ec","video_quality":"2060x1080","video_duration":533,"video_thumbnail":"https:\/\/vz-495222.b-cdn.net\/7a461808-1048-4d73-afdd-985bb3c131cd\/thumbnail.jpg","video_library_id":""}
2025-09-21 09:21:22 SWITCH CASE DEBUG - ABOUT TO ENTER SWITCH
2025-09-21 09:21:22 SWITCH CASE DEBUG - ENTERED VIDEO CASE
2025-09-21 09:21:22 COURSES_CONTROLLER DEBUG - quizData: null
2025-09-21 09:21:22 COURSES_CONTROLLER DEBUG - currentItem: {"id":"1","unit_id":"1","unit_name":"\u0627\u0633\u0645 \u0627\u0644\u0648\u062d\u062f\u0629 *","item_type":"video","title":"\u0645\u0627 \u0647\u0648 \u0627\u062e\u062a\u0628\u0627\u0631 TOFAS .mkv","description":"","item_id":"","duration":533,"thumbnail":"https:\/\/vz-495222.b-cdn.net\/7a461808-1048-4d73-afdd-985bb3c131cd\/thumbnail.jpg","metadata":{"video_id":"7a461808-1048-4d73-afdd-985bb3c131cd","file_size":154202982,"video_title":"\u0645\u0627 \u0647\u0648 \u0627\u062e\u062a\u0628\u0627\u0631 TOFAS .mkv","collection_id":"6d877b87-0faf-4841-b82f-b00e01a6c4ec","video_quality":"2060x1080","video_duration":533,"video_thumbnail":"https:\/\/vz-495222.b-cdn.net\/7a461808-1048-4d73-afdd-985bb3c131cd\/thumbnail.jpg","video_library_id":""},"quiz_details":null,"page_details":null,"is_preview":false}
2025-09-21 09:21:22 COURSES_CONTROLLER DEBUG - requestedItemId: 1
2025-09-21 09:21:22 COURSES_CONTROLLER DEBUG - flatItems count: 7
2025-09-21 09:21:22 COURSE_VIEW DEBUG - current_item: {"id":"1","unit_id":"1","unit_name":"\u0627\u0633\u0645 \u0627\u0644\u0648\u062d\u062f\u0629 *","item_type":"video","title":"\u0645\u0627 \u0647\u0648 \u0627\u062e\u062a\u0628\u0627\u0631 TOFAS .mkv","description":"","item_id":"","duration":533,"thumbnail":"https:\/\/vz-495222.b-cdn.net\/7a461808-1048-4d73-afdd-985bb3c131cd\/thumbnail.jpg","metadata":{"video_id":"7a461808-1048-4d73-afdd-985bb3c131cd","file_size":154202982,"video_title":"\u0645\u0627 \u0647\u0648 \u0627\u062e\u062a\u0628\u0627\u0631 TOFAS .mkv","collection_id":"6d877b87-0faf-4841-b82f-b00e01a6c4ec","video_quality":"2060x1080","video_duration":533,"video_thumbnail":"https:\/\/vz-495222.b-cdn.net\/7a461808-1048-4d73-afdd-985bb3c131cd\/thumbnail.jpg","video_library_id":""},"quiz_details":null,"page_details":null,"is_preview":false}
2025-09-21 09:21:22 COURSE_VIEW DEBUG - current_id: 1
2025-09-21 09:21:22 COURSE_VIEW DEBUG - course_id: 1
2025-09-21 09:21:33 PROGRESS_CONTROLLER DEBUG - AJAX request received
2025-09-21 09:21:33 PROGRESS_CONTROLLER DEBUG - Raw input: {"unit_id":1,"course_id":1,"item_id":1}
2025-09-21 09:21:33 PROGRESS_CONTROLLER DEBUG - User ID: 1
2025-09-21 09:21:33 PROGRESS_CONTROLLER DEBUG - Parsed input: {"unit_id":1,"course_id":1,"item_id":1}
2025-09-21 09:21:33 PROGRESS_CONTROLLER DEBUG - Unit ID: 1
2025-09-21 09:21:33 PROGRESS_CONTROLLER DEBUG - Course ID: 1
2025-09-21 09:21:33 PROGRESS_CONTROLLER DEBUG - Item ID: 1
2025-09-21 09:21:33 PROGRESS_CONTROLLER DEBUG - isUserEnrolled result: true
2025-09-21 09:21:33 PROGRESS_CONTROLLER DEBUG - Looking for enrollment with userId=1, unitId=1
2025-09-21 09:21:33 PROGRESS_CONTROLLER DEBUG - Enrollment found: {"id":"1","user_id":"1","unit_ids":"[\"1\"]","total_amount":"35000.00","payment_proof":"{\"files\": [{\"size\": \"35.419\", \"type\": \"image\/jpeg\", \"order\": 1, \"thumbs\": [], \"is_image\": 1, \"raw_name\": \"544754131_122114699606966699_7815220782632544805_n.jpg\", \"dimension\": \"526*526\", \"extension\": \"jpg\", \"full_path\": \"uploads\/enrollments\/20_09_2025\/1758385873_24ac5a9f3f48ae78426c.jpg\", \"thumbnails\": [], \"encoded_name\": \"1758385873_24ac5a9f3f48ae78426c.jpg\", \"original_name\": \"544754131_122114699606966699_7815220782632544805_n.jpg\"}], \"fileCount\": 1}","payment_method":"instapay","status":"approved","admin_notes":null,"processed_by":null,"processed_at":null,"created_at":"2025-09-20 19:31:13","updated_at":"2025-09-20 20:17:50"}
2025-09-21 09:21:33 MARK_ITEM_COMPLETED DEBUG - Starting with userId=1, unitId=1, itemId=1, enrollmentId=1
2025-09-21 09:21:33 MARK_ITEM_COMPLETED DEBUG - Data to insert/update: {"user_id":1,"unit_id":1,"item_id":1,"enrollment_id":1,"progress_percentage":100,"is_completed":1,"completed_at":"2025-09-21 09:21:33","last_accessed_at":"2025-09-21 09:21:33"}
2025-09-21 09:21:33 MARK_ITEM_COMPLETED DEBUG - Existing record: {"id":"1","user_id":"1","unit_id":"1","item_id":"1","enrollment_id":"1","progress_percentage":"100.00","watch_time":"0","last_position":"0","is_completed":"1","completed_at":"2025-09-21 09:20:38","first_accessed_at":"2025-09-20 20:56:01","last_accessed_at":"2025-09-21 09:20:38","created_at":"2025-09-20 20:56:01","updated_at":"2025-09-21 09:20:38"}
2025-09-21 09:21:33 MARK_ITEM_COMPLETED DEBUG - Update result: true
2025-09-21 09:21:34 SWITCH CASE DEBUG - ENTERING IF BLOCK
2025-09-21 09:21:34 SWITCH CASE DEBUG - item_type: page
2025-09-21 09:21:34 SWITCH CASE DEBUG - metadata: {"page_id":"2"}
2025-09-21 09:21:34 SWITCH CASE DEBUG - ABOUT TO ENTER SWITCH
2025-09-21 09:21:34 COURSES_CONTROLLER DEBUG - quizData: null
2025-09-21 09:21:34 COURSES_CONTROLLER DEBUG - currentItem: {"id":"3","unit_id":"1","unit_name":"\u0627\u0633\u0645 \u0627\u0644\u0648\u062d\u062f\u0629 *","item_type":"page","title":"\u0627\u0644\u0634\u0631\u0648\u0637 \u0648\u0627\u0644\u0623\u062d\u0643\u0627\u0645","description":"\u0644\u0627 \u064a\u0648\u062c\u062f \u0648\u0635\u0641","item_id":"","duration":0,"thumbnail":"","metadata":{"page_id":"2"},"quiz_details":null,"page_details":null,"is_preview":false}
2025-09-21 09:21:34 COURSES_CONTROLLER DEBUG - requestedItemId: 3
2025-09-21 09:21:34 COURSES_CONTROLLER DEBUG - flatItems count: 7
2025-09-21 09:21:34 COURSE_VIEW DEBUG - current_item: {"id":"3","unit_id":"1","unit_name":"\u0627\u0633\u0645 \u0627\u0644\u0648\u062d\u062f\u0629 *","item_type":"page","title":"\u0627\u0644\u0634\u0631\u0648\u0637 \u0648\u0627\u0644\u0623\u062d\u0643\u0627\u0645","description":"\u0644\u0627 \u064a\u0648\u062c\u062f \u0648\u0635\u0641","item_id":"","duration":0,"thumbnail":"","metadata":{"page_id":"2"},"quiz_details":null,"page_details":null,"is_preview":false}
2025-09-21 09:21:34 COURSE_VIEW DEBUG - current_id: 3
2025-09-21 09:21:34 COURSE_VIEW DEBUG - course_id: 1
2025-09-21 09:21:38 SWITCH CASE DEBUG - ENTERING IF BLOCK
2025-09-21 09:21:38 SWITCH CASE DEBUG - item_type: quiz
2025-09-21 09:21:38 SWITCH CASE DEBUG - metadata: {"quiz_id":"1"}
2025-09-21 09:21:38 SWITCH CASE DEBUG - ABOUT TO ENTER SWITCH
2025-09-21 09:21:38 SWITCH CASE DEBUG - ENTERED QUIZ CASE
2025-09-21 09:21:38 QUIZ LOADING DEBUG - quizId: 1
2025-09-21 09:21:38 QUIZ LOADING DEBUG - quizData result: {"id":"1","course_id":"1","quiz_title":"tert","quiz_desc":"\u0648\u0635\u0641 \u0627\u0644\u0627\u062e\u062a\u0628\u0627\u0631","quiz_questions":"{\"2\":{\"question_text\":\"\\u0633\\u0624\\u0627\\u0644 2\\r\\n\",\"question_type\":\"true_false\",\"points\":\"1\",\"correct_answer\":\"true\"},\"3\":{\"question_text\":\"\\u0633\\u0624\\u0627\\u0644 3\\r\\n\",\"question_type\":\"multiple_choice\",\"points\":\"1\",\"options\":[\"\\u062e\\u064a\\u0627\\u0631 1\",\"\\u062e\\u064a\\u0627\\u0631 2\",\"\\u062e\\u064a\\u0627\\u0631 3\"]}}","time_limit":"30","time_limit_minutes":"30","max_attempts":"3","passing_score":"60.00","shuffle_questions":"1","shuffle_answers":"0","show_results":"1","show_results_immediately":"1","active":"1","created_at":"2025-09-17 12:48:34","updated_at":"2025-09-17 13:39:57","course_title":"\u0648\u0635\u0641 \u0645\u062e\u062a\u0635\u0631  \u0643\u0648\u0631\u0633 \u062c\u0627\u0641\u0627 \u0633\u0643\u0631\u064a\u0628\u062a"}
2025-09-21 09:21:38 COURSES_CONTROLLER DEBUG - quizData: {"id":"1","course_id":"1","quiz_title":"tert","quiz_desc":"\u0648\u0635\u0641 \u0627\u0644\u0627\u062e\u062a\u0628\u0627\u0631","quiz_questions":"{\"2\":{\"question_text\":\"\\u0633\\u0624\\u0627\\u0644 2\\r\\n\",\"question_type\":\"true_false\",\"points\":\"1\",\"correct_answer\":\"true\"},\"3\":{\"question_text\":\"\\u0633\\u0624\\u0627\\u0644 3\\r\\n\",\"question_type\":\"multiple_choice\",\"points\":\"1\",\"options\":[\"\\u062e\\u064a\\u0627\\u0631 1\",\"\\u062e\\u064a\\u0627\\u0631 2\",\"\\u062e\\u064a\\u0627\\u0631 3\"]}}","time_limit":"30","time_limit_minutes":"30","max_attempts":"3","passing_score":"60.00","shuffle_questions":"1","shuffle_answers":"0","show_results":"1","show_results_immediately":"1","active":"1","created_at":"2025-09-17 12:48:34","updated_at":"2025-09-17 13:39:57","course_title":"\u0648\u0635\u0641 \u0645\u062e\u062a\u0635\u0631  \u0643\u0648\u0631\u0633 \u062c\u0627\u0641\u0627 \u0633\u0643\u0631\u064a\u0628\u062a"}
2025-09-21 09:21:38 COURSES_CONTROLLER DEBUG - currentItem: {"id":"2","unit_id":"1","unit_name":"\u0627\u0633\u0645 \u0627\u0644\u0648\u062d\u062f\u0629 *","item_type":"quiz","title":"tert","description":"\u0644\u0627 \u064a\u0648\u062c\u062f \u0648\u0635\u0641","item_id":"","duration":0,"thumbnail":"","metadata":{"quiz_id":"1"},"quiz_details":null,"page_details":null,"is_preview":false}
2025-09-21 09:21:38 COURSES_CONTROLLER DEBUG - requestedItemId: 2
2025-09-21 09:21:38 COURSES_CONTROLLER DEBUG - flatItems count: 7
2025-09-21 09:21:38 COURSE_VIEW DEBUG - current_item: {"id":"2","unit_id":"1","unit_name":"\u0627\u0633\u0645 \u0627\u0644\u0648\u062d\u062f\u0629 *","item_type":"quiz","title":"tert","description":"\u0644\u0627 \u064a\u0648\u062c\u062f \u0648\u0635\u0641","item_id":"","duration":0,"thumbnail":"","metadata":{"quiz_id":"1"},"quiz_details":null,"page_details":null,"is_preview":false}
2025-09-21 09:21:38 COURSE_VIEW DEBUG - current_id: 2
2025-09-21 09:21:38 COURSE_VIEW DEBUG - course_id: 1
2025-09-21 09:21:55 SWITCH CASE DEBUG - ENTERING IF BLOCK
2025-09-21 09:21:55 SWITCH CASE DEBUG - item_type: quiz
2025-09-21 09:21:55 SWITCH CASE DEBUG - metadata: {"quiz_id":"1"}
2025-09-21 09:21:55 SWITCH CASE DEBUG - ABOUT TO ENTER SWITCH
2025-09-21 09:21:55 SWITCH CASE DEBUG - ENTERED QUIZ CASE
2025-09-21 09:21:55 QUIZ LOADING DEBUG - quizId: 1
2025-09-21 09:21:55 QUIZ LOADING DEBUG - quizData result: {"id":"1","course_id":"1","quiz_title":"tert","quiz_desc":"\u0648\u0635\u0641 \u0627\u0644\u0627\u062e\u062a\u0628\u0627\u0631","quiz_questions":"{\"2\":{\"question_text\":\"\\u0633\\u0624\\u0627\\u0644 2\\r\\n\",\"question_type\":\"true_false\",\"points\":\"1\",\"correct_answer\":\"true\"},\"3\":{\"question_text\":\"\\u0633\\u0624\\u0627\\u0644 3\\r\\n\",\"question_type\":\"multiple_choice\",\"points\":\"1\",\"options\":[\"\\u062e\\u064a\\u0627\\u0631 1\",\"\\u062e\\u064a\\u0627\\u0631 2\",\"\\u062e\\u064a\\u0627\\u0631 3\"]}}","time_limit":"30","time_limit_minutes":"30","max_attempts":"3","passing_score":"60.00","shuffle_questions":"1","shuffle_answers":"0","show_results":"1","show_results_immediately":"1","active":"1","created_at":"2025-09-17 12:48:34","updated_at":"2025-09-17 13:39:57","course_title":"\u0648\u0635\u0641 \u0645\u062e\u062a\u0635\u0631  \u0643\u0648\u0631\u0633 \u062c\u0627\u0641\u0627 \u0633\u0643\u0631\u064a\u0628\u062a"}
2025-09-21 09:21:55 COURSES_CONTROLLER DEBUG - quizData: {"id":"1","course_id":"1","quiz_title":"tert","quiz_desc":"\u0648\u0635\u0641 \u0627\u0644\u0627\u062e\u062a\u0628\u0627\u0631","quiz_questions":"{\"2\":{\"question_text\":\"\\u0633\\u0624\\u0627\\u0644 2\\r\\n\",\"question_type\":\"true_false\",\"points\":\"1\",\"correct_answer\":\"true\"},\"3\":{\"question_text\":\"\\u0633\\u0624\\u0627\\u0644 3\\r\\n\",\"question_type\":\"multiple_choice\",\"points\":\"1\",\"options\":[\"\\u062e\\u064a\\u0627\\u0631 1\",\"\\u062e\\u064a\\u0627\\u0631 2\",\"\\u062e\\u064a\\u0627\\u0631 3\"]}}","time_limit":"30","time_limit_minutes":"30","max_attempts":"3","passing_score":"60.00","shuffle_questions":"1","shuffle_answers":"0","show_results":"1","show_results_immediately":"1","active":"1","created_at":"2025-09-17 12:48:34","updated_at":"2025-09-17 13:39:57","course_title":"\u0648\u0635\u0641 \u0645\u062e\u062a\u0635\u0631  \u0643\u0648\u0631\u0633 \u062c\u0627\u0641\u0627 \u0633\u0643\u0631\u064a\u0628\u062a"}
2025-09-21 09:21:55 COURSES_CONTROLLER DEBUG - currentItem: {"id":"2","unit_id":"1","unit_name":"\u0627\u0633\u0645 \u0627\u0644\u0648\u062d\u062f\u0629 *","item_type":"quiz","title":"tert","description":"\u0644\u0627 \u064a\u0648\u062c\u062f \u0648\u0635\u0641","item_id":"","duration":0,"thumbnail":"","metadata":{"quiz_id":"1"},"quiz_details":null,"page_details":null,"is_preview":false}
2025-09-21 09:21:55 COURSES_CONTROLLER DEBUG - requestedItemId: 2
2025-09-21 09:21:55 COURSES_CONTROLLER DEBUG - flatItems count: 7
2025-09-21 09:21:55 COURSE_VIEW DEBUG - current_item: {"id":"2","unit_id":"1","unit_name":"\u0627\u0633\u0645 \u0627\u0644\u0648\u062d\u062f\u0629 *","item_type":"quiz","title":"tert","description":"\u0644\u0627 \u064a\u0648\u062c\u062f \u0648\u0635\u0641","item_id":"","duration":0,"thumbnail":"","metadata":{"quiz_id":"1"},"quiz_details":null,"page_details":null,"is_preview":false}
2025-09-21 09:21:55 COURSE_VIEW DEBUG - current_id: 2
2025-09-21 09:21:55 COURSE_VIEW DEBUG - course_id: 1
2025-09-21 09:22:20 SWITCH CASE DEBUG - ENTERING IF BLOCK
2025-09-21 09:22:20 SWITCH CASE DEBUG - item_type: quiz
2025-09-21 09:22:20 SWITCH CASE DEBUG - metadata: {"quiz_id":"1"}
2025-09-21 09:22:20 SWITCH CASE DEBUG - ABOUT TO ENTER SWITCH
2025-09-21 09:22:20 SWITCH CASE DEBUG - ENTERED QUIZ CASE
2025-09-21 09:22:20 QUIZ LOADING DEBUG - quizId: 1
2025-09-21 09:22:20 QUIZ LOADING DEBUG - quizData result: {"id":"1","course_id":"1","quiz_title":"tert","quiz_desc":"\u0648\u0635\u0641 \u0627\u0644\u0627\u062e\u062a\u0628\u0627\u0631","quiz_questions":"{\"2\":{\"question_text\":\"\\u0633\\u0624\\u0627\\u0644 2\\r\\n\",\"question_type\":\"true_false\",\"points\":\"1\",\"correct_answer\":\"true\"},\"3\":{\"question_text\":\"\\u0633\\u0624\\u0627\\u0644 3\\r\\n\",\"question_type\":\"multiple_choice\",\"points\":\"1\",\"options\":[\"\\u062e\\u064a\\u0627\\u0631 1\",\"\\u062e\\u064a\\u0627\\u0631 2\",\"\\u062e\\u064a\\u0627\\u0631 3\"]}}","time_limit":"30","time_limit_minutes":"30","max_attempts":"3","passing_score":"60.00","shuffle_questions":"1","shuffle_answers":"0","show_results":"1","show_results_immediately":"1","active":"1","created_at":"2025-09-17 12:48:34","updated_at":"2025-09-17 13:39:57","course_title":"\u0648\u0635\u0641 \u0645\u062e\u062a\u0635\u0631  \u0643\u0648\u0631\u0633 \u062c\u0627\u0641\u0627 \u0633\u0643\u0631\u064a\u0628\u062a"}
2025-09-21 09:22:20 COURSES_CONTROLLER DEBUG - quizData: {"id":"1","course_id":"1","quiz_title":"tert","quiz_desc":"\u0648\u0635\u0641 \u0627\u0644\u0627\u062e\u062a\u0628\u0627\u0631","quiz_questions":"{\"2\":{\"question_text\":\"\\u0633\\u0624\\u0627\\u0644 2\\r\\n\",\"question_type\":\"true_false\",\"points\":\"1\",\"correct_answer\":\"true\"},\"3\":{\"question_text\":\"\\u0633\\u0624\\u0627\\u0644 3\\r\\n\",\"question_type\":\"multiple_choice\",\"points\":\"1\",\"options\":[\"\\u062e\\u064a\\u0627\\u0631 1\",\"\\u062e\\u064a\\u0627\\u0631 2\",\"\\u062e\\u064a\\u0627\\u0631 3\"]}}","time_limit":"30","time_limit_minutes":"30","max_attempts":"3","passing_score":"60.00","shuffle_questions":"1","shuffle_answers":"0","show_results":"1","show_results_immediately":"1","active":"1","created_at":"2025-09-17 12:48:34","updated_at":"2025-09-17 13:39:57","course_title":"\u0648\u0635\u0641 \u0645\u062e\u062a\u0635\u0631  \u0643\u0648\u0631\u0633 \u062c\u0627\u0641\u0627 \u0633\u0643\u0631\u064a\u0628\u062a"}
2025-09-21 09:22:20 COURSES_CONTROLLER DEBUG - currentItem: {"id":"2","unit_id":"1","unit_name":"\u0627\u0633\u0645 \u0627\u0644\u0648\u062d\u062f\u0629 *","item_type":"quiz","title":"tert","description":"\u0644\u0627 \u064a\u0648\u062c\u062f \u0648\u0635\u0641","item_id":"","duration":0,"thumbnail":"","metadata":{"quiz_id":"1"},"quiz_details":null,"page_details":null,"is_preview":false}
2025-09-21 09:22:20 COURSES_CONTROLLER DEBUG - requestedItemId: 2
2025-09-21 09:22:20 COURSES_CONTROLLER DEBUG - flatItems count: 7
2025-09-21 09:22:20 COURSE_VIEW DEBUG - current_item: {"id":"2","unit_id":"1","unit_name":"\u0627\u0633\u0645 \u0627\u0644\u0648\u062d\u062f\u0629 *","item_type":"quiz","title":"tert","description":"\u0644\u0627 \u064a\u0648\u062c\u062f \u0648\u0635\u0641","item_id":"","duration":0,"thumbnail":"","metadata":{"quiz_id":"1"},"quiz_details":null,"page_details":null,"is_preview":false}
2025-09-21 09:22:20 COURSE_VIEW DEBUG - current_id: 2
2025-09-21 09:22:20 COURSE_VIEW DEBUG - course_id: 1
2025-09-21 09:23:06 SWITCH CASE DEBUG - ENTERING IF BLOCK
2025-09-21 09:23:06 SWITCH CASE DEBUG - item_type: quiz
2025-09-21 09:23:06 SWITCH CASE DEBUG - metadata: {"quiz_id":"1"}
2025-09-21 09:23:06 SWITCH CASE DEBUG - ABOUT TO ENTER SWITCH
2025-09-21 09:23:06 SWITCH CASE DEBUG - ENTERED QUIZ CASE
2025-09-21 09:23:06 QUIZ LOADING DEBUG - quizId: 1
2025-09-21 09:23:06 QUIZ LOADING DEBUG - quizData result: {"id":"1","course_id":"1","quiz_title":"tert","quiz_desc":"\u0648\u0635\u0641 \u0627\u0644\u0627\u062e\u062a\u0628\u0627\u0631","quiz_questions":"{\"2\":{\"question_text\":\"\\u0633\\u0624\\u0627\\u0644 2\\r\\n\",\"question_type\":\"true_false\",\"points\":\"1\",\"correct_answer\":\"true\"},\"3\":{\"question_text\":\"\\u0633\\u0624\\u0627\\u0644 3\\r\\n\",\"question_type\":\"multiple_choice\",\"points\":\"1\",\"options\":[\"\\u062e\\u064a\\u0627\\u0631 1\",\"\\u062e\\u064a\\u0627\\u0631 2\",\"\\u062e\\u064a\\u0627\\u0631 3\"]}}","time_limit":"30","time_limit_minutes":"30","max_attempts":"3","passing_score":"60.00","shuffle_questions":"1","shuffle_answers":"0","show_results":"1","show_results_immediately":"1","active":"1","created_at":"2025-09-17 12:48:34","updated_at":"2025-09-17 13:39:57","course_title":"\u0648\u0635\u0641 \u0645\u062e\u062a\u0635\u0631  \u0643\u0648\u0631\u0633 \u062c\u0627\u0641\u0627 \u0633\u0643\u0631\u064a\u0628\u062a"}
2025-09-21 09:23:06 COURSES_CONTROLLER DEBUG - quizData: {"id":"1","course_id":"1","quiz_title":"tert","quiz_desc":"\u0648\u0635\u0641 \u0627\u0644\u0627\u062e\u062a\u0628\u0627\u0631","quiz_questions":"{\"2\":{\"question_text\":\"\\u0633\\u0624\\u0627\\u0644 2\\r\\n\",\"question_type\":\"true_false\",\"points\":\"1\",\"correct_answer\":\"true\"},\"3\":{\"question_text\":\"\\u0633\\u0624\\u0627\\u0644 3\\r\\n\",\"question_type\":\"multiple_choice\",\"points\":\"1\",\"options\":[\"\\u062e\\u064a\\u0627\\u0631 1\",\"\\u062e\\u064a\\u0627\\u0631 2\",\"\\u062e\\u064a\\u0627\\u0631 3\"]}}","time_limit":"30","time_limit_minutes":"30","max_attempts":"3","passing_score":"60.00","shuffle_questions":"1","shuffle_answers":"0","show_results":"1","show_results_immediately":"1","active":"1","created_at":"2025-09-17 12:48:34","updated_at":"2025-09-17 13:39:57","course_title":"\u0648\u0635\u0641 \u0645\u062e\u062a\u0635\u0631  \u0643\u0648\u0631\u0633 \u062c\u0627\u0641\u0627 \u0633\u0643\u0631\u064a\u0628\u062a"}
2025-09-21 09:23:06 COURSES_CONTROLLER DEBUG - currentItem: {"id":"2","unit_id":"1","unit_name":"\u0627\u0633\u0645 \u0627\u0644\u0648\u062d\u062f\u0629 *","item_type":"quiz","title":"tert","description":"\u0644\u0627 \u064a\u0648\u062c\u062f \u0648\u0635\u0641","item_id":"","duration":0,"thumbnail":"","metadata":{"quiz_id":"1"},"quiz_details":null,"page_details":null,"is_preview":false}
2025-09-21 09:23:06 COURSES_CONTROLLER DEBUG - requestedItemId: 2
2025-09-21 09:23:06 COURSES_CONTROLLER DEBUG - flatItems count: 7
2025-09-21 09:23:06 COURSE_VIEW DEBUG - current_item: {"id":"2","unit_id":"1","unit_name":"\u0627\u0633\u0645 \u0627\u0644\u0648\u062d\u062f\u0629 *","item_type":"quiz","title":"tert","description":"\u0644\u0627 \u064a\u0648\u062c\u062f \u0648\u0635\u0641","item_id":"","duration":0,"thumbnail":"","metadata":{"quiz_id":"1"},"quiz_details":null,"page_details":null,"is_preview":false}
2025-09-21 09:23:06 COURSE_VIEW DEBUG - current_id: 2
2025-09-21 09:23:06 COURSE_VIEW DEBUG - course_id: 1
2025-09-21 09:23:14 SWITCH CASE DEBUG - ENTERING IF BLOCK
2025-09-21 09:23:14 SWITCH CASE DEBUG - item_type: video
2025-09-21 09:23:14 SWITCH CASE DEBUG - metadata: {"video_id":"7a461808-1048-4d73-afdd-985bb3c131cd","file_size":154202982,"video_title":"\u0645\u0627 \u0647\u0648 \u0627\u062e\u062a\u0628\u0627\u0631 TOFAS .mkv","collection_id":"6d877b87-0faf-4841-b82f-b00e01a6c4ec","video_quality":"2060x1080","video_duration":533,"video_thumbnail":"https:\/\/vz-495222.b-cdn.net\/7a461808-1048-4d73-afdd-985bb3c131cd\/thumbnail.jpg","video_library_id":""}
2025-09-21 09:23:14 SWITCH CASE DEBUG - ABOUT TO ENTER SWITCH
2025-09-21 09:23:14 SWITCH CASE DEBUG - ENTERED VIDEO CASE
2025-09-21 09:23:14 COURSES_CONTROLLER DEBUG - quizData: null
2025-09-21 09:23:14 COURSES_CONTROLLER DEBUG - currentItem: {"id":"1","unit_id":"1","unit_name":"\u0627\u0633\u0645 \u0627\u0644\u0648\u062d\u062f\u0629 *","item_type":"video","title":"\u0645\u0627 \u0647\u0648 \u0627\u062e\u062a\u0628\u0627\u0631 TOFAS .mkv","description":"","item_id":"","duration":533,"thumbnail":"https:\/\/vz-495222.b-cdn.net\/7a461808-1048-4d73-afdd-985bb3c131cd\/thumbnail.jpg","metadata":{"video_id":"7a461808-1048-4d73-afdd-985bb3c131cd","file_size":154202982,"video_title":"\u0645\u0627 \u0647\u0648 \u0627\u062e\u062a\u0628\u0627\u0631 TOFAS .mkv","collection_id":"6d877b87-0faf-4841-b82f-b00e01a6c4ec","video_quality":"2060x1080","video_duration":533,"video_thumbnail":"https:\/\/vz-495222.b-cdn.net\/7a461808-1048-4d73-afdd-985bb3c131cd\/thumbnail.jpg","video_library_id":""},"quiz_details":null,"page_details":null,"is_preview":false}
2025-09-21 09:23:14 COURSES_CONTROLLER DEBUG - requestedItemId: 1
2025-09-21 09:23:14 COURSES_CONTROLLER DEBUG - flatItems count: 7
2025-09-21 09:23:14 COURSE_VIEW DEBUG - current_item: {"id":"1","unit_id":"1","unit_name":"\u0627\u0633\u0645 \u0627\u0644\u0648\u062d\u062f\u0629 *","item_type":"video","title":"\u0645\u0627 \u0647\u0648 \u0627\u062e\u062a\u0628\u0627\u0631 TOFAS .mkv","description":"","item_id":"","duration":533,"thumbnail":"https:\/\/vz-495222.b-cdn.net\/7a461808-1048-4d73-afdd-985bb3c131cd\/thumbnail.jpg","metadata":{"video_id":"7a461808-1048-4d73-afdd-985bb3c131cd","file_size":154202982,"video_title":"\u0645\u0627 \u0647\u0648 \u0627\u062e\u062a\u0628\u0627\u0631 TOFAS .mkv","collection_id":"6d877b87-0faf-4841-b82f-b00e01a6c4ec","video_quality":"2060x1080","video_duration":533,"video_thumbnail":"https:\/\/vz-495222.b-cdn.net\/7a461808-1048-4d73-afdd-985bb3c131cd\/thumbnail.jpg","video_library_id":""},"quiz_details":null,"page_details":null,"is_preview":false}
2025-09-21 09:23:14 COURSE_VIEW DEBUG - current_id: 1
2025-09-21 09:23:14 COURSE_VIEW DEBUG - course_id: 1
2025-09-21 09:36:47 SWITCH CASE DEBUG - ENTERING IF BLOCK
2025-09-21 09:36:47 SWITCH CASE DEBUG - item_type: video
2025-09-21 09:36:47 SWITCH CASE DEBUG - metadata: {"video_id":"7a461808-1048-4d73-afdd-985bb3c131cd","file_size":154202982,"video_title":"\u0645\u0627 \u0647\u0648 \u0627\u062e\u062a\u0628\u0627\u0631 TOFAS .mkv","collection_id":"6d877b87-0faf-4841-b82f-b00e01a6c4ec","video_quality":"2060x1080","video_duration":533,"video_thumbnail":"https:\/\/vz-495222.b-cdn.net\/7a461808-1048-4d73-afdd-985bb3c131cd\/thumbnail.jpg","video_library_id":""}
2025-09-21 09:36:47 SWITCH CASE DEBUG - ABOUT TO ENTER SWITCH
2025-09-21 09:36:47 SWITCH CASE DEBUG - ENTERED VIDEO CASE
2025-09-21 09:36:47 COURSES_CONTROLLER DEBUG - quizData: null
2025-09-21 09:36:47 COURSES_CONTROLLER DEBUG - currentItem: {"id":"1","unit_id":"1","unit_name":"\u0627\u0633\u0645 \u0627\u0644\u0648\u062d\u062f\u0629 *","item_type":"video","title":"\u0645\u0627 \u0647\u0648 \u0627\u062e\u062a\u0628\u0627\u0631 TOFAS .mkv","description":"","item_id":"","duration":533,"thumbnail":"https:\/\/vz-495222.b-cdn.net\/7a461808-1048-4d73-afdd-985bb3c131cd\/thumbnail.jpg","metadata":{"video_id":"7a461808-1048-4d73-afdd-985bb3c131cd","file_size":154202982,"video_title":"\u0645\u0627 \u0647\u0648 \u0627\u062e\u062a\u0628\u0627\u0631 TOFAS .mkv","collection_id":"6d877b87-0faf-4841-b82f-b00e01a6c4ec","video_quality":"2060x1080","video_duration":533,"video_thumbnail":"https:\/\/vz-495222.b-cdn.net\/7a461808-1048-4d73-afdd-985bb3c131cd\/thumbnail.jpg","video_library_id":""},"quiz_details":null,"page_details":null,"is_preview":false}
2025-09-21 09:36:47 COURSES_CONTROLLER DEBUG - requestedItemId: 1
2025-09-21 09:36:47 COURSES_CONTROLLER DEBUG - flatItems count: 7
2025-09-21 09:36:47 COURSE_VIEW DEBUG - current_item: {"id":"1","unit_id":"1","unit_name":"\u0627\u0633\u0645 \u0627\u0644\u0648\u062d\u062f\u0629 *","item_type":"video","title":"\u0645\u0627 \u0647\u0648 \u0627\u062e\u062a\u0628\u0627\u0631 TOFAS .mkv","description":"","item_id":"","duration":533,"thumbnail":"https:\/\/vz-495222.b-cdn.net\/7a461808-1048-4d73-afdd-985bb3c131cd\/thumbnail.jpg","metadata":{"video_id":"7a461808-1048-4d73-afdd-985bb3c131cd","file_size":154202982,"video_title":"\u0645\u0627 \u0647\u0648 \u0627\u062e\u062a\u0628\u0627\u0631 TOFAS .mkv","collection_id":"6d877b87-0faf-4841-b82f-b00e01a6c4ec","video_quality":"2060x1080","video_duration":533,"video_thumbnail":"https:\/\/vz-495222.b-cdn.net\/7a461808-1048-4d73-afdd-985bb3c131cd\/thumbnail.jpg","video_library_id":""},"quiz_details":null,"page_details":null,"is_preview":false}
2025-09-21 09:36:47 COURSE_VIEW DEBUG - current_id: 1
2025-09-21 09:36:47 COURSE_VIEW DEBUG - course_id: 1
2025-09-21 09:36:51 PROGRESS_CONTROLLER DEBUG - AJAX request received
2025-09-21 09:36:51 PROGRESS_CONTROLLER DEBUG - Raw input: {"unit_id":1,"course_id":1,"item_id":1}
2025-09-21 09:36:51 PROGRESS_CONTROLLER DEBUG - User ID: 1
2025-09-21 09:36:51 PROGRESS_CONTROLLER DEBUG - Parsed input: {"unit_id":1,"course_id":1,"item_id":1}
2025-09-21 09:36:51 PROGRESS_CONTROLLER DEBUG - Unit ID: 1
2025-09-21 09:36:51 PROGRESS_CONTROLLER DEBUG - Course ID: 1
2025-09-21 09:36:51 PROGRESS_CONTROLLER DEBUG - Item ID: 1
2025-09-21 09:36:51 PROGRESS_CONTROLLER DEBUG - isUserEnrolled result: true
2025-09-21 09:36:51 PROGRESS_CONTROLLER DEBUG - Looking for enrollment with userId=1, unitId=1
2025-09-21 09:36:51 PROGRESS_CONTROLLER DEBUG - Enrollment found: {"id":"1","user_id":"1","unit_ids":"[\"1\"]","total_amount":"35000.00","payment_proof":"{\"files\": [{\"size\": \"35.419\", \"type\": \"image\/jpeg\", \"order\": 1, \"thumbs\": [], \"is_image\": 1, \"raw_name\": \"544754131_122114699606966699_7815220782632544805_n.jpg\", \"dimension\": \"526*526\", \"extension\": \"jpg\", \"full_path\": \"uploads\/enrollments\/20_09_2025\/1758385873_24ac5a9f3f48ae78426c.jpg\", \"thumbnails\": [], \"encoded_name\": \"1758385873_24ac5a9f3f48ae78426c.jpg\", \"original_name\": \"544754131_122114699606966699_7815220782632544805_n.jpg\"}], \"fileCount\": 1}","payment_method":"instapay","status":"approved","admin_notes":null,"processed_by":null,"processed_at":null,"created_at":"2025-09-20 19:31:13","updated_at":"2025-09-20 20:17:50"}
2025-09-21 09:36:51 MARK_ITEM_COMPLETED DEBUG - Starting with userId=1, unitId=1, itemId=1, enrollmentId=1
2025-09-21 09:36:51 MARK_ITEM_COMPLETED DEBUG - Data to insert/update: {"user_id":1,"unit_id":1,"item_id":1,"enrollment_id":1,"progress_percentage":100,"is_completed":1,"completed_at":"2025-09-21 09:36:51","last_accessed_at":"2025-09-21 09:36:51"}
2025-09-21 09:36:51 MARK_ITEM_COMPLETED DEBUG - Existing record: {"id":"1","user_id":"1","unit_id":"1","item_id":"1","enrollment_id":"1","progress_percentage":"100.00","watch_time":"0","last_position":"0","is_completed":"1","completed_at":"2025-09-21 09:21:33","first_accessed_at":"2025-09-20 20:56:01","last_accessed_at":"2025-09-21 09:21:33","created_at":"2025-09-20 20:56:01","updated_at":"2025-09-21 09:21:33"}
2025-09-21 09:36:52 MARK_ITEM_COMPLETED DEBUG - Update result: true
2025-09-21 09:36:52 SWITCH CASE DEBUG - ENTERING IF BLOCK
2025-09-21 09:36:52 SWITCH CASE DEBUG - item_type: page
2025-09-21 09:36:52 SWITCH CASE DEBUG - metadata: {"page_id":"2"}
2025-09-21 09:36:52 SWITCH CASE DEBUG - ABOUT TO ENTER SWITCH
2025-09-21 09:36:52 COURSES_CONTROLLER DEBUG - quizData: null
2025-09-21 09:36:52 COURSES_CONTROLLER DEBUG - currentItem: {"id":"3","unit_id":"1","unit_name":"\u0627\u0633\u0645 \u0627\u0644\u0648\u062d\u062f\u0629 *","item_type":"page","title":"\u0627\u0644\u0634\u0631\u0648\u0637 \u0648\u0627\u0644\u0623\u062d\u0643\u0627\u0645","description":"\u0644\u0627 \u064a\u0648\u062c\u062f \u0648\u0635\u0641","item_id":"","duration":0,"thumbnail":"","metadata":{"page_id":"2"},"quiz_details":null,"page_details":null,"is_preview":false}
2025-09-21 09:36:52 COURSES_CONTROLLER DEBUG - requestedItemId: 3
2025-09-21 09:36:52 COURSES_CONTROLLER DEBUG - flatItems count: 7
2025-09-21 09:36:52 COURSE_VIEW DEBUG - current_item: {"id":"3","unit_id":"1","unit_name":"\u0627\u0633\u0645 \u0627\u0644\u0648\u062d\u062f\u0629 *","item_type":"page","title":"\u0627\u0644\u0634\u0631\u0648\u0637 \u0648\u0627\u0644\u0623\u062d\u0643\u0627\u0645","description":"\u0644\u0627 \u064a\u0648\u062c\u062f \u0648\u0635\u0641","item_id":"","duration":0,"thumbnail":"","metadata":{"page_id":"2"},"quiz_details":null,"page_details":null,"is_preview":false}
2025-09-21 09:36:52 COURSE_VIEW DEBUG - current_id: 3
2025-09-21 09:36:52 COURSE_VIEW DEBUG - course_id: 1
2025-09-21 09:36:57 SWITCH CASE DEBUG - ENTERING IF BLOCK
2025-09-21 09:36:57 SWITCH CASE DEBUG - item_type: video
2025-09-21 09:36:57 SWITCH CASE DEBUG - metadata: {"video_id":"7a461808-1048-4d73-afdd-985bb3c131cd","file_size":154202982,"video_title":"\u0645\u0627 \u0647\u0648 \u0627\u062e\u062a\u0628\u0627\u0631 TOFAS .mkv","collection_id":"6d877b87-0faf-4841-b82f-b00e01a6c4ec","video_quality":"2060x1080","video_duration":533,"video_thumbnail":"https:\/\/vz-495222.b-cdn.net\/7a461808-1048-4d73-afdd-985bb3c131cd\/thumbnail.jpg","video_library_id":""}
2025-09-21 09:36:57 SWITCH CASE DEBUG - ABOUT TO ENTER SWITCH
2025-09-21 09:36:57 SWITCH CASE DEBUG - ENTERED VIDEO CASE
2025-09-21 09:36:57 COURSES_CONTROLLER DEBUG - quizData: null
2025-09-21 09:36:57 COURSES_CONTROLLER DEBUG - currentItem: {"id":"1","unit_id":"1","unit_name":"\u0627\u0633\u0645 \u0627\u0644\u0648\u062d\u062f\u0629 *","item_type":"video","title":"\u0645\u0627 \u0647\u0648 \u0627\u062e\u062a\u0628\u0627\u0631 TOFAS .mkv","description":"","item_id":"","duration":533,"thumbnail":"https:\/\/vz-495222.b-cdn.net\/7a461808-1048-4d73-afdd-985bb3c131cd\/thumbnail.jpg","metadata":{"video_id":"7a461808-1048-4d73-afdd-985bb3c131cd","file_size":154202982,"video_title":"\u0645\u0627 \u0647\u0648 \u0627\u062e\u062a\u0628\u0627\u0631 TOFAS .mkv","collection_id":"6d877b87-0faf-4841-b82f-b00e01a6c4ec","video_quality":"2060x1080","video_duration":533,"video_thumbnail":"https:\/\/vz-495222.b-cdn.net\/7a461808-1048-4d73-afdd-985bb3c131cd\/thumbnail.jpg","video_library_id":""},"quiz_details":null,"page_details":null,"is_preview":false}
2025-09-21 09:36:57 COURSES_CONTROLLER DEBUG - requestedItemId: 1
2025-09-21 09:36:57 COURSES_CONTROLLER DEBUG - flatItems count: 7
2025-09-21 09:36:57 COURSE_VIEW DEBUG - current_item: {"id":"1","unit_id":"1","unit_name":"\u0627\u0633\u0645 \u0627\u0644\u0648\u062d\u062f\u0629 *","item_type":"video","title":"\u0645\u0627 \u0647\u0648 \u0627\u062e\u062a\u0628\u0627\u0631 TOFAS .mkv","description":"","item_id":"","duration":533,"thumbnail":"https:\/\/vz-495222.b-cdn.net\/7a461808-1048-4d73-afdd-985bb3c131cd\/thumbnail.jpg","metadata":{"video_id":"7a461808-1048-4d73-afdd-985bb3c131cd","file_size":154202982,"video_title":"\u0645\u0627 \u0647\u0648 \u0627\u062e\u062a\u0628\u0627\u0631 TOFAS .mkv","collection_id":"6d877b87-0faf-4841-b82f-b00e01a6c4ec","video_quality":"2060x1080","video_duration":533,"video_thumbnail":"https:\/\/vz-495222.b-cdn.net\/7a461808-1048-4d73-afdd-985bb3c131cd\/thumbnail.jpg","video_library_id":""},"quiz_details":null,"page_details":null,"is_preview":false}
2025-09-21 09:36:57 COURSE_VIEW DEBUG - current_id: 1
2025-09-21 09:36:57 COURSE_VIEW DEBUG - course_id: 1
2025-09-21 09:37:14 PROGRESS_CONTROLLER DEBUG - AJAX request received
2025-09-21 09:37:14 PROGRESS_CONTROLLER DEBUG - Raw input: {"unit_id":1,"course_id":1,"item_id":1}
2025-09-21 09:37:14 PROGRESS_CONTROLLER DEBUG - User ID: 1
2025-09-21 09:37:14 PROGRESS_CONTROLLER DEBUG - Parsed input: {"unit_id":1,"course_id":1,"item_id":1}
2025-09-21 09:37:14 PROGRESS_CONTROLLER DEBUG - Unit ID: 1
2025-09-21 09:37:14 PROGRESS_CONTROLLER DEBUG - Course ID: 1
2025-09-21 09:37:14 PROGRESS_CONTROLLER DEBUG - Item ID: 1
2025-09-21 09:37:14 PROGRESS_CONTROLLER DEBUG - isUserEnrolled result: true
2025-09-21 09:37:14 PROGRESS_CONTROLLER DEBUG - Looking for enrollment with userId=1, unitId=1
2025-09-21 09:37:14 PROGRESS_CONTROLLER DEBUG - Enrollment found: {"id":"1","user_id":"1","unit_ids":"[\"1\"]","total_amount":"35000.00","payment_proof":"{\"files\": [{\"size\": \"35.419\", \"type\": \"image\/jpeg\", \"order\": 1, \"thumbs\": [], \"is_image\": 1, \"raw_name\": \"544754131_122114699606966699_7815220782632544805_n.jpg\", \"dimension\": \"526*526\", \"extension\": \"jpg\", \"full_path\": \"uploads\/enrollments\/20_09_2025\/1758385873_24ac5a9f3f48ae78426c.jpg\", \"thumbnails\": [], \"encoded_name\": \"1758385873_24ac5a9f3f48ae78426c.jpg\", \"original_name\": \"544754131_122114699606966699_7815220782632544805_n.jpg\"}], \"fileCount\": 1}","payment_method":"instapay","status":"approved","admin_notes":null,"processed_by":null,"processed_at":null,"created_at":"2025-09-20 19:31:13","updated_at":"2025-09-20 20:17:50"}
2025-09-21 09:37:14 MARK_ITEM_COMPLETED DEBUG - Starting with userId=1, unitId=1, itemId=1, enrollmentId=1
2025-09-21 09:37:14 MARK_ITEM_COMPLETED DEBUG - Data to insert/update: {"user_id":1,"unit_id":1,"item_id":1,"enrollment_id":1,"progress_percentage":100,"is_completed":1,"completed_at":"2025-09-21 09:37:14","last_accessed_at":"2025-09-21 09:37:14"}
2025-09-21 09:37:14 MARK_ITEM_COMPLETED DEBUG - Existing record: {"id":"1","user_id":"1","unit_id":"1","item_id":"1","enrollment_id":"1","progress_percentage":"100.00","watch_time":"0","last_position":"0","is_completed":"1","completed_at":"2025-09-21 09:36:51","first_accessed_at":"2025-09-20 20:56:01","last_accessed_at":"2025-09-21 09:36:51","created_at":"2025-09-20 20:56:01","updated_at":"2025-09-21 09:36:51"}
2025-09-21 09:37:15 MARK_ITEM_COMPLETED DEBUG - Update result: true
2025-09-21 09:37:16 SWITCH CASE DEBUG - ENTERING IF BLOCK
2025-09-21 09:37:16 SWITCH CASE DEBUG - item_type: page
2025-09-21 09:37:16 SWITCH CASE DEBUG - metadata: {"page_id":"2"}
2025-09-21 09:37:16 SWITCH CASE DEBUG - ABOUT TO ENTER SWITCH
2025-09-21 09:37:16 COURSES_CONTROLLER DEBUG - quizData: null
2025-09-21 09:37:16 COURSES_CONTROLLER DEBUG - currentItem: {"id":"3","unit_id":"1","unit_name":"\u0627\u0633\u0645 \u0627\u0644\u0648\u062d\u062f\u0629 *","item_type":"page","title":"\u0627\u0644\u0634\u0631\u0648\u0637 \u0648\u0627\u0644\u0623\u062d\u0643\u0627\u0645","description":"\u0644\u0627 \u064a\u0648\u062c\u062f \u0648\u0635\u0641","item_id":"","duration":0,"thumbnail":"","metadata":{"page_id":"2"},"quiz_details":null,"page_details":null,"is_preview":false}
2025-09-21 09:37:16 COURSES_CONTROLLER DEBUG - requestedItemId: 3
2025-09-21 09:37:16 COURSES_CONTROLLER DEBUG - flatItems count: 7
2025-09-21 09:37:16 COURSE_VIEW DEBUG - current_item: {"id":"3","unit_id":"1","unit_name":"\u0627\u0633\u0645 \u0627\u0644\u0648\u062d\u062f\u0629 *","item_type":"page","title":"\u0627\u0644\u0634\u0631\u0648\u0637 \u0648\u0627\u0644\u0623\u062d\u0643\u0627\u0645","description":"\u0644\u0627 \u064a\u0648\u062c\u062f \u0648\u0635\u0641","item_id":"","duration":0,"thumbnail":"","metadata":{"page_id":"2"},"quiz_details":null,"page_details":null,"is_preview":false}
2025-09-21 09:37:16 COURSE_VIEW DEBUG - current_id: 3
2025-09-21 09:37:16 COURSE_VIEW DEBUG - course_id: 1
2025-09-21 09:37:19 SWITCH CASE DEBUG - ENTERING IF BLOCK
2025-09-21 09:37:19 SWITCH CASE DEBUG - item_type: video
2025-09-21 09:37:19 SWITCH CASE DEBUG - metadata: {"video_id":"7a461808-1048-4d73-afdd-985bb3c131cd","file_size":154202982,"video_title":"\u0645\u0627 \u0647\u0648 \u0627\u062e\u062a\u0628\u0627\u0631 TOFAS .mkv","collection_id":"6d877b87-0faf-4841-b82f-b00e01a6c4ec","video_quality":"2060x1080","video_duration":533,"video_thumbnail":"https:\/\/vz-495222.b-cdn.net\/7a461808-1048-4d73-afdd-985bb3c131cd\/thumbnail.jpg","video_library_id":""}
2025-09-21 09:37:19 SWITCH CASE DEBUG - ABOUT TO ENTER SWITCH
2025-09-21 09:37:19 SWITCH CASE DEBUG - ENTERED VIDEO CASE
2025-09-21 09:37:19 COURSES_CONTROLLER DEBUG - quizData: null
2025-09-21 09:37:19 COURSES_CONTROLLER DEBUG - currentItem: {"id":"1","unit_id":"1","unit_name":"\u0627\u0633\u0645 \u0627\u0644\u0648\u062d\u062f\u0629 *","item_type":"video","title":"\u0645\u0627 \u0647\u0648 \u0627\u062e\u062a\u0628\u0627\u0631 TOFAS .mkv","description":"","item_id":"","duration":533,"thumbnail":"https:\/\/vz-495222.b-cdn.net\/7a461808-1048-4d73-afdd-985bb3c131cd\/thumbnail.jpg","metadata":{"video_id":"7a461808-1048-4d73-afdd-985bb3c131cd","file_size":154202982,"video_title":"\u0645\u0627 \u0647\u0648 \u0627\u062e\u062a\u0628\u0627\u0631 TOFAS .mkv","collection_id":"6d877b87-0faf-4841-b82f-b00e01a6c4ec","video_quality":"2060x1080","video_duration":533,"video_thumbnail":"https:\/\/vz-495222.b-cdn.net\/7a461808-1048-4d73-afdd-985bb3c131cd\/thumbnail.jpg","video_library_id":""},"quiz_details":null,"page_details":null,"is_preview":false}
2025-09-21 09:37:19 COURSES_CONTROLLER DEBUG - requestedItemId: 1
2025-09-21 09:37:19 COURSES_CONTROLLER DEBUG - flatItems count: 7
2025-09-21 09:37:19 COURSE_VIEW DEBUG - current_item: {"id":"1","unit_id":"1","unit_name":"\u0627\u0633\u0645 \u0627\u0644\u0648\u062d\u062f\u0629 *","item_type":"video","title":"\u0645\u0627 \u0647\u0648 \u0627\u062e\u062a\u0628\u0627\u0631 TOFAS .mkv","description":"","item_id":"","duration":533,"thumbnail":"https:\/\/vz-495222.b-cdn.net\/7a461808-1048-4d73-afdd-985bb3c131cd\/thumbnail.jpg","metadata":{"video_id":"7a461808-1048-4d73-afdd-985bb3c131cd","file_size":154202982,"video_title":"\u0645\u0627 \u0647\u0648 \u0627\u062e\u062a\u0628\u0627\u0631 TOFAS .mkv","collection_id":"6d877b87-0faf-4841-b82f-b00e01a6c4ec","video_quality":"2060x1080","video_duration":533,"video_thumbnail":"https:\/\/vz-495222.b-cdn.net\/7a461808-1048-4d73-afdd-985bb3c131cd\/thumbnail.jpg","video_library_id":""},"quiz_details":null,"page_details":null,"is_preview":false}
2025-09-21 09:37:19 COURSE_VIEW DEBUG - current_id: 1
2025-09-21 09:37:19 COURSE_VIEW DEBUG - course_id: 1
2025-09-21 09:37:23 PROGRESS_CONTROLLER DEBUG - AJAX request received
2025-09-21 09:37:23 PROGRESS_CONTROLLER DEBUG - Raw input: {"unit_id":1,"course_id":1,"item_id":1}
2025-09-21 09:37:23 PROGRESS_CONTROLLER DEBUG - User ID: 1
2025-09-21 09:37:23 PROGRESS_CONTROLLER DEBUG - Parsed input: {"unit_id":1,"course_id":1,"item_id":1}
2025-09-21 09:37:23 PROGRESS_CONTROLLER DEBUG - Unit ID: 1
2025-09-21 09:37:23 PROGRESS_CONTROLLER DEBUG - Course ID: 1
2025-09-21 09:37:23 PROGRESS_CONTROLLER DEBUG - Item ID: 1
2025-09-21 09:37:23 PROGRESS_CONTROLLER DEBUG - isUserEnrolled result: true
2025-09-21 09:37:23 PROGRESS_CONTROLLER DEBUG - Looking for enrollment with userId=1, unitId=1
2025-09-21 09:37:23 PROGRESS_CONTROLLER DEBUG - Enrollment found: {"id":"1","user_id":"1","unit_ids":"[\"1\"]","total_amount":"35000.00","payment_proof":"{\"files\": [{\"size\": \"35.419\", \"type\": \"image\/jpeg\", \"order\": 1, \"thumbs\": [], \"is_image\": 1, \"raw_name\": \"544754131_122114699606966699_7815220782632544805_n.jpg\", \"dimension\": \"526*526\", \"extension\": \"jpg\", \"full_path\": \"uploads\/enrollments\/20_09_2025\/1758385873_24ac5a9f3f48ae78426c.jpg\", \"thumbnails\": [], \"encoded_name\": \"1758385873_24ac5a9f3f48ae78426c.jpg\", \"original_name\": \"544754131_122114699606966699_7815220782632544805_n.jpg\"}], \"fileCount\": 1}","payment_method":"instapay","status":"approved","admin_notes":null,"processed_by":null,"processed_at":null,"created_at":"2025-09-20 19:31:13","updated_at":"2025-09-20 20:17:50"}
2025-09-21 09:37:23 MARK_ITEM_COMPLETED DEBUG - Starting with userId=1, unitId=1, itemId=1, enrollmentId=1
2025-09-21 09:37:23 MARK_ITEM_COMPLETED DEBUG - Data to insert/update: {"user_id":1,"unit_id":1,"item_id":1,"enrollment_id":1,"progress_percentage":100,"is_completed":1,"completed_at":"2025-09-21 09:37:23","last_accessed_at":"2025-09-21 09:37:23"}
2025-09-21 09:37:23 MARK_ITEM_COMPLETED DEBUG - Existing record: {"id":"1","user_id":"1","unit_id":"1","item_id":"1","enrollment_id":"1","progress_percentage":"100.00","watch_time":"0","last_position":"0","is_completed":"1","completed_at":"2025-09-21 09:37:14","first_accessed_at":"2025-09-20 20:56:01","last_accessed_at":"2025-09-21 09:37:14","created_at":"2025-09-20 20:56:01","updated_at":"2025-09-21 09:37:14"}
2025-09-21 09:37:23 MARK_ITEM_COMPLETED DEBUG - Update result: true
2025-09-21 09:37:24 SWITCH CASE DEBUG - ENTERING IF BLOCK
2025-09-21 09:37:24 SWITCH CASE DEBUG - item_type: page
2025-09-21 09:37:24 SWITCH CASE DEBUG - metadata: {"page_id":"2"}
2025-09-21 09:37:24 SWITCH CASE DEBUG - ABOUT TO ENTER SWITCH
2025-09-21 09:37:24 COURSES_CONTROLLER DEBUG - quizData: null
2025-09-21 09:37:24 COURSES_CONTROLLER DEBUG - currentItem: {"id":"3","unit_id":"1","unit_name":"\u0627\u0633\u0645 \u0627\u0644\u0648\u062d\u062f\u0629 *","item_type":"page","title":"\u0627\u0644\u0634\u0631\u0648\u0637 \u0648\u0627\u0644\u0623\u062d\u0643\u0627\u0645","description":"\u0644\u0627 \u064a\u0648\u062c\u062f \u0648\u0635\u0641","item_id":"","duration":0,"thumbnail":"","metadata":{"page_id":"2"},"quiz_details":null,"page_details":null,"is_preview":false}
2025-09-21 09:37:24 COURSES_CONTROLLER DEBUG - requestedItemId: 3
2025-09-21 09:37:24 COURSES_CONTROLLER DEBUG - flatItems count: 7
2025-09-21 09:37:24 COURSE_VIEW DEBUG - current_item: {"id":"3","unit_id":"1","unit_name":"\u0627\u0633\u0645 \u0627\u0644\u0648\u062d\u062f\u0629 *","item_type":"page","title":"\u0627\u0644\u0634\u0631\u0648\u0637 \u0648\u0627\u0644\u0623\u062d\u0643\u0627\u0645","description":"\u0644\u0627 \u064a\u0648\u062c\u062f \u0648\u0635\u0641","item_id":"","duration":0,"thumbnail":"","metadata":{"page_id":"2"},"quiz_details":null,"page_details":null,"is_preview":false}
2025-09-21 09:37:24 COURSE_VIEW DEBUG - current_id: 3
2025-09-21 09:37:24 COURSE_VIEW DEBUG - course_id: 1
2025-09-21 09:37:27 SWITCH CASE DEBUG - ENTERING IF BLOCK
2025-09-21 09:37:27 SWITCH CASE DEBUG - item_type: quiz
2025-09-21 09:37:27 SWITCH CASE DEBUG - metadata: {"quiz_id":"1"}
2025-09-21 09:37:27 SWITCH CASE DEBUG - ABOUT TO ENTER SWITCH
2025-09-21 09:37:27 SWITCH CASE DEBUG - ENTERED QUIZ CASE
2025-09-21 09:37:27 QUIZ LOADING DEBUG - quizId: 1
2025-09-21 09:37:27 QUIZ LOADING DEBUG - quizData result: {"id":"1","course_id":"1","quiz_title":"tert","quiz_desc":"\u0648\u0635\u0641 \u0627\u0644\u0627\u062e\u062a\u0628\u0627\u0631","quiz_questions":"{\"2\":{\"question_text\":\"\\u0633\\u0624\\u0627\\u0644 2\\r\\n\",\"question_type\":\"true_false\",\"points\":\"1\",\"correct_answer\":\"true\"},\"3\":{\"question_text\":\"\\u0633\\u0624\\u0627\\u0644 3\\r\\n\",\"question_type\":\"multiple_choice\",\"points\":\"1\",\"options\":[\"\\u062e\\u064a\\u0627\\u0631 1\",\"\\u062e\\u064a\\u0627\\u0631 2\",\"\\u062e\\u064a\\u0627\\u0631 3\"]}}","time_limit":"30","time_limit_minutes":"30","max_attempts":"3","passing_score":"60.00","shuffle_questions":"1","shuffle_answers":"0","show_results":"1","show_results_immediately":"1","active":"1","created_at":"2025-09-17 12:48:34","updated_at":"2025-09-17 13:39:57","course_title":"\u0648\u0635\u0641 \u0645\u062e\u062a\u0635\u0631  \u0643\u0648\u0631\u0633 \u062c\u0627\u0641\u0627 \u0633\u0643\u0631\u064a\u0628\u062a"}
2025-09-21 09:37:27 COURSES_CONTROLLER DEBUG - quizData: {"id":"1","course_id":"1","quiz_title":"tert","quiz_desc":"\u0648\u0635\u0641 \u0627\u0644\u0627\u062e\u062a\u0628\u0627\u0631","quiz_questions":"{\"2\":{\"question_text\":\"\\u0633\\u0624\\u0627\\u0644 2\\r\\n\",\"question_type\":\"true_false\",\"points\":\"1\",\"correct_answer\":\"true\"},\"3\":{\"question_text\":\"\\u0633\\u0624\\u0627\\u0644 3\\r\\n\",\"question_type\":\"multiple_choice\",\"points\":\"1\",\"options\":[\"\\u062e\\u064a\\u0627\\u0631 1\",\"\\u062e\\u064a\\u0627\\u0631 2\",\"\\u062e\\u064a\\u0627\\u0631 3\"]}}","time_limit":"30","time_limit_minutes":"30","max_attempts":"3","passing_score":"60.00","shuffle_questions":"1","shuffle_answers":"0","show_results":"1","show_results_immediately":"1","active":"1","created_at":"2025-09-17 12:48:34","updated_at":"2025-09-17 13:39:57","course_title":"\u0648\u0635\u0641 \u0645\u062e\u062a\u0635\u0631  \u0643\u0648\u0631\u0633 \u062c\u0627\u0641\u0627 \u0633\u0643\u0631\u064a\u0628\u062a"}
2025-09-21 09:37:27 COURSES_CONTROLLER DEBUG - currentItem: {"id":"2","unit_id":"1","unit_name":"\u0627\u0633\u0645 \u0627\u0644\u0648\u062d\u062f\u0629 *","item_type":"quiz","title":"tert","description":"\u0644\u0627 \u064a\u0648\u062c\u062f \u0648\u0635\u0641","item_id":"","duration":0,"thumbnail":"","metadata":{"quiz_id":"1"},"quiz_details":null,"page_details":null,"is_preview":false}
2025-09-21 09:37:27 COURSES_CONTROLLER DEBUG - requestedItemId: 2
2025-09-21 09:37:27 COURSES_CONTROLLER DEBUG - flatItems count: 7
2025-09-21 09:37:27 COURSE_VIEW DEBUG - current_item: {"id":"2","unit_id":"1","unit_name":"\u0627\u0633\u0645 \u0627\u0644\u0648\u062d\u062f\u0629 *","item_type":"quiz","title":"tert","description":"\u0644\u0627 \u064a\u0648\u062c\u062f \u0648\u0635\u0641","item_id":"","duration":0,"thumbnail":"","metadata":{"quiz_id":"1"},"quiz_details":null,"page_details":null,"is_preview":false}
2025-09-21 09:37:27 COURSE_VIEW DEBUG - current_id: 2
2025-09-21 09:37:27 COURSE_VIEW DEBUG - course_id: 1
2025-09-21 09:37:40 SWITCH CASE DEBUG - ENTERING IF BLOCK
2025-09-21 09:37:40 SWITCH CASE DEBUG - item_type: quiz
2025-09-21 09:37:40 SWITCH CASE DEBUG - metadata: {"quiz_id":"1"}
2025-09-21 09:37:40 SWITCH CASE DEBUG - ABOUT TO ENTER SWITCH
2025-09-21 09:37:40 SWITCH CASE DEBUG - ENTERED QUIZ CASE
2025-09-21 09:37:40 QUIZ LOADING DEBUG - quizId: 1
2025-09-21 09:37:40 QUIZ LOADING DEBUG - quizData result: {"id":"1","course_id":"1","quiz_title":"tert","quiz_desc":"\u0648\u0635\u0641 \u0627\u0644\u0627\u062e\u062a\u0628\u0627\u0631","quiz_questions":"{\"2\":{\"question_text\":\"\\u0633\\u0624\\u0627\\u0644 2\\r\\n\",\"question_type\":\"true_false\",\"points\":\"1\",\"correct_answer\":\"true\"},\"3\":{\"question_text\":\"\\u0633\\u0624\\u0627\\u0644 3\\r\\n\",\"question_type\":\"multiple_choice\",\"points\":\"1\",\"options\":[\"\\u062e\\u064a\\u0627\\u0631 1\",\"\\u062e\\u064a\\u0627\\u0631 2\",\"\\u062e\\u064a\\u0627\\u0631 3\"]}}","time_limit":"30","time_limit_minutes":"30","max_attempts":"3","passing_score":"60.00","shuffle_questions":"1","shuffle_answers":"0","show_results":"1","show_results_immediately":"1","active":"1","created_at":"2025-09-17 12:48:34","updated_at":"2025-09-17 13:39:57","course_title":"\u0648\u0635\u0641 \u0645\u062e\u062a\u0635\u0631  \u0643\u0648\u0631\u0633 \u062c\u0627\u0641\u0627 \u0633\u0643\u0631\u064a\u0628\u062a"}
2025-09-21 09:37:40 COURSES_CONTROLLER DEBUG - quizData: {"id":"1","course_id":"1","quiz_title":"tert","quiz_desc":"\u0648\u0635\u0641 \u0627\u0644\u0627\u062e\u062a\u0628\u0627\u0631","quiz_questions":"{\"2\":{\"question_text\":\"\\u0633\\u0624\\u0627\\u0644 2\\r\\n\",\"question_type\":\"true_false\",\"points\":\"1\",\"correct_answer\":\"true\"},\"3\":{\"question_text\":\"\\u0633\\u0624\\u0627\\u0644 3\\r\\n\",\"question_type\":\"multiple_choice\",\"points\":\"1\",\"options\":[\"\\u062e\\u064a\\u0627\\u0631 1\",\"\\u062e\\u064a\\u0627\\u0631 2\",\"\\u062e\\u064a\\u0627\\u0631 3\"]}}","time_limit":"30","time_limit_minutes":"30","max_attempts":"3","passing_score":"60.00","shuffle_questions":"1","shuffle_answers":"0","show_results":"1","show_results_immediately":"1","active":"1","created_at":"2025-09-17 12:48:34","updated_at":"2025-09-17 13:39:57","course_title":"\u0648\u0635\u0641 \u0645\u062e\u062a\u0635\u0631  \u0643\u0648\u0631\u0633 \u062c\u0627\u0641\u0627 \u0633\u0643\u0631\u064a\u0628\u062a"}
2025-09-21 09:37:40 COURSES_CONTROLLER DEBUG - currentItem: {"id":"2","unit_id":"1","unit_name":"\u0627\u0633\u0645 \u0627\u0644\u0648\u062d\u062f\u0629 *","item_type":"quiz","title":"tert","description":"\u0644\u0627 \u064a\u0648\u062c\u062f \u0648\u0635\u0641","item_id":"","duration":0,"thumbnail":"","metadata":{"quiz_id":"1"},"quiz_details":null,"page_details":null,"is_preview":false}
2025-09-21 09:37:40 COURSES_CONTROLLER DEBUG - requestedItemId: 2
2025-09-21 09:37:40 COURSES_CONTROLLER DEBUG - flatItems count: 7
2025-09-21 09:37:40 COURSE_VIEW DEBUG - current_item: {"id":"2","unit_id":"1","unit_name":"\u0627\u0633\u0645 \u0627\u0644\u0648\u062d\u062f\u0629 *","item_type":"quiz","title":"tert","description":"\u0644\u0627 \u064a\u0648\u062c\u062f \u0648\u0635\u0641","item_id":"","duration":0,"thumbnail":"","metadata":{"quiz_id":"1"},"quiz_details":null,"page_details":null,"is_preview":false}
2025-09-21 09:37:40 COURSE_VIEW DEBUG - current_id: 2
2025-09-21 09:37:40 COURSE_VIEW DEBUG - course_id: 1
2025-09-21 12:17:47 SWITCH CASE DEBUG - ENTERING IF BLOCK
2025-09-21 12:17:47 SWITCH CASE DEBUG - item_type: video
2025-09-21 12:17:47 SWITCH CASE DEBUG - metadata: {"video_id":"7a461808-1048-4d73-afdd-985bb3c131cd","file_size":154202982,"video_title":"\u0645\u0627 \u0647\u0648 \u0627\u062e\u062a\u0628\u0627\u0631 TOFAS .mkv","collection_id":"6d877b87-0faf-4841-b82f-b00e01a6c4ec","video_quality":"2060x1080","video_duration":533,"video_thumbnail":"https:\/\/vz-495222.b-cdn.net\/7a461808-1048-4d73-afdd-985bb3c131cd\/thumbnail.jpg","video_library_id":""}
2025-09-21 12:17:47 SWITCH CASE DEBUG - ABOUT TO ENTER SWITCH
2025-09-21 12:17:47 SWITCH CASE DEBUG - ENTERED VIDEO CASE
2025-09-21 12:17:47 COURSES_CONTROLLER DEBUG - quizData: null
2025-09-21 12:17:47 COURSES_CONTROLLER DEBUG - currentItem: {"id":"1","unit_id":"1","unit_name":"\u0627\u0633\u0645 \u0627\u0644\u0648\u062d\u062f\u0629 *","item_type":"video","title":"\u0645\u0627 \u0647\u0648 \u0627\u062e\u062a\u0628\u0627\u0631 TOFAS .mkv","description":"","item_id":"","duration":533,"thumbnail":"https:\/\/vz-495222.b-cdn.net\/7a461808-1048-4d73-afdd-985bb3c131cd\/thumbnail.jpg","metadata":{"video_id":"7a461808-1048-4d73-afdd-985bb3c131cd","file_size":154202982,"video_title":"\u0645\u0627 \u0647\u0648 \u0627\u062e\u062a\u0628\u0627\u0631 TOFAS .mkv","collection_id":"6d877b87-0faf-4841-b82f-b00e01a6c4ec","video_quality":"2060x1080","video_duration":533,"video_thumbnail":"https:\/\/vz-495222.b-cdn.net\/7a461808-1048-4d73-afdd-985bb3c131cd\/thumbnail.jpg","video_library_id":""},"quiz_details":null,"page_details":null,"is_preview":false}
2025-09-21 12:17:47 COURSES_CONTROLLER DEBUG - requestedItemId: 1
2025-09-21 12:17:47 COURSES_CONTROLLER DEBUG - flatItems count: 7
2025-09-21 12:17:47 COURSE_VIEW DEBUG - current_item: {"id":"1","unit_id":"1","unit_name":"\u0627\u0633\u0645 \u0627\u0644\u0648\u062d\u062f\u0629 *","item_type":"video","title":"\u0645\u0627 \u0647\u0648 \u0627\u062e\u062a\u0628\u0627\u0631 TOFAS .mkv","description":"","item_id":"","duration":533,"thumbnail":"https:\/\/vz-495222.b-cdn.net\/7a461808-1048-4d73-afdd-985bb3c131cd\/thumbnail.jpg","metadata":{"video_id":"7a461808-1048-4d73-afdd-985bb3c131cd","file_size":154202982,"video_title":"\u0645\u0627 \u0647\u0648 \u0627\u062e\u062a\u0628\u0627\u0631 TOFAS .mkv","collection_id":"6d877b87-0faf-4841-b82f-b00e01a6c4ec","video_quality":"2060x1080","video_duration":533,"video_thumbnail":"https:\/\/vz-495222.b-cdn.net\/7a461808-1048-4d73-afdd-985bb3c131cd\/thumbnail.jpg","video_library_id":""},"quiz_details":null,"page_details":null,"is_preview":false}
2025-09-21 12:17:47 COURSE_VIEW DEBUG - current_id: 1
2025-09-21 12:17:47 COURSE_VIEW DEBUG - course_id: 1
2025-09-21 12:17:49 PROGRESS_CONTROLLER DEBUG - AJAX request received
2025-09-21 12:17:49 PROGRESS_CONTROLLER DEBUG - Raw input: {"unit_id":1,"course_id":1,"item_id":1}
2025-09-21 12:17:50 PROGRESS_CONTROLLER DEBUG - User ID: 1
2025-09-21 12:17:50 PROGRESS_CONTROLLER DEBUG - Parsed input: {"unit_id":1,"course_id":1,"item_id":1}
2025-09-21 12:17:50 PROGRESS_CONTROLLER DEBUG - Unit ID: 1
2025-09-21 12:17:50 PROGRESS_CONTROLLER DEBUG - Course ID: 1
2025-09-21 12:17:50 PROGRESS_CONTROLLER DEBUG - Item ID: 1
2025-09-21 12:17:50 PROGRESS_CONTROLLER DEBUG - isUserEnrolled result: true
2025-09-21 12:17:50 PROGRESS_CONTROLLER DEBUG - Looking for enrollment with userId=1, unitId=1
2025-09-21 12:17:50 PROGRESS_CONTROLLER DEBUG - Enrollment found: {"id":"1","user_id":"1","unit_ids":"[\"1\"]","total_amount":"35000.00","payment_proof":"{\"files\": [{\"size\": \"35.419\", \"type\": \"image\/jpeg\", \"order\": 1, \"thumbs\": [], \"is_image\": 1, \"raw_name\": \"544754131_122114699606966699_7815220782632544805_n.jpg\", \"dimension\": \"526*526\", \"extension\": \"jpg\", \"full_path\": \"uploads\/enrollments\/20_09_2025\/1758385873_24ac5a9f3f48ae78426c.jpg\", \"thumbnails\": [], \"encoded_name\": \"1758385873_24ac5a9f3f48ae78426c.jpg\", \"original_name\": \"544754131_122114699606966699_7815220782632544805_n.jpg\"}], \"fileCount\": 1}","payment_method":"instapay","status":"approved","admin_notes":null,"processed_by":null,"processed_at":null,"created_at":"2025-09-20 19:31:13","updated_at":"2025-09-20 20:17:50"}
2025-09-21 12:17:50 MARK_ITEM_COMPLETED DEBUG - Starting with userId=1, unitId=1, itemId=1, enrollmentId=1
2025-09-21 12:17:50 MARK_ITEM_COMPLETED DEBUG - Data to insert/update: {"user_id":1,"unit_id":1,"item_id":1,"enrollment_id":1,"progress_percentage":100,"is_completed":1,"completed_at":"2025-09-21 12:17:50","last_accessed_at":"2025-09-21 12:17:50"}
2025-09-21 12:17:50 MARK_ITEM_COMPLETED DEBUG - Existing record: {"id":"1","user_id":"1","unit_id":"1","item_id":"1","enrollment_id":"1","progress_percentage":"100.00","watch_time":"0","last_position":"0","is_completed":"1","completed_at":"2025-09-21 09:37:23","first_accessed_at":"2025-09-20 20:56:01","last_accessed_at":"2025-09-21 09:37:23","created_at":"2025-09-20 20:56:01","updated_at":"2025-09-21 09:37:23"}
2025-09-21 12:17:50 MARK_ITEM_COMPLETED DEBUG - Update result: true
2025-09-21 12:17:50 SWITCH CASE DEBUG - ENTERING IF BLOCK
2025-09-21 12:17:50 SWITCH CASE DEBUG - item_type: page
2025-09-21 12:17:50 SWITCH CASE DEBUG - metadata: {"page_id":"2"}
2025-09-21 12:17:50 SWITCH CASE DEBUG - ABOUT TO ENTER SWITCH
2025-09-21 12:17:50 COURSES_CONTROLLER DEBUG - quizData: null
2025-09-21 12:17:50 COURSES_CONTROLLER DEBUG - currentItem: {"id":"3","unit_id":"1","unit_name":"\u0627\u0633\u0645 \u0627\u0644\u0648\u062d\u062f\u0629 *","item_type":"page","title":"\u0627\u0644\u0634\u0631\u0648\u0637 \u0648\u0627\u0644\u0623\u062d\u0643\u0627\u0645","description":"\u0644\u0627 \u064a\u0648\u062c\u062f \u0648\u0635\u0641","item_id":"","duration":0,"thumbnail":"","metadata":{"page_id":"2"},"quiz_details":null,"page_details":null,"is_preview":false}
2025-09-21 12:17:50 COURSES_CONTROLLER DEBUG - requestedItemId: 3
2025-09-21 12:17:50 COURSES_CONTROLLER DEBUG - flatItems count: 7
2025-09-21 12:17:51 COURSE_VIEW DEBUG - current_item: {"id":"3","unit_id":"1","unit_name":"\u0627\u0633\u0645 \u0627\u0644\u0648\u062d\u062f\u0629 *","item_type":"page","title":"\u0627\u0644\u0634\u0631\u0648\u0637 \u0648\u0627\u0644\u0623\u062d\u0643\u0627\u0645","description":"\u0644\u0627 \u064a\u0648\u062c\u062f \u0648\u0635\u0641","item_id":"","duration":0,"thumbnail":"","metadata":{"page_id":"2"},"quiz_details":null,"page_details":null,"is_preview":false}
2025-09-21 12:17:51 COURSE_VIEW DEBUG - current_id: 3
2025-09-21 12:17:51 COURSE_VIEW DEBUG - course_id: 1
2025-09-21 12:19:56 SWITCH CASE DEBUG - ENTERING IF BLOCK
2025-09-21 12:19:56 SWITCH CASE DEBUG - item_type: video
2025-09-21 12:19:56 SWITCH CASE DEBUG - metadata: {"video_id":"7a461808-1048-4d73-afdd-985bb3c131cd","file_size":154202982,"video_title":"\u0645\u0627 \u0647\u0648 \u0627\u062e\u062a\u0628\u0627\u0631 TOFAS .mkv","collection_id":"6d877b87-0faf-4841-b82f-b00e01a6c4ec","video_quality":"2060x1080","video_duration":533,"video_thumbnail":"https:\/\/vz-495222.b-cdn.net\/7a461808-1048-4d73-afdd-985bb3c131cd\/thumbnail.jpg","video_library_id":""}
2025-09-21 12:19:56 SWITCH CASE DEBUG - ABOUT TO ENTER SWITCH
2025-09-21 12:19:56 SWITCH CASE DEBUG - ENTERED VIDEO CASE
2025-09-21 12:19:56 COURSES_CONTROLLER DEBUG - quizData: null
2025-09-21 12:19:56 COURSES_CONTROLLER DEBUG - currentItem: {"id":"1","unit_id":"1","unit_name":"\u0627\u0633\u0645 \u0627\u0644\u0648\u062d\u062f\u0629 *","item_type":"video","title":"\u0645\u0627 \u0647\u0648 \u0627\u062e\u062a\u0628\u0627\u0631 TOFAS .mkv","description":"","item_id":"","duration":533,"thumbnail":"https:\/\/vz-495222.b-cdn.net\/7a461808-1048-4d73-afdd-985bb3c131cd\/thumbnail.jpg","metadata":{"video_id":"7a461808-1048-4d73-afdd-985bb3c131cd","file_size":154202982,"video_title":"\u0645\u0627 \u0647\u0648 \u0627\u062e\u062a\u0628\u0627\u0631 TOFAS .mkv","collection_id":"6d877b87-0faf-4841-b82f-b00e01a6c4ec","video_quality":"2060x1080","video_duration":533,"video_thumbnail":"https:\/\/vz-495222.b-cdn.net\/7a461808-1048-4d73-afdd-985bb3c131cd\/thumbnail.jpg","video_library_id":""},"quiz_details":null,"page_details":null,"is_preview":false}
2025-09-21 12:19:56 COURSES_CONTROLLER DEBUG - requestedItemId: 1
2025-09-21 12:19:56 COURSES_CONTROLLER DEBUG - flatItems count: 7
2025-09-21 12:19:56 COURSE_VIEW DEBUG - current_item: {"id":"1","unit_id":"1","unit_name":"\u0627\u0633\u0645 \u0627\u0644\u0648\u062d\u062f\u0629 *","item_type":"video","title":"\u0645\u0627 \u0647\u0648 \u0627\u062e\u062a\u0628\u0627\u0631 TOFAS .mkv","description":"","item_id":"","duration":533,"thumbnail":"https:\/\/vz-495222.b-cdn.net\/7a461808-1048-4d73-afdd-985bb3c131cd\/thumbnail.jpg","metadata":{"video_id":"7a461808-1048-4d73-afdd-985bb3c131cd","file_size":154202982,"video_title":"\u0645\u0627 \u0647\u0648 \u0627\u062e\u062a\u0628\u0627\u0631 TOFAS .mkv","collection_id":"6d877b87-0faf-4841-b82f-b00e01a6c4ec","video_quality":"2060x1080","video_duration":533,"video_thumbnail":"https:\/\/vz-495222.b-cdn.net\/7a461808-1048-4d73-afdd-985bb3c131cd\/thumbnail.jpg","video_library_id":""},"quiz_details":null,"page_details":null,"is_preview":false}
2025-09-21 12:19:56 COURSE_VIEW DEBUG - current_id: 1
2025-09-21 12:19:56 COURSE_VIEW DEBUG - course_id: 1
2025-09-21 12:20:07 SWITCH CASE DEBUG - ENTERING IF BLOCK
2025-09-21 12:20:07 SWITCH CASE DEBUG - item_type: video
2025-09-21 12:20:07 SWITCH CASE DEBUG - metadata: {"video_id":"7a461808-1048-4d73-afdd-985bb3c131cd","file_size":154202982,"video_title":"\u0645\u0627 \u0647\u0648 \u0627\u062e\u062a\u0628\u0627\u0631 TOFAS .mkv","collection_id":"6d877b87-0faf-4841-b82f-b00e01a6c4ec","video_quality":"2060x1080","video_duration":533,"video_thumbnail":"https:\/\/vz-495222.b-cdn.net\/7a461808-1048-4d73-afdd-985bb3c131cd\/thumbnail.jpg","video_library_id":""}
2025-09-21 12:20:07 SWITCH CASE DEBUG - ABOUT TO ENTER SWITCH
2025-09-21 12:20:07 SWITCH CASE DEBUG - ENTERED VIDEO CASE
2025-09-21 12:20:07 COURSES_CONTROLLER DEBUG - quizData: null
2025-09-21 12:20:07 COURSES_CONTROLLER DEBUG - currentItem: {"id":"1","unit_id":"1","unit_name":"\u0627\u0633\u0645 \u0627\u0644\u0648\u062d\u062f\u0629 *","item_type":"video","title":"\u0645\u0627 \u0647\u0648 \u0627\u062e\u062a\u0628\u0627\u0631 TOFAS .mkv","description":"","item_id":"","duration":533,"thumbnail":"https:\/\/vz-495222.b-cdn.net\/7a461808-1048-4d73-afdd-985bb3c131cd\/thumbnail.jpg","metadata":{"video_id":"7a461808-1048-4d73-afdd-985bb3c131cd","file_size":154202982,"video_title":"\u0645\u0627 \u0647\u0648 \u0627\u062e\u062a\u0628\u0627\u0631 TOFAS .mkv","collection_id":"6d877b87-0faf-4841-b82f-b00e01a6c4ec","video_quality":"2060x1080","video_duration":533,"video_thumbnail":"https:\/\/vz-495222.b-cdn.net\/7a461808-1048-4d73-afdd-985bb3c131cd\/thumbnail.jpg","video_library_id":""},"quiz_details":null,"page_details":null,"is_preview":false}
2025-09-21 12:20:07 COURSES_CONTROLLER DEBUG - requestedItemId: 1
2025-09-21 12:20:07 COURSES_CONTROLLER DEBUG - flatItems count: 7
2025-09-21 12:20:07 COURSE_VIEW DEBUG - current_item: {"id":"1","unit_id":"1","unit_name":"\u0627\u0633\u0645 \u0627\u0644\u0648\u062d\u062f\u0629 *","item_type":"video","title":"\u0645\u0627 \u0647\u0648 \u0627\u062e\u062a\u0628\u0627\u0631 TOFAS .mkv","description":"","item_id":"","duration":533,"thumbnail":"https:\/\/vz-495222.b-cdn.net\/7a461808-1048-4d73-afdd-985bb3c131cd\/thumbnail.jpg","metadata":{"video_id":"7a461808-1048-4d73-afdd-985bb3c131cd","file_size":154202982,"video_title":"\u0645\u0627 \u0647\u0648 \u0627\u062e\u062a\u0628\u0627\u0631 TOFAS .mkv","collection_id":"6d877b87-0faf-4841-b82f-b00e01a6c4ec","video_quality":"2060x1080","video_duration":533,"video_thumbnail":"https:\/\/vz-495222.b-cdn.net\/7a461808-1048-4d73-afdd-985bb3c131cd\/thumbnail.jpg","video_library_id":""},"quiz_details":null,"page_details":null,"is_preview":false}
2025-09-21 12:20:07 COURSE_VIEW DEBUG - current_id: 1
2025-09-21 12:20:07 COURSE_VIEW DEBUG - course_id: 1
2025-09-21 12:20:14 PROGRESS_CONTROLLER DEBUG - AJAX request received
2025-09-21 12:20:14 PROGRESS_CONTROLLER DEBUG - Raw input: {"unit_id":1,"course_id":1,"item_id":1}
2025-09-21 12:20:14 PROGRESS_CONTROLLER DEBUG - User ID: 1
2025-09-21 12:20:14 PROGRESS_CONTROLLER DEBUG - Parsed input: {"unit_id":1,"course_id":1,"item_id":1}
2025-09-21 12:20:14 PROGRESS_CONTROLLER DEBUG - Unit ID: 1
2025-09-21 12:20:14 PROGRESS_CONTROLLER DEBUG - Course ID: 1
2025-09-21 12:20:14 PROGRESS_CONTROLLER DEBUG - Item ID: 1
2025-09-21 12:20:14 PROGRESS_CONTROLLER DEBUG - isUserEnrolled result: true
2025-09-21 12:20:14 PROGRESS_CONTROLLER DEBUG - Looking for enrollment with userId=1, unitId=1
2025-09-21 12:20:14 PROGRESS_CONTROLLER DEBUG - Enrollment found: {"id":"1","user_id":"1","unit_ids":"[\"1\"]","total_amount":"35000.00","payment_proof":"{\"files\": [{\"size\": \"35.419\", \"type\": \"image\/jpeg\", \"order\": 1, \"thumbs\": [], \"is_image\": 1, \"raw_name\": \"544754131_122114699606966699_7815220782632544805_n.jpg\", \"dimension\": \"526*526\", \"extension\": \"jpg\", \"full_path\": \"uploads\/enrollments\/20_09_2025\/1758385873_24ac5a9f3f48ae78426c.jpg\", \"thumbnails\": [], \"encoded_name\": \"1758385873_24ac5a9f3f48ae78426c.jpg\", \"original_name\": \"544754131_122114699606966699_7815220782632544805_n.jpg\"}], \"fileCount\": 1}","payment_method":"instapay","status":"approved","admin_notes":null,"processed_by":null,"processed_at":null,"created_at":"2025-09-20 19:31:13","updated_at":"2025-09-20 20:17:50"}
2025-09-21 12:20:14 MARK_ITEM_COMPLETED DEBUG - Starting with userId=1, unitId=1, itemId=1, enrollmentId=1
2025-09-21 12:20:14 MARK_ITEM_COMPLETED DEBUG - Data to insert/update: {"user_id":1,"unit_id":1,"item_id":1,"enrollment_id":1,"progress_percentage":100,"is_completed":1,"completed_at":"2025-09-21 12:20:14","last_accessed_at":"2025-09-21 12:20:14"}
2025-09-21 12:20:14 MARK_ITEM_COMPLETED DEBUG - Existing record: {"id":"1","user_id":"1","unit_id":"1","item_id":"1","enrollment_id":"1","progress_percentage":"100.00","watch_time":"0","last_position":"0","is_completed":"1","completed_at":"2025-09-21 12:17:50","first_accessed_at":"2025-09-20 20:56:01","last_accessed_at":"2025-09-21 12:17:50","created_at":"2025-09-20 20:56:01","updated_at":"2025-09-21 12:17:50"}
2025-09-21 12:20:15 MARK_ITEM_COMPLETED DEBUG - Update result: true
2025-09-21 12:20:15 SWITCH CASE DEBUG - ENTERING IF BLOCK
2025-09-21 12:20:15 SWITCH CASE DEBUG - item_type: page
2025-09-21 12:20:15 SWITCH CASE DEBUG - metadata: {"page_id":"2"}
2025-09-21 12:20:15 SWITCH CASE DEBUG - ABOUT TO ENTER SWITCH
2025-09-21 12:20:16 COURSES_CONTROLLER DEBUG - quizData: null
2025-09-21 12:20:16 COURSES_CONTROLLER DEBUG - currentItem: {"id":"3","unit_id":"1","unit_name":"\u0627\u0633\u0645 \u0627\u0644\u0648\u062d\u062f\u0629 *","item_type":"page","title":"\u0627\u0644\u0634\u0631\u0648\u0637 \u0648\u0627\u0644\u0623\u062d\u0643\u0627\u0645","description":"\u0644\u0627 \u064a\u0648\u062c\u062f \u0648\u0635\u0641","item_id":"","duration":0,"thumbnail":"","metadata":{"page_id":"2"},"quiz_details":null,"page_details":null,"is_preview":false}
2025-09-21 12:20:16 COURSES_CONTROLLER DEBUG - requestedItemId: 3
2025-09-21 12:20:16 COURSES_CONTROLLER DEBUG - flatItems count: 7
2025-09-21 12:20:16 COURSE_VIEW DEBUG - current_item: {"id":"3","unit_id":"1","unit_name":"\u0627\u0633\u0645 \u0627\u0644\u0648\u062d\u062f\u0629 *","item_type":"page","title":"\u0627\u0644\u0634\u0631\u0648\u0637 \u0648\u0627\u0644\u0623\u062d\u0643\u0627\u0645","description":"\u0644\u0627 \u064a\u0648\u062c\u062f \u0648\u0635\u0641","item_id":"","duration":0,"thumbnail":"","metadata":{"page_id":"2"},"quiz_details":null,"page_details":null,"is_preview":false}
2025-09-21 12:20:16 COURSE_VIEW DEBUG - current_id: 3
2025-09-21 12:20:16 COURSE_VIEW DEBUG - course_id: 1
2025-09-21 12:20:30 SWITCH CASE DEBUG - ENTERING IF BLOCK
2025-09-21 12:20:30 SWITCH CASE DEBUG - item_type: video
2025-09-21 12:20:30 SWITCH CASE DEBUG - metadata: {"video_id":"7a461808-1048-4d73-afdd-985bb3c131cd","file_size":154202982,"video_title":"\u0645\u0627 \u0647\u0648 \u0627\u062e\u062a\u0628\u0627\u0631 TOFAS .mkv","collection_id":"6d877b87-0faf-4841-b82f-b00e01a6c4ec","video_quality":"2060x1080","video_duration":533,"video_thumbnail":"https:\/\/vz-495222.b-cdn.net\/7a461808-1048-4d73-afdd-985bb3c131cd\/thumbnail.jpg","video_library_id":""}
2025-09-21 12:20:30 SWITCH CASE DEBUG - ABOUT TO ENTER SWITCH
2025-09-21 12:20:30 SWITCH CASE DEBUG - ENTERED VIDEO CASE
2025-09-21 12:20:30 COURSES_CONTROLLER DEBUG - quizData: null
2025-09-21 12:20:30 COURSES_CONTROLLER DEBUG - currentItem: {"id":"1","unit_id":"1","unit_name":"\u0627\u0633\u0645 \u0627\u0644\u0648\u062d\u062f\u0629 *","item_type":"video","title":"\u0645\u0627 \u0647\u0648 \u0627\u062e\u062a\u0628\u0627\u0631 TOFAS .mkv","description":"","item_id":"","duration":533,"thumbnail":"https:\/\/vz-495222.b-cdn.net\/7a461808-1048-4d73-afdd-985bb3c131cd\/thumbnail.jpg","metadata":{"video_id":"7a461808-1048-4d73-afdd-985bb3c131cd","file_size":154202982,"video_title":"\u0645\u0627 \u0647\u0648 \u0627\u062e\u062a\u0628\u0627\u0631 TOFAS .mkv","collection_id":"6d877b87-0faf-4841-b82f-b00e01a6c4ec","video_quality":"2060x1080","video_duration":533,"video_thumbnail":"https:\/\/vz-495222.b-cdn.net\/7a461808-1048-4d73-afdd-985bb3c131cd\/thumbnail.jpg","video_library_id":""},"quiz_details":null,"page_details":null,"is_preview":false}
2025-09-21 12:20:30 COURSES_CONTROLLER DEBUG - requestedItemId: 1
2025-09-21 12:20:30 COURSES_CONTROLLER DEBUG - flatItems count: 7
2025-09-21 12:20:30 COURSE_VIEW DEBUG - current_item: {"id":"1","unit_id":"1","unit_name":"\u0627\u0633\u0645 \u0627\u0644\u0648\u062d\u062f\u0629 *","item_type":"video","title":"\u0645\u0627 \u0647\u0648 \u0627\u062e\u062a\u0628\u0627\u0631 TOFAS .mkv","description":"","item_id":"","duration":533,"thumbnail":"https:\/\/vz-495222.b-cdn.net\/7a461808-1048-4d73-afdd-985bb3c131cd\/thumbnail.jpg","metadata":{"video_id":"7a461808-1048-4d73-afdd-985bb3c131cd","file_size":154202982,"video_title":"\u0645\u0627 \u0647\u0648 \u0627\u062e\u062a\u0628\u0627\u0631 TOFAS .mkv","collection_id":"6d877b87-0faf-4841-b82f-b00e01a6c4ec","video_quality":"2060x1080","video_duration":533,"video_thumbnail":"https:\/\/vz-495222.b-cdn.net\/7a461808-1048-4d73-afdd-985bb3c131cd\/thumbnail.jpg","video_library_id":""},"quiz_details":null,"page_details":null,"is_preview":false}
2025-09-21 12:20:30 COURSE_VIEW DEBUG - current_id: 1
2025-09-21 12:20:30 COURSE_VIEW DEBUG - course_id: 1
2025-09-21 12:20:38 PROGRESS_CONTROLLER DEBUG - AJAX request received
2025-09-21 12:20:38 PROGRESS_CONTROLLER DEBUG - Raw input: {"unit_id":1,"course_id":1,"item_id":1}
2025-09-21 12:20:38 PROGRESS_CONTROLLER DEBUG - User ID: 1
2025-09-21 12:20:38 PROGRESS_CONTROLLER DEBUG - Parsed input: {"unit_id":1,"course_id":1,"item_id":1}
2025-09-21 12:20:38 PROGRESS_CONTROLLER DEBUG - Unit ID: 1
2025-09-21 12:20:38 PROGRESS_CONTROLLER DEBUG - Course ID: 1
2025-09-21 12:20:38 PROGRESS_CONTROLLER DEBUG - Item ID: 1
2025-09-21 12:20:38 PROGRESS_CONTROLLER DEBUG - isUserEnrolled result: true
2025-09-21 12:20:38 PROGRESS_CONTROLLER DEBUG - Looking for enrollment with userId=1, unitId=1
2025-09-21 12:20:38 PROGRESS_CONTROLLER DEBUG - Enrollment found: {"id":"1","user_id":"1","unit_ids":"[\"1\"]","total_amount":"35000.00","payment_proof":"{\"files\": [{\"size\": \"35.419\", \"type\": \"image\/jpeg\", \"order\": 1, \"thumbs\": [], \"is_image\": 1, \"raw_name\": \"544754131_122114699606966699_7815220782632544805_n.jpg\", \"dimension\": \"526*526\", \"extension\": \"jpg\", \"full_path\": \"uploads\/enrollments\/20_09_2025\/1758385873_24ac5a9f3f48ae78426c.jpg\", \"thumbnails\": [], \"encoded_name\": \"1758385873_24ac5a9f3f48ae78426c.jpg\", \"original_name\": \"544754131_122114699606966699_7815220782632544805_n.jpg\"}], \"fileCount\": 1}","payment_method":"instapay","status":"approved","admin_notes":null,"processed_by":null,"processed_at":null,"created_at":"2025-09-20 19:31:13","updated_at":"2025-09-20 20:17:50"}
2025-09-21 12:20:38 MARK_ITEM_COMPLETED DEBUG - Starting with userId=1, unitId=1, itemId=1, enrollmentId=1
2025-09-21 12:20:38 MARK_ITEM_COMPLETED DEBUG - Data to insert/update: {"user_id":1,"unit_id":1,"item_id":1,"enrollment_id":1,"progress_percentage":100,"is_completed":1,"completed_at":"2025-09-21 12:20:38","last_accessed_at":"2025-09-21 12:20:38"}
2025-09-21 12:20:38 MARK_ITEM_COMPLETED DEBUG - Existing record: {"id":"1","user_id":"1","unit_id":"1","item_id":"1","enrollment_id":"1","progress_percentage":"100.00","watch_time":"0","last_position":"0","is_completed":"1","completed_at":"2025-09-21 12:20:14","first_accessed_at":"2025-09-20 20:56:01","last_accessed_at":"2025-09-21 12:20:14","created_at":"2025-09-20 20:56:01","updated_at":"2025-09-21 12:20:14"}
2025-09-21 12:20:38 MARK_ITEM_COMPLETED DEBUG - Update result: true
2025-09-21 12:20:39 SWITCH CASE DEBUG - ENTERING IF BLOCK
2025-09-21 12:20:39 SWITCH CASE DEBUG - item_type: page
2025-09-21 12:20:39 SWITCH CASE DEBUG - metadata: {"page_id":"2"}
2025-09-21 12:20:39 SWITCH CASE DEBUG - ABOUT TO ENTER SWITCH
2025-09-21 12:20:39 COURSES_CONTROLLER DEBUG - quizData: null
2025-09-21 12:20:39 COURSES_CONTROLLER DEBUG - currentItem: {"id":"3","unit_id":"1","unit_name":"\u0627\u0633\u0645 \u0627\u0644\u0648\u062d\u062f\u0629 *","item_type":"page","title":"\u0627\u0644\u0634\u0631\u0648\u0637 \u0648\u0627\u0644\u0623\u062d\u0643\u0627\u0645","description":"\u0644\u0627 \u064a\u0648\u062c\u062f \u0648\u0635\u0641","item_id":"","duration":0,"thumbnail":"","metadata":{"page_id":"2"},"quiz_details":null,"page_details":null,"is_preview":false}
2025-09-21 12:20:39 COURSES_CONTROLLER DEBUG - requestedItemId: 3
2025-09-21 12:20:39 COURSES_CONTROLLER DEBUG - flatItems count: 7
2025-09-21 12:20:39 COURSE_VIEW DEBUG - current_item: {"id":"3","unit_id":"1","unit_name":"\u0627\u0633\u0645 \u0627\u0644\u0648\u062d\u062f\u0629 *","item_type":"page","title":"\u0627\u0644\u0634\u0631\u0648\u0637 \u0648\u0627\u0644\u0623\u062d\u0643\u0627\u0645","description":"\u0644\u0627 \u064a\u0648\u062c\u062f \u0648\u0635\u0641","item_id":"","duration":0,"thumbnail":"","metadata":{"page_id":"2"},"quiz_details":null,"page_details":null,"is_preview":false}
2025-09-21 12:20:39 COURSE_VIEW DEBUG - current_id: 3
2025-09-21 12:20:39 COURSE_VIEW DEBUG - course_id: 1
2025-09-21 12:23:14 SWITCH CASE DEBUG - ENTERING IF BLOCK
2025-09-21 12:23:15 SWITCH CASE DEBUG - item_type: video
2025-09-21 12:23:15 SWITCH CASE DEBUG - metadata: {"video_id":"7a461808-1048-4d73-afdd-985bb3c131cd","file_size":154202982,"video_title":"\u0645\u0627 \u0647\u0648 \u0627\u062e\u062a\u0628\u0627\u0631 TOFAS .mkv","collection_id":"6d877b87-0faf-4841-b82f-b00e01a6c4ec","video_quality":"2060x1080","video_duration":533,"video_thumbnail":"https:\/\/vz-495222.b-cdn.net\/7a461808-1048-4d73-afdd-985bb3c131cd\/thumbnail.jpg","video_library_id":""}
2025-09-21 12:23:15 SWITCH CASE DEBUG - ABOUT TO ENTER SWITCH
2025-09-21 12:23:15 SWITCH CASE DEBUG - ENTERED VIDEO CASE
2025-09-21 12:23:15 COURSES_CONTROLLER DEBUG - quizData: null
2025-09-21 12:23:15 COURSES_CONTROLLER DEBUG - currentItem: {"id":"1","unit_id":"1","unit_name":"\u0627\u0633\u0645 \u0627\u0644\u0648\u062d\u062f\u0629 *","item_type":"video","title":"\u0645\u0627 \u0647\u0648 \u0627\u062e\u062a\u0628\u0627\u0631 TOFAS .mkv","description":"","item_id":"","duration":533,"thumbnail":"https:\/\/vz-495222.b-cdn.net\/7a461808-1048-4d73-afdd-985bb3c131cd\/thumbnail.jpg","metadata":{"video_id":"7a461808-1048-4d73-afdd-985bb3c131cd","file_size":154202982,"video_title":"\u0645\u0627 \u0647\u0648 \u0627\u062e\u062a\u0628\u0627\u0631 TOFAS .mkv","collection_id":"6d877b87-0faf-4841-b82f-b00e01a6c4ec","video_quality":"2060x1080","video_duration":533,"video_thumbnail":"https:\/\/vz-495222.b-cdn.net\/7a461808-1048-4d73-afdd-985bb3c131cd\/thumbnail.jpg","video_library_id":""},"quiz_details":null,"page_details":null,"is_preview":false}
2025-09-21 12:23:15 COURSES_CONTROLLER DEBUG - requestedItemId: 1
2025-09-21 12:23:15 COURSES_CONTROLLER DEBUG - flatItems count: 7
2025-09-21 12:23:15 COURSE_VIEW DEBUG - current_item: {"id":"1","unit_id":"1","unit_name":"\u0627\u0633\u0645 \u0627\u0644\u0648\u062d\u062f\u0629 *","item_type":"video","title":"\u0645\u0627 \u0647\u0648 \u0627\u062e\u062a\u0628\u0627\u0631 TOFAS .mkv","description":"","item_id":"","duration":533,"thumbnail":"https:\/\/vz-495222.b-cdn.net\/7a461808-1048-4d73-afdd-985bb3c131cd\/thumbnail.jpg","metadata":{"video_id":"7a461808-1048-4d73-afdd-985bb3c131cd","file_size":154202982,"video_title":"\u0645\u0627 \u0647\u0648 \u0627\u062e\u062a\u0628\u0627\u0631 TOFAS .mkv","collection_id":"6d877b87-0faf-4841-b82f-b00e01a6c4ec","video_quality":"2060x1080","video_duration":533,"video_thumbnail":"https:\/\/vz-495222.b-cdn.net\/7a461808-1048-4d73-afdd-985bb3c131cd\/thumbnail.jpg","video_library_id":""},"quiz_details":null,"page_details":null,"is_preview":false}
2025-09-21 12:23:15 COURSE_VIEW DEBUG - current_id: 1
2025-09-21 12:23:15 COURSE_VIEW DEBUG - course_id: 1
2025-09-21 12:23:25 PROGRESS_CONTROLLER DEBUG - AJAX request received
2025-09-21 12:23:25 PROGRESS_CONTROLLER DEBUG - Raw input: {"unit_id":1,"course_id":1,"item_id":1}
2025-09-21 12:23:25 PROGRESS_CONTROLLER DEBUG - User ID: 1
2025-09-21 12:23:25 PROGRESS_CONTROLLER DEBUG - Parsed input: {"unit_id":1,"course_id":1,"item_id":1}
2025-09-21 12:23:25 PROGRESS_CONTROLLER DEBUG - Unit ID: 1
2025-09-21 12:23:25 PROGRESS_CONTROLLER DEBUG - Course ID: 1
2025-09-21 12:23:25 PROGRESS_CONTROLLER DEBUG - Item ID: 1
2025-09-21 12:23:25 PROGRESS_CONTROLLER DEBUG - isUserEnrolled result: true
2025-09-21 12:23:25 PROGRESS_CONTROLLER DEBUG - Looking for enrollment with userId=1, unitId=1
2025-09-21 12:23:25 PROGRESS_CONTROLLER DEBUG - Enrollment found: {"id":"1","user_id":"1","unit_ids":"[\"1\"]","total_amount":"35000.00","payment_proof":"{\"files\": [{\"size\": \"35.419\", \"type\": \"image\/jpeg\", \"order\": 1, \"thumbs\": [], \"is_image\": 1, \"raw_name\": \"544754131_122114699606966699_7815220782632544805_n.jpg\", \"dimension\": \"526*526\", \"extension\": \"jpg\", \"full_path\": \"uploads\/enrollments\/20_09_2025\/1758385873_24ac5a9f3f48ae78426c.jpg\", \"thumbnails\": [], \"encoded_name\": \"1758385873_24ac5a9f3f48ae78426c.jpg\", \"original_name\": \"544754131_122114699606966699_7815220782632544805_n.jpg\"}], \"fileCount\": 1}","payment_method":"instapay","status":"approved","admin_notes":null,"processed_by":null,"processed_at":null,"created_at":"2025-09-20 19:31:13","updated_at":"2025-09-20 20:17:50"}
2025-09-21 12:23:25 MARK_ITEM_COMPLETED DEBUG - Starting with userId=1, unitId=1, itemId=1, enrollmentId=1
2025-09-21 12:23:25 MARK_ITEM_COMPLETED DEBUG - Data to insert/update: {"user_id":1,"unit_id":1,"item_id":1,"enrollment_id":1,"progress_percentage":100,"is_completed":1,"completed_at":"2025-09-21 12:23:25","last_accessed_at":"2025-09-21 12:23:25"}
2025-09-21 12:23:25 MARK_ITEM_COMPLETED DEBUG - Existing record: {"id":"1","user_id":"1","unit_id":"1","item_id":"1","enrollment_id":"1","progress_percentage":"100.00","watch_time":"0","last_position":"0","is_completed":"1","completed_at":"2025-09-21 12:20:38","first_accessed_at":"2025-09-20 20:56:01","last_accessed_at":"2025-09-21 12:20:38","created_at":"2025-09-20 20:56:01","updated_at":"2025-09-21 12:20:38"}
2025-09-21 12:23:26 MARK_ITEM_COMPLETED DEBUG - Update result: true
2025-09-21 12:23:27 SWITCH CASE DEBUG - ENTERING IF BLOCK
2025-09-21 12:23:27 SWITCH CASE DEBUG - item_type: page
2025-09-21 12:23:27 SWITCH CASE DEBUG - metadata: {"page_id":"2"}
2025-09-21 12:23:27 SWITCH CASE DEBUG - ABOUT TO ENTER SWITCH
2025-09-21 12:23:27 COURSES_CONTROLLER DEBUG - quizData: null
2025-09-21 12:23:27 COURSES_CONTROLLER DEBUG - currentItem: {"id":"3","unit_id":"1","unit_name":"\u0627\u0633\u0645 \u0627\u0644\u0648\u062d\u062f\u0629 *","item_type":"page","title":"\u0627\u0644\u0634\u0631\u0648\u0637 \u0648\u0627\u0644\u0623\u062d\u0643\u0627\u0645","description":"\u0644\u0627 \u064a\u0648\u062c\u062f \u0648\u0635\u0641","item_id":"","duration":0,"thumbnail":"","metadata":{"page_id":"2"},"quiz_details":null,"page_details":null,"is_preview":false}
2025-09-21 12:23:27 COURSES_CONTROLLER DEBUG - requestedItemId: 3
2025-09-21 12:23:27 COURSES_CONTROLLER DEBUG - flatItems count: 7
2025-09-21 12:23:27 COURSE_VIEW DEBUG - current_item: {"id":"3","unit_id":"1","unit_name":"\u0627\u0633\u0645 \u0627\u0644\u0648\u062d\u062f\u0629 *","item_type":"page","title":"\u0627\u0644\u0634\u0631\u0648\u0637 \u0648\u0627\u0644\u0623\u062d\u0643\u0627\u0645","description":"\u0644\u0627 \u064a\u0648\u062c\u062f \u0648\u0635\u0641","item_id":"","duration":0,"thumbnail":"","metadata":{"page_id":"2"},"quiz_details":null,"page_details":null,"is_preview":false}
2025-09-21 12:23:27 COURSE_VIEW DEBUG - current_id: 3
2025-09-21 12:23:27 COURSE_VIEW DEBUG - course_id: 1
2025-09-21 12:27:20 PROGRESS_CONTROLLER DEBUG - AJAX request received
2025-09-21 12:27:20 PROGRESS_CONTROLLER DEBUG - Raw input: {"item_id": "1"}
2025-09-21 12:27:20 PROGRESS_CONTROLLER DEBUG - User ID: 1
2025-09-21 12:27:20 PROGRESS_CONTROLLER DEBUG - Parsed input: {"item_id":"1"}
2025-09-21 12:27:20 PROGRESS_CONTROLLER DEBUG - Unit ID: NULL
2025-09-21 12:27:20 PROGRESS_CONTROLLER DEBUG - Course ID: NULL
2025-09-21 12:27:20 PROGRESS_CONTROLLER DEBUG - Item ID: 1
2025-09-21 12:27:20 PROGRESS_CONTROLLER DEBUG - Missing unit_id, course_id, or item_id
2025-09-21 12:27:32 PROGRESS_CONTROLLER DEBUG - AJAX request received
2025-09-21 12:27:32 PROGRESS_CONTROLLER DEBUG - Raw input: {"item_id": "1", "unit_id": "1", "course_id": "1"}
2025-09-21 12:27:32 PROGRESS_CONTROLLER DEBUG - User ID: 1
2025-09-21 12:27:32 PROGRESS_CONTROLLER DEBUG - Parsed input: {"item_id":"1","unit_id":"1","course_id":"1"}
2025-09-21 12:27:32 PROGRESS_CONTROLLER DEBUG - Unit ID: 1
2025-09-21 12:27:32 PROGRESS_CONTROLLER DEBUG - Course ID: 1
2025-09-21 12:27:32 PROGRESS_CONTROLLER DEBUG - Item ID: 1
2025-09-21 12:27:32 PROGRESS_CONTROLLER DEBUG - isUserEnrolled result: true
2025-09-21 12:27:32 PROGRESS_CONTROLLER DEBUG - Looking for enrollment with userId=1, unitId=1
2025-09-21 12:27:32 PROGRESS_CONTROLLER DEBUG - Enrollment found: {"id":"1","user_id":"1","unit_ids":"[\"1\"]","total_amount":"35000.00","payment_proof":"{\"files\": [{\"size\": \"35.419\", \"type\": \"image\/jpeg\", \"order\": 1, \"thumbs\": [], \"is_image\": 1, \"raw_name\": \"544754131_122114699606966699_7815220782632544805_n.jpg\", \"dimension\": \"526*526\", \"extension\": \"jpg\", \"full_path\": \"uploads\/enrollments\/20_09_2025\/1758385873_24ac5a9f3f48ae78426c.jpg\", \"thumbnails\": [], \"encoded_name\": \"1758385873_24ac5a9f3f48ae78426c.jpg\", \"original_name\": \"544754131_122114699606966699_7815220782632544805_n.jpg\"}], \"fileCount\": 1}","payment_method":"instapay","status":"approved","admin_notes":null,"processed_by":null,"processed_at":null,"created_at":"2025-09-20 19:31:13","updated_at":"2025-09-20 20:17:50"}
2025-09-21 12:27:32 MARK_ITEM_COMPLETED DEBUG - Starting with userId=1, unitId=1, itemId=1, enrollmentId=1
2025-09-21 12:27:32 MARK_ITEM_COMPLETED DEBUG - Data to insert/update: {"user_id":1,"unit_id":1,"item_id":1,"enrollment_id":1,"progress_percentage":100,"is_completed":1,"completed_at":"2025-09-21 12:27:32","last_accessed_at":"2025-09-21 12:27:32"}
2025-09-21 12:27:32 MARK_ITEM_COMPLETED DEBUG - Existing record: {"id":"1","user_id":"1","unit_id":"1","item_id":"1","enrollment_id":"1","progress_percentage":"100.00","watch_time":"0","last_position":"0","is_completed":"1","completed_at":"2025-09-21 12:23:25","first_accessed_at":"2025-09-20 20:56:01","last_accessed_at":"2025-09-21 12:23:25","created_at":"2025-09-20 20:56:01","updated_at":"2025-09-21 12:23:25"}
2025-09-21 12:27:32 MARK_ITEM_COMPLETED DEBUG - Update result: true
2025-09-21 12:28:55 PROGRESS_CONTROLLER DEBUG - AJAX request received
2025-09-21 12:28:55 PROGRESS_CONTROLLER DEBUG - Raw input: {"item_id": "1", "unit_id": "1", "course_id": "1"}
2025-09-21 12:28:55 PROGRESS_CONTROLLER DEBUG - User ID: 1
2025-09-21 12:28:55 PROGRESS_CONTROLLER DEBUG - Parsed input: {"item_id":"1","unit_id":"1","course_id":"1"}
2025-09-21 12:28:55 PROGRESS_CONTROLLER DEBUG - Unit ID: 1
2025-09-21 12:28:55 PROGRESS_CONTROLLER DEBUG - Course ID: 1
2025-09-21 12:28:55 PROGRESS_CONTROLLER DEBUG - Item ID: 1
2025-09-21 12:28:55 PROGRESS_CONTROLLER DEBUG - isUserEnrolled result: true
2025-09-21 12:28:55 PROGRESS_CONTROLLER DEBUG - Looking for enrollment with userId=1, unitId=1
2025-09-21 12:28:55 PROGRESS_CONTROLLER DEBUG - Enrollment found: {"id":"1","user_id":"1","unit_ids":"[\"1\"]","total_amount":"35000.00","payment_proof":"{\"files\": [{\"size\": \"35.419\", \"type\": \"image\/jpeg\", \"order\": 1, \"thumbs\": [], \"is_image\": 1, \"raw_name\": \"544754131_122114699606966699_7815220782632544805_n.jpg\", \"dimension\": \"526*526\", \"extension\": \"jpg\", \"full_path\": \"uploads\/enrollments\/20_09_2025\/1758385873_24ac5a9f3f48ae78426c.jpg\", \"thumbnails\": [], \"encoded_name\": \"1758385873_24ac5a9f3f48ae78426c.jpg\", \"original_name\": \"544754131_122114699606966699_7815220782632544805_n.jpg\"}], \"fileCount\": 1}","payment_method":"instapay","status":"approved","admin_notes":null,"processed_by":null,"processed_at":null,"created_at":"2025-09-20 19:31:13","updated_at":"2025-09-20 20:17:50"}
2025-09-21 12:28:55 MARK_ITEM_COMPLETED DEBUG - Starting with userId=1, unitId=1, itemId=1, enrollmentId=1
2025-09-21 12:28:55 MARK_ITEM_COMPLETED DEBUG - Data to insert/update: {"user_id":1,"unit_id":1,"item_id":1,"enrollment_id":1,"progress_percentage":100,"is_completed":1,"completed_at":"2025-09-21 12:28:55","last_accessed_at":"2025-09-21 12:28:55"}
2025-09-21 12:28:55 MARK_ITEM_COMPLETED DEBUG - Existing record: {"id":"1","user_id":"1","unit_id":"1","item_id":"1","enrollment_id":"1","progress_percentage":"100.00","watch_time":"0","last_position":"0","is_completed":"1","completed_at":"2025-09-21 12:27:32","first_accessed_at":"2025-09-20 20:56:01","last_accessed_at":"2025-09-21 12:27:32","created_at":"2025-09-20 20:56:01","updated_at":"2025-09-21 12:27:32"}
2025-09-21 12:28:55 MARK_ITEM_COMPLETED DEBUG - Update result: true
2025-09-21 12:30:26 PROGRESS_CONTROLLER DEBUG - AJAX request received
2025-09-21 12:30:26 PROGRESS_CONTROLLER DEBUG - Raw input: course_id=1&unit_id=1&item_id=1
2025-09-21 12:30:49 PROGRESS_CONTROLLER DEBUG - AJAX request received
2025-09-21 12:30:49 PROGRESS_CONTROLLER DEBUG - Raw input: {
    "course_id":  1,
    "unit_id":  1,
    "item_id":  1
}
2025-09-21 12:30:49 PROGRESS_CONTROLLER DEBUG - User ID: 1
2025-09-21 12:30:49 PROGRESS_CONTROLLER DEBUG - Parsed input: {"course_id":1,"unit_id":1,"item_id":1}
2025-09-21 12:30:49 PROGRESS_CONTROLLER DEBUG - Unit ID: 1
2025-09-21 12:30:49 PROGRESS_CONTROLLER DEBUG - Course ID: 1
2025-09-21 12:30:49 PROGRESS_CONTROLLER DEBUG - Item ID: 1
2025-09-21 12:30:49 PROGRESS_CONTROLLER DEBUG - isUserEnrolled result: true
2025-09-21 12:30:49 PROGRESS_CONTROLLER DEBUG - Looking for enrollment with userId=1, unitId=1
2025-09-21 12:30:49 PROGRESS_CONTROLLER DEBUG - Enrollment found: {"id":"1","user_id":"1","unit_ids":"[\"1\"]","total_amount":"35000.00","payment_proof":"{\"files\": [{\"size\": \"35.419\", \"type\": \"image\/jpeg\", \"order\": 1, \"thumbs\": [], \"is_image\": 1, \"raw_name\": \"544754131_122114699606966699_7815220782632544805_n.jpg\", \"dimension\": \"526*526\", \"extension\": \"jpg\", \"full_path\": \"uploads\/enrollments\/20_09_2025\/1758385873_24ac5a9f3f48ae78426c.jpg\", \"thumbnails\": [], \"encoded_name\": \"1758385873_24ac5a9f3f48ae78426c.jpg\", \"original_name\": \"544754131_122114699606966699_7815220782632544805_n.jpg\"}], \"fileCount\": 1}","payment_method":"instapay","status":"approved","admin_notes":null,"processed_by":null,"processed_at":null,"created_at":"2025-09-20 19:31:13","updated_at":"2025-09-20 20:17:50"}
2025-09-21 12:30:49 MARK_ITEM_COMPLETED DEBUG - Starting with userId=1, unitId=1, itemId=1, enrollmentId=1
2025-09-21 12:30:49 MARK_ITEM_COMPLETED DEBUG - Data to insert/update: {"user_id":1,"unit_id":1,"item_id":1,"enrollment_id":1,"progress_percentage":100,"is_completed":1,"completed_at":"2025-09-21 12:30:49","last_accessed_at":"2025-09-21 12:30:49"}
2025-09-21 12:30:49 MARK_ITEM_COMPLETED DEBUG - Existing record: {"id":"1","user_id":"1","unit_id":"1","item_id":"1","enrollment_id":"1","progress_percentage":"100.00","watch_time":"0","last_position":"0","is_completed":"1","completed_at":"2025-09-21 12:28:55","first_accessed_at":"2025-09-20 20:56:01","last_accessed_at":"2025-09-21 12:28:55","created_at":"2025-09-20 20:56:01","updated_at":"2025-09-21 12:28:55"}
2025-09-21 12:30:49 MARK_ITEM_COMPLETED DEBUG - Update result: true
2025-09-21 15:01:43 SWITCH CASE DEBUG - ENTERING IF BLOCK
2025-09-21 15:01:43 SWITCH CASE DEBUG - item_type: video
2025-09-21 15:01:43 SWITCH CASE DEBUG - metadata: {"video_id":"7a461808-1048-4d73-afdd-985bb3c131cd","file_size":154202982,"video_title":"\u0645\u0627 \u0647\u0648 \u0627\u062e\u062a\u0628\u0627\u0631 TOFAS .mkv","collection_id":"6d877b87-0faf-4841-b82f-b00e01a6c4ec","video_quality":"2060x1080","video_duration":533,"video_thumbnail":"https:\/\/vz-495222.b-cdn.net\/7a461808-1048-4d73-afdd-985bb3c131cd\/thumbnail.jpg","video_library_id":""}
2025-09-21 15:01:43 SWITCH CASE DEBUG - ABOUT TO ENTER SWITCH
2025-09-21 15:01:43 SWITCH CASE DEBUG - ENTERED VIDEO CASE
2025-09-21 15:01:43 COURSES_CONTROLLER DEBUG - quizData: null
2025-09-21 15:01:43 COURSES_CONTROLLER DEBUG - currentItem: {"id":"1","unit_id":"1","unit_name":"\u0627\u0633\u0645 \u0627\u0644\u0648\u062d\u062f\u0629 *","item_type":"video","title":"\u0645\u0627 \u0647\u0648 \u0627\u062e\u062a\u0628\u0627\u0631 TOFAS .mkv","description":"","item_id":"","duration":533,"thumbnail":"https:\/\/vz-495222.b-cdn.net\/7a461808-1048-4d73-afdd-985bb3c131cd\/thumbnail.jpg","metadata":{"video_id":"7a461808-1048-4d73-afdd-985bb3c131cd","file_size":154202982,"video_title":"\u0645\u0627 \u0647\u0648 \u0627\u062e\u062a\u0628\u0627\u0631 TOFAS .mkv","collection_id":"6d877b87-0faf-4841-b82f-b00e01a6c4ec","video_quality":"2060x1080","video_duration":533,"video_thumbnail":"https:\/\/vz-495222.b-cdn.net\/7a461808-1048-4d73-afdd-985bb3c131cd\/thumbnail.jpg","video_library_id":""},"quiz_details":null,"page_details":null,"is_preview":false}
2025-09-21 15:01:43 COURSES_CONTROLLER DEBUG - requestedItemId: 1
2025-09-21 15:01:43 COURSES_CONTROLLER DEBUG - flatItems count: 7
2025-09-21 15:01:43 COURSE_VIEW DEBUG - current_item: {"id":"1","unit_id":"1","unit_name":"\u0627\u0633\u0645 \u0627\u0644\u0648\u062d\u062f\u0629 *","item_type":"video","title":"\u0645\u0627 \u0647\u0648 \u0627\u062e\u062a\u0628\u0627\u0631 TOFAS .mkv","description":"","item_id":"","duration":533,"thumbnail":"https:\/\/vz-495222.b-cdn.net\/7a461808-1048-4d73-afdd-985bb3c131cd\/thumbnail.jpg","metadata":{"video_id":"7a461808-1048-4d73-afdd-985bb3c131cd","file_size":154202982,"video_title":"\u0645\u0627 \u0647\u0648 \u0627\u062e\u062a\u0628\u0627\u0631 TOFAS .mkv","collection_id":"6d877b87-0faf-4841-b82f-b00e01a6c4ec","video_quality":"2060x1080","video_duration":533,"video_thumbnail":"https:\/\/vz-495222.b-cdn.net\/7a461808-1048-4d73-afdd-985bb3c131cd\/thumbnail.jpg","video_library_id":""},"quiz_details":null,"page_details":null,"is_preview":false}
2025-09-21 15:01:43 COURSE_VIEW DEBUG - current_id: 1
2025-09-21 15:01:43 COURSE_VIEW DEBUG - course_id: 1
2025-09-21 15:01:47 PROGRESS_CONTROLLER DEBUG - AJAX request received
2025-09-21 15:01:47 PROGRESS_CONTROLLER DEBUG - Raw input: {"unit_id":1,"course_id":1,"item_id":1}
2025-09-21 15:01:47 PROGRESS_CONTROLLER DEBUG - User ID: 1
2025-09-21 15:01:47 PROGRESS_CONTROLLER DEBUG - Parsed input: {"unit_id":1,"course_id":1,"item_id":1}
2025-09-21 15:01:47 PROGRESS_CONTROLLER DEBUG - Unit ID: 1
2025-09-21 15:01:47 PROGRESS_CONTROLLER DEBUG - Course ID: 1
2025-09-21 15:01:47 PROGRESS_CONTROLLER DEBUG - Item ID: 1
2025-09-21 15:01:47 PROGRESS_CONTROLLER DEBUG - isUserEnrolled result: true
2025-09-21 15:01:47 PROGRESS_CONTROLLER DEBUG - Looking for enrollment with userId=1, unitId=1
2025-09-21 15:01:47 PROGRESS_CONTROLLER DEBUG - Enrollment found: {"id":"1","user_id":"1","unit_ids":"[\"1\"]","total_amount":"35000.00","payment_proof":"{\"files\": [{\"size\": \"35.419\", \"type\": \"image\/jpeg\", \"order\": 1, \"thumbs\": [], \"is_image\": 1, \"raw_name\": \"544754131_122114699606966699_7815220782632544805_n.jpg\", \"dimension\": \"526*526\", \"extension\": \"jpg\", \"full_path\": \"uploads\/enrollments\/20_09_2025\/1758385873_24ac5a9f3f48ae78426c.jpg\", \"thumbnails\": [], \"encoded_name\": \"1758385873_24ac5a9f3f48ae78426c.jpg\", \"original_name\": \"544754131_122114699606966699_7815220782632544805_n.jpg\"}], \"fileCount\": 1}","payment_method":"instapay","status":"approved","admin_notes":null,"processed_by":null,"processed_at":null,"created_at":"2025-09-20 19:31:13","updated_at":"2025-09-20 20:17:50"}
2025-09-21 15:01:47 MARK_ITEM_COMPLETED DEBUG - Starting with userId=1, unitId=1, itemId=1, enrollmentId=1
2025-09-21 15:01:47 MARK_ITEM_COMPLETED DEBUG - Data to insert/update: {"user_id":1,"unit_id":1,"item_id":1,"enrollment_id":1,"progress_percentage":100,"is_completed":1,"completed_at":"2025-09-21 15:01:47","last_accessed_at":"2025-09-21 15:01:47"}
2025-09-21 15:01:47 MARK_ITEM_COMPLETED DEBUG - Existing record: {"id":"1","user_id":"1","unit_id":"1","item_id":"1","enrollment_id":"1","progress_percentage":"100.00","watch_time":"0","last_position":"0","is_completed":"1","completed_at":"2025-09-21 12:30:49","first_accessed_at":"2025-09-20 20:56:01","last_accessed_at":"2025-09-21 12:30:49","created_at":"2025-09-20 20:56:01","updated_at":"2025-09-21 12:30:49"}
2025-09-21 15:01:47 MARK_ITEM_COMPLETED DEBUG - Update result: true
2025-09-21 15:01:48 SWITCH CASE DEBUG - ENTERING IF BLOCK
2025-09-21 15:01:48 SWITCH CASE DEBUG - item_type: quiz
2025-09-21 15:01:48 SWITCH CASE DEBUG - metadata: {"quiz_id":"1"}
2025-09-21 15:01:48 SWITCH CASE DEBUG - ABOUT TO ENTER SWITCH
2025-09-21 15:01:48 SWITCH CASE DEBUG - ENTERED QUIZ CASE
2025-09-21 15:01:48 QUIZ LOADING DEBUG - quizId: 1
2025-09-21 15:01:48 QUIZ LOADING DEBUG - quizData result: {"id":"1","course_id":"1","quiz_title":"\u0627\u062e\u062a\u0628\u0627\u0631 JavaScript \u0644\u0644\u0645\u0628\u062a\u062f\u0626\u064a\u0646","quiz_desc":"\u0627\u062e\u062a\u0628\u0627\u0631 \u0633\u0647\u0644 \u062c\u062f\u0627\u064b \u0644\u062a\u0642\u064a\u064a\u0645 \u0627\u0644\u0645\u0639\u0631\u0641\u0629 \u0627\u0644\u0623\u0633\u0627\u0633\u064a\u0629 \u0641\u064a JavaScript","quiz_questions":"[{\"question_text\":\"\\u0645\\u0627 \\u0647\\u064a \\u0627\\u0644\\u0637\\u0631\\u064a\\u0642\\u0629 \\u0627\\u0644\\u0635\\u062d\\u064a\\u062d\\u0629 \\u0644\\u0643\\u062a\\u0627\\u0628\\u0629 \\u062a\\u0639\\u0644\\u064a\\u0642 \\u0641\\u064a JavaScript\\u061f\",\"question_type\":\"multiple_choice\",\"points\":\"1\",\"options\":[\"\\\/\\\/ \\u0647\\u0630\\u0627 \\u062a\\u0639\\u0644\\u064a\\u0642\",\"<!-- \\u0647\\u0630\\u0627 \\u062a\\u0639\\u0644\\u064a\\u0642 -->\",\"# \\u0647\\u0630\\u0627 \\u062a\\u0639\\u0644\\u064a\\u0642\",\"** \\u0647\\u0630\\u0627 \\u062a\\u0639\\u0644\\u064a\\u0642 **\"]},{\"question_text\":\"\\u0623\\u064a \\u0645\\u0646 \\u0647\\u0630\\u0647 \\u0627\\u0644\\u0643\\u0644\\u0645\\u0627\\u062a \\u0627\\u0644\\u0645\\u062d\\u062c\\u0648\\u0632\\u0629 \\u062a\\u064f\\u0633\\u062a\\u062e\\u062f\\u0645 \\u0644\\u0625\\u0639\\u0644\\u0627\\u0646 \\u0645\\u062a\\u063a\\u064a\\u0631 \\u0641\\u064a JavaScript\\u061f\",\"question_type\":\"multiple_choice\",\"points\":\"1\",\"options\":[\"variable\",\"var\",\"string\",\"declare\"]},{\"question_text\":\"\\u0645\\u0627 \\u0647\\u0648 \\u0627\\u0644\\u0646\\u0627\\u062a\\u062c \\u0645\\u0646 \\u0627\\u0644\\u0639\\u0645\\u0644\\u064a\\u0629 \\u0627\\u0644\\u062a\\u0627\\u0644\\u064a\\u0629: 5 + 3\\u061f\",\"question_type\":\"multiple_choice\",\"points\":\"1\",\"options\":[\"53\",\"8\",\"35\",\"15\"]},{\"question_text\":\"\\u0623\\u064a \\u0645\\u0646 \\u0647\\u0630\\u0647 \\u0627\\u0644\\u0637\\u0631\\u0642 \\u062a\\u064f\\u0633\\u062a\\u062e\\u062f\\u0645 \\u0644\\u0637\\u0628\\u0627\\u0639\\u0629 \\u0627\\u0644\\u0646\\u0635 \\u0641\\u064a \\u0648\\u062d\\u062f\\u0629 \\u0627\\u0644\\u062a\\u062d\\u0643\\u0645 (Console)\\u061f\",\"question_type\":\"multiple_choice\",\"points\":\"1\",\"options\":[\"print()\",\"console.log()\",\"write()\",\"display()\"]},{\"question_text\":\"\\u0645\\u0627 \\u0647\\u0648 \\u0646\\u0648\\u0639 \\u0627\\u0644\\u0628\\u064a\\u0627\\u0646\\u0627\\u062a \\u0644\\u0644\\u0642\\u064a\\u0645\\u0629 '\\u0645\\u0631\\u062d\\u0628\\u0627'\\u061f\",\"question_type\":\"multiple_choice\",\"points\":\"1\",\"options\":[\"number\",\"boolean\",\"string\",\"object\"]},{\"question_text\":\"\\u0623\\u064a \\u0645\\u0646 \\u0647\\u0630\\u0647 \\u0627\\u0644\\u0642\\u064a\\u0645 \\u062a\\u064f\\u0639\\u062a\\u0628\\u0631 true \\u0641\\u064a JavaScript\\u061f\",\"question_type\":\"multiple_choice\",\"points\":\"1\",\"options\":[\"0\",\"false\",\"null\",\"1\"]},{\"question_text\":\"\\u0645\\u0627 \\u0647\\u064a \\u0627\\u0644\\u0637\\u0631\\u064a\\u0642\\u0629 \\u0627\\u0644\\u0635\\u062d\\u064a\\u062d\\u0629 \\u0644\\u0625\\u0646\\u0634\\u0627\\u0621 \\u062f\\u0627\\u0644\\u0629 \\u0641\\u064a JavaScript\\u061f\",\"question_type\":\"multiple_choice\",\"points\":\"1\",\"options\":[\"create function myFunction()\",\"function myFunction()\",\"def myFunction()\",\"func myFunction()\"]},{\"question_text\":\"\\u0623\\u064a \\u0645\\u0646 \\u0647\\u0630\\u0647 \\u0627\\u0644\\u0639\\u0644\\u0627\\u0645\\u0627\\u062a \\u062a\\u064f\\u0633\\u062a\\u062e\\u062f\\u0645 \\u0644\\u0625\\u0646\\u0647\\u0627\\u0621 \\u0627\\u0644\\u0633\\u0637\\u0631 \\u0641\\u064a JavaScript\\u061f\",\"question_type\":\"multiple_choice\",\"points\":\"1\",\"options\":[\".\",\",\",\";\",\":\"]},{\"question_text\":\"\\u0645\\u0627 \\u0647\\u0648 \\u0627\\u0644\\u0646\\u0627\\u062a\\u062c \\u0645\\u0646 typeof 42\\u061f\",\"question_type\":\"multiple_choice\",\"points\":\"1\",\"options\":[\"string\",\"number\",\"integer\",\"digit\"]},{\"question_text\":\"\\u0623\\u064a \\u0645\\u0646 \\u0647\\u0630\\u0647 \\u0627\\u0644\\u0637\\u0631\\u0642 \\u062a\\u064f\\u0633\\u062a\\u062e\\u062f\\u0645 \\u0644\\u0631\\u0628\\u0637 \\u0646\\u0635 \\u0645\\u0639 \\u0645\\u062a\\u063a\\u064a\\u0631\\u061f\",\"question_type\":\"multiple_choice\",\"points\":\"1\",\"options\":[\"name + '\\u0645\\u0631\\u062d\\u0628\\u0627'\",\"name & '\\u0645\\u0631\\u062d\\u0628\\u0627'\",\"name * '\\u0645\\u0631\\u062d\\u0628\\u0627'\",\"name - '\\u0645\\u0631\\u062d\\u0628\\u0627'\"]}]","time_limit":"3","time_limit_minutes":"1","max_attempts":"3","passing_score":"60.00","shuffle_questions":"0","shuffle_answers":"0","show_results":"1","show_results_immediately":"1","active":"1","created_at":"2025-09-21 12:16:53","updated_at":"2025-09-21 12:19:41","course_title":"\u0648\u0635\u0641 \u0645\u062e\u062a\u0635\u0631  \u0643\u0648\u0631\u0633 \u062c\u0627\u0641\u0627 \u0633\u0643\u0631\u064a\u0628\u062a"}
2025-09-21 15:01:48 COURSES_CONTROLLER DEBUG - quizData: {"id":"1","course_id":"1","quiz_title":"\u0627\u062e\u062a\u0628\u0627\u0631 JavaScript \u0644\u0644\u0645\u0628\u062a\u062f\u0626\u064a\u0646","quiz_desc":"\u0627\u062e\u062a\u0628\u0627\u0631 \u0633\u0647\u0644 \u062c\u062f\u0627\u064b \u0644\u062a\u0642\u064a\u064a\u0645 \u0627\u0644\u0645\u0639\u0631\u0641\u0629 \u0627\u0644\u0623\u0633\u0627\u0633\u064a\u0629 \u0641\u064a JavaScript","quiz_questions":"[{\"question_text\":\"\\u0645\\u0627 \\u0647\\u064a \\u0627\\u0644\\u0637\\u0631\\u064a\\u0642\\u0629 \\u0627\\u0644\\u0635\\u062d\\u064a\\u062d\\u0629 \\u0644\\u0643\\u062a\\u0627\\u0628\\u0629 \\u062a\\u0639\\u0644\\u064a\\u0642 \\u0641\\u064a JavaScript\\u061f\",\"question_type\":\"multiple_choice\",\"points\":\"1\",\"options\":[\"\\\/\\\/ \\u0647\\u0630\\u0627 \\u062a\\u0639\\u0644\\u064a\\u0642\",\"<!-- \\u0647\\u0630\\u0627 \\u062a\\u0639\\u0644\\u064a\\u0642 -->\",\"# \\u0647\\u0630\\u0627 \\u062a\\u0639\\u0644\\u064a\\u0642\",\"** \\u0647\\u0630\\u0627 \\u062a\\u0639\\u0644\\u064a\\u0642 **\"]},{\"question_text\":\"\\u0623\\u064a \\u0645\\u0646 \\u0647\\u0630\\u0647 \\u0627\\u0644\\u0643\\u0644\\u0645\\u0627\\u062a \\u0627\\u0644\\u0645\\u062d\\u062c\\u0648\\u0632\\u0629 \\u062a\\u064f\\u0633\\u062a\\u062e\\u062f\\u0645 \\u0644\\u0625\\u0639\\u0644\\u0627\\u0646 \\u0645\\u062a\\u063a\\u064a\\u0631 \\u0641\\u064a JavaScript\\u061f\",\"question_type\":\"multiple_choice\",\"points\":\"1\",\"options\":[\"variable\",\"var\",\"string\",\"declare\"]},{\"question_text\":\"\\u0645\\u0627 \\u0647\\u0648 \\u0627\\u0644\\u0646\\u0627\\u062a\\u062c \\u0645\\u0646 \\u0627\\u0644\\u0639\\u0645\\u0644\\u064a\\u0629 \\u0627\\u0644\\u062a\\u0627\\u0644\\u064a\\u0629: 5 + 3\\u061f\",\"question_type\":\"multiple_choice\",\"points\":\"1\",\"options\":[\"53\",\"8\",\"35\",\"15\"]},{\"question_text\":\"\\u0623\\u064a \\u0645\\u0646 \\u0647\\u0630\\u0647 \\u0627\\u0644\\u0637\\u0631\\u0642 \\u062a\\u064f\\u0633\\u062a\\u062e\\u062f\\u0645 \\u0644\\u0637\\u0628\\u0627\\u0639\\u0629 \\u0627\\u0644\\u0646\\u0635 \\u0641\\u064a \\u0648\\u062d\\u062f\\u0629 \\u0627\\u0644\\u062a\\u062d\\u0643\\u0645 (Console)\\u061f\",\"question_type\":\"multiple_choice\",\"points\":\"1\",\"options\":[\"print()\",\"console.log()\",\"write()\",\"display()\"]},{\"question_text\":\"\\u0645\\u0627 \\u0647\\u0648 \\u0646\\u0648\\u0639 \\u0627\\u0644\\u0628\\u064a\\u0627\\u0646\\u0627\\u062a \\u0644\\u0644\\u0642\\u064a\\u0645\\u0629 '\\u0645\\u0631\\u062d\\u0628\\u0627'\\u061f\",\"question_type\":\"multiple_choice\",\"points\":\"1\",\"options\":[\"number\",\"boolean\",\"string\",\"object\"]},{\"question_text\":\"\\u0623\\u064a \\u0645\\u0646 \\u0647\\u0630\\u0647 \\u0627\\u0644\\u0642\\u064a\\u0645 \\u062a\\u064f\\u0639\\u062a\\u0628\\u0631 true \\u0641\\u064a JavaScript\\u061f\",\"question_type\":\"multiple_choice\",\"points\":\"1\",\"options\":[\"0\",\"false\",\"null\",\"1\"]},{\"question_text\":\"\\u0645\\u0627 \\u0647\\u064a \\u0627\\u0644\\u0637\\u0631\\u064a\\u0642\\u0629 \\u0627\\u0644\\u0635\\u062d\\u064a\\u062d\\u0629 \\u0644\\u0625\\u0646\\u0634\\u0627\\u0621 \\u062f\\u0627\\u0644\\u0629 \\u0641\\u064a JavaScript\\u061f\",\"question_type\":\"multiple_choice\",\"points\":\"1\",\"options\":[\"create function myFunction()\",\"function myFunction()\",\"def myFunction()\",\"func myFunction()\"]},{\"question_text\":\"\\u0623\\u064a \\u0645\\u0646 \\u0647\\u0630\\u0647 \\u0627\\u0644\\u0639\\u0644\\u0627\\u0645\\u0627\\u062a \\u062a\\u064f\\u0633\\u062a\\u062e\\u062f\\u0645 \\u0644\\u0625\\u0646\\u0647\\u0627\\u0621 \\u0627\\u0644\\u0633\\u0637\\u0631 \\u0641\\u064a JavaScript\\u061f\",\"question_type\":\"multiple_choice\",\"points\":\"1\",\"options\":[\".\",\",\",\";\",\":\"]},{\"question_text\":\"\\u0645\\u0627 \\u0647\\u0648 \\u0627\\u0644\\u0646\\u0627\\u062a\\u062c \\u0645\\u0646 typeof 42\\u061f\",\"question_type\":\"multiple_choice\",\"points\":\"1\",\"options\":[\"string\",\"number\",\"integer\",\"digit\"]},{\"question_text\":\"\\u0623\\u064a \\u0645\\u0646 \\u0647\\u0630\\u0647 \\u0627\\u0644\\u0637\\u0631\\u0642 \\u062a\\u064f\\u0633\\u062a\\u062e\\u062f\\u0645 \\u0644\\u0631\\u0628\\u0637 \\u0646\\u0635 \\u0645\\u0639 \\u0645\\u062a\\u063a\\u064a\\u0631\\u061f\",\"question_type\":\"multiple_choice\",\"points\":\"1\",\"options\":[\"name + '\\u0645\\u0631\\u062d\\u0628\\u0627'\",\"name & '\\u0645\\u0631\\u062d\\u0628\\u0627'\",\"name * '\\u0645\\u0631\\u062d\\u0628\\u0627'\",\"name - '\\u0645\\u0631\\u062d\\u0628\\u0627'\"]}]","time_limit":"3","time_limit_minutes":"1","max_attempts":"3","passing_score":"60.00","shuffle_questions":"0","shuffle_answers":"0","show_results":"1","show_results_immediately":"1","active":"1","created_at":"2025-09-21 12:16:53","updated_at":"2025-09-21 12:19:41","course_title":"\u0648\u0635\u0641 \u0645\u062e\u062a\u0635\u0631  \u0643\u0648\u0631\u0633 \u062c\u0627\u0641\u0627 \u0633\u0643\u0631\u064a\u0628\u062a"}
2025-09-21 15:01:48 COURSES_CONTROLLER DEBUG - currentItem: {"id":"2","unit_id":"1","unit_name":"\u0627\u0633\u0645 \u0627\u0644\u0648\u062d\u062f\u0629 *","item_type":"quiz","title":"tert","description":"\u0644\u0627 \u064a\u0648\u062c\u062f \u0648\u0635\u0641","item_id":"","duration":0,"thumbnail":"","metadata":{"quiz_id":"1"},"quiz_details":null,"page_details":null,"is_preview":false}
2025-09-21 15:01:48 COURSES_CONTROLLER DEBUG - requestedItemId: 2
2025-09-21 15:01:48 COURSES_CONTROLLER DEBUG - flatItems count: 7
2025-09-21 15:01:48 COURSE_VIEW DEBUG - current_item: {"id":"2","unit_id":"1","unit_name":"\u0627\u0633\u0645 \u0627\u0644\u0648\u062d\u062f\u0629 *","item_type":"quiz","title":"tert","description":"\u0644\u0627 \u064a\u0648\u062c\u062f \u0648\u0635\u0641","item_id":"","duration":0,"thumbnail":"","metadata":{"quiz_id":"1"},"quiz_details":null,"page_details":null,"is_preview":false}
2025-09-21 15:01:48 COURSE_VIEW DEBUG - current_id: 2
2025-09-21 15:01:48 COURSE_VIEW DEBUG - course_id: 1
2025-09-21 15:04:08 SWITCH CASE DEBUG - ENTERING IF BLOCK
2025-09-21 15:04:08 SWITCH CASE DEBUG - item_type: quiz
2025-09-21 15:04:08 SWITCH CASE DEBUG - metadata: {"quiz_id":"1"}
2025-09-21 15:04:08 SWITCH CASE DEBUG - ABOUT TO ENTER SWITCH
2025-09-21 15:04:08 SWITCH CASE DEBUG - ENTERED QUIZ CASE
2025-09-21 15:04:08 QUIZ LOADING DEBUG - quizId: 1
2025-09-21 15:04:08 QUIZ LOADING DEBUG - quizData result: {"id":"1","course_id":"1","quiz_title":"\u0627\u062e\u062a\u0628\u0627\u0631 JavaScript \u0644\u0644\u0645\u0628\u062a\u062f\u0626\u064a\u0646","quiz_desc":"\u0627\u062e\u062a\u0628\u0627\u0631 \u0633\u0647\u0644 \u062c\u062f\u0627\u064b \u0644\u062a\u0642\u064a\u064a\u0645 \u0627\u0644\u0645\u0639\u0631\u0641\u0629 \u0627\u0644\u0623\u0633\u0627\u0633\u064a\u0629 \u0641\u064a JavaScript","quiz_questions":"[{\"question_text\":\"\\u0645\\u0627 \\u0647\\u064a \\u0627\\u0644\\u0637\\u0631\\u064a\\u0642\\u0629 \\u0627\\u0644\\u0635\\u062d\\u064a\\u062d\\u0629 \\u0644\\u0643\\u062a\\u0627\\u0628\\u0629 \\u062a\\u0639\\u0644\\u064a\\u0642 \\u0641\\u064a JavaScript\\u061f\",\"question_type\":\"multiple_choice\",\"points\":\"1\",\"options\":[\"\\\/\\\/ \\u0647\\u0630\\u0627 \\u062a\\u0639\\u0644\\u064a\\u0642\",\"<!-- \\u0647\\u0630\\u0627 \\u062a\\u0639\\u0644\\u064a\\u0642 -->\",\"# \\u0647\\u0630\\u0627 \\u062a\\u0639\\u0644\\u064a\\u0642\",\"** \\u0647\\u0630\\u0627 \\u062a\\u0639\\u0644\\u064a\\u0642 **\"]},{\"question_text\":\"\\u0623\\u064a \\u0645\\u0646 \\u0647\\u0630\\u0647 \\u0627\\u0644\\u0643\\u0644\\u0645\\u0627\\u062a \\u0627\\u0644\\u0645\\u062d\\u062c\\u0648\\u0632\\u0629 \\u062a\\u064f\\u0633\\u062a\\u062e\\u062f\\u0645 \\u0644\\u0625\\u0639\\u0644\\u0627\\u0646 \\u0645\\u062a\\u063a\\u064a\\u0631 \\u0641\\u064a JavaScript\\u061f\",\"question_type\":\"multiple_choice\",\"points\":\"1\",\"options\":[\"variable\",\"var\",\"string\",\"declare\"]},{\"question_text\":\"\\u0645\\u0627 \\u0647\\u0648 \\u0627\\u0644\\u0646\\u0627\\u062a\\u062c \\u0645\\u0646 \\u0627\\u0644\\u0639\\u0645\\u0644\\u064a\\u0629 \\u0627\\u0644\\u062a\\u0627\\u0644\\u064a\\u0629: 5 + 3\\u061f\",\"question_type\":\"multiple_choice\",\"points\":\"1\",\"options\":[\"53\",\"8\",\"35\",\"15\"]},{\"question_text\":\"\\u0623\\u064a \\u0645\\u0646 \\u0647\\u0630\\u0647 \\u0627\\u0644\\u0637\\u0631\\u0642 \\u062a\\u064f\\u0633\\u062a\\u062e\\u062f\\u0645 \\u0644\\u0637\\u0628\\u0627\\u0639\\u0629 \\u0627\\u0644\\u0646\\u0635 \\u0641\\u064a \\u0648\\u062d\\u062f\\u0629 \\u0627\\u0644\\u062a\\u062d\\u0643\\u0645 (Console)\\u061f\",\"question_type\":\"multiple_choice\",\"points\":\"1\",\"options\":[\"print()\",\"console.log()\",\"write()\",\"display()\"]},{\"question_text\":\"\\u0645\\u0627 \\u0647\\u0648 \\u0646\\u0648\\u0639 \\u0627\\u0644\\u0628\\u064a\\u0627\\u0646\\u0627\\u062a \\u0644\\u0644\\u0642\\u064a\\u0645\\u0629 '\\u0645\\u0631\\u062d\\u0628\\u0627'\\u061f\",\"question_type\":\"multiple_choice\",\"points\":\"1\",\"options\":[\"number\",\"boolean\",\"string\",\"object\"]},{\"question_text\":\"\\u0623\\u064a \\u0645\\u0646 \\u0647\\u0630\\u0647 \\u0627\\u0644\\u0642\\u064a\\u0645 \\u062a\\u064f\\u0639\\u062a\\u0628\\u0631 true \\u0641\\u064a JavaScript\\u061f\",\"question_type\":\"multiple_choice\",\"points\":\"1\",\"options\":[\"0\",\"false\",\"null\",\"1\"]},{\"question_text\":\"\\u0645\\u0627 \\u0647\\u064a \\u0627\\u0644\\u0637\\u0631\\u064a\\u0642\\u0629 \\u0627\\u0644\\u0635\\u062d\\u064a\\u062d\\u0629 \\u0644\\u0625\\u0646\\u0634\\u0627\\u0621 \\u062f\\u0627\\u0644\\u0629 \\u0641\\u064a JavaScript\\u061f\",\"question_type\":\"multiple_choice\",\"points\":\"1\",\"options\":[\"create function myFunction()\",\"function myFunction()\",\"def myFunction()\",\"func myFunction()\"]},{\"question_text\":\"\\u0623\\u064a \\u0645\\u0646 \\u0647\\u0630\\u0647 \\u0627\\u0644\\u0639\\u0644\\u0627\\u0645\\u0627\\u062a \\u062a\\u064f\\u0633\\u062a\\u062e\\u062f\\u0645 \\u0644\\u0625\\u0646\\u0647\\u0627\\u0621 \\u0627\\u0644\\u0633\\u0637\\u0631 \\u0641\\u064a JavaScript\\u061f\",\"question_type\":\"multiple_choice\",\"points\":\"1\",\"options\":[\".\",\",\",\";\",\":\"]},{\"question_text\":\"\\u0645\\u0627 \\u0647\\u0648 \\u0627\\u0644\\u0646\\u0627\\u062a\\u062c \\u0645\\u0646 typeof 42\\u061f\",\"question_type\":\"multiple_choice\",\"points\":\"1\",\"options\":[\"string\",\"number\",\"integer\",\"digit\"]},{\"question_text\":\"\\u0623\\u064a \\u0645\\u0646 \\u0647\\u0630\\u0647 \\u0627\\u0644\\u0637\\u0631\\u0642 \\u062a\\u064f\\u0633\\u062a\\u062e\\u062f\\u0645 \\u0644\\u0631\\u0628\\u0637 \\u0646\\u0635 \\u0645\\u0639 \\u0645\\u062a\\u063a\\u064a\\u0631\\u061f\",\"question_type\":\"multiple_choice\",\"points\":\"1\",\"options\":[\"name + '\\u0645\\u0631\\u062d\\u0628\\u0627'\",\"name & '\\u0645\\u0631\\u062d\\u0628\\u0627'\",\"name * '\\u0645\\u0631\\u062d\\u0628\\u0627'\",\"name - '\\u0645\\u0631\\u062d\\u0628\\u0627'\"]}]","time_limit":"3","time_limit_minutes":"1","max_attempts":"3","passing_score":"60.00","shuffle_questions":"0","shuffle_answers":"0","show_results":"1","show_results_immediately":"1","active":"1","created_at":"2025-09-21 12:16:53","updated_at":"2025-09-21 12:19:41","course_title":"\u0648\u0635\u0641 \u0645\u062e\u062a\u0635\u0631  \u0643\u0648\u0631\u0633 \u062c\u0627\u0641\u0627 \u0633\u0643\u0631\u064a\u0628\u062a"}
2025-09-21 15:04:08 COURSES_CONTROLLER DEBUG - quizData: {"id":"1","course_id":"1","quiz_title":"\u0627\u062e\u062a\u0628\u0627\u0631 JavaScript \u0644\u0644\u0645\u0628\u062a\u062f\u0626\u064a\u0646","quiz_desc":"\u0627\u062e\u062a\u0628\u0627\u0631 \u0633\u0647\u0644 \u062c\u062f\u0627\u064b \u0644\u062a\u0642\u064a\u064a\u0645 \u0627\u0644\u0645\u0639\u0631\u0641\u0629 \u0627\u0644\u0623\u0633\u0627\u0633\u064a\u0629 \u0641\u064a JavaScript","quiz_questions":"[{\"question_text\":\"\\u0645\\u0627 \\u0647\\u064a \\u0627\\u0644\\u0637\\u0631\\u064a\\u0642\\u0629 \\u0627\\u0644\\u0635\\u062d\\u064a\\u062d\\u0629 \\u0644\\u0643\\u062a\\u0627\\u0628\\u0629 \\u062a\\u0639\\u0644\\u064a\\u0642 \\u0641\\u064a JavaScript\\u061f\",\"question_type\":\"multiple_choice\",\"points\":\"1\",\"options\":[\"\\\/\\\/ \\u0647\\u0630\\u0627 \\u062a\\u0639\\u0644\\u064a\\u0642\",\"<!-- \\u0647\\u0630\\u0627 \\u062a\\u0639\\u0644\\u064a\\u0642 -->\",\"# \\u0647\\u0630\\u0627 \\u062a\\u0639\\u0644\\u064a\\u0642\",\"** \\u0647\\u0630\\u0627 \\u062a\\u0639\\u0644\\u064a\\u0642 **\"]},{\"question_text\":\"\\u0623\\u064a \\u0645\\u0646 \\u0647\\u0630\\u0647 \\u0627\\u0644\\u0643\\u0644\\u0645\\u0627\\u062a \\u0627\\u0644\\u0645\\u062d\\u062c\\u0648\\u0632\\u0629 \\u062a\\u064f\\u0633\\u062a\\u062e\\u062f\\u0645 \\u0644\\u0625\\u0639\\u0644\\u0627\\u0646 \\u0645\\u062a\\u063a\\u064a\\u0631 \\u0641\\u064a JavaScript\\u061f\",\"question_type\":\"multiple_choice\",\"points\":\"1\",\"options\":[\"variable\",\"var\",\"string\",\"declare\"]},{\"question_text\":\"\\u0645\\u0627 \\u0647\\u0648 \\u0627\\u0644\\u0646\\u0627\\u062a\\u062c \\u0645\\u0646 \\u0627\\u0644\\u0639\\u0645\\u0644\\u064a\\u0629 \\u0627\\u0644\\u062a\\u0627\\u0644\\u064a\\u0629: 5 + 3\\u061f\",\"question_type\":\"multiple_choice\",\"points\":\"1\",\"options\":[\"53\",\"8\",\"35\",\"15\"]},{\"question_text\":\"\\u0623\\u064a \\u0645\\u0646 \\u0647\\u0630\\u0647 \\u0627\\u0644\\u0637\\u0631\\u0642 \\u062a\\u064f\\u0633\\u062a\\u062e\\u062f\\u0645 \\u0644\\u0637\\u0628\\u0627\\u0639\\u0629 \\u0627\\u0644\\u0646\\u0635 \\u0641\\u064a \\u0648\\u062d\\u062f\\u0629 \\u0627\\u0644\\u062a\\u062d\\u0643\\u0645 (Console)\\u061f\",\"question_type\":\"multiple_choice\",\"points\":\"1\",\"options\":[\"print()\",\"console.log()\",\"write()\",\"display()\"]},{\"question_text\":\"\\u0645\\u0627 \\u0647\\u0648 \\u0646\\u0648\\u0639 \\u0627\\u0644\\u0628\\u064a\\u0627\\u0646\\u0627\\u062a \\u0644\\u0644\\u0642\\u064a\\u0645\\u0629 '\\u0645\\u0631\\u062d\\u0628\\u0627'\\u061f\",\"question_type\":\"multiple_choice\",\"points\":\"1\",\"options\":[\"number\",\"boolean\",\"string\",\"object\"]},{\"question_text\":\"\\u0623\\u064a \\u0645\\u0646 \\u0647\\u0630\\u0647 \\u0627\\u0644\\u0642\\u064a\\u0645 \\u062a\\u064f\\u0639\\u062a\\u0628\\u0631 true \\u0641\\u064a JavaScript\\u061f\",\"question_type\":\"multiple_choice\",\"points\":\"1\",\"options\":[\"0\",\"false\",\"null\",\"1\"]},{\"question_text\":\"\\u0645\\u0627 \\u0647\\u064a \\u0627\\u0644\\u0637\\u0631\\u064a\\u0642\\u0629 \\u0627\\u0644\\u0635\\u062d\\u064a\\u062d\\u0629 \\u0644\\u0625\\u0646\\u0634\\u0627\\u0621 \\u062f\\u0627\\u0644\\u0629 \\u0641\\u064a JavaScript\\u061f\",\"question_type\":\"multiple_choice\",\"points\":\"1\",\"options\":[\"create function myFunction()\",\"function myFunction()\",\"def myFunction()\",\"func myFunction()\"]},{\"question_text\":\"\\u0623\\u064a \\u0645\\u0646 \\u0647\\u0630\\u0647 \\u0627\\u0644\\u0639\\u0644\\u0627\\u0645\\u0627\\u062a \\u062a\\u064f\\u0633\\u062a\\u062e\\u062f\\u0645 \\u0644\\u0625\\u0646\\u0647\\u0627\\u0621 \\u0627\\u0644\\u0633\\u0637\\u0631 \\u0641\\u064a JavaScript\\u061f\",\"question_type\":\"multiple_choice\",\"points\":\"1\",\"options\":[\".\",\",\",\";\",\":\"]},{\"question_text\":\"\\u0645\\u0627 \\u0647\\u0648 \\u0627\\u0644\\u0646\\u0627\\u062a\\u062c \\u0645\\u0646 typeof 42\\u061f\",\"question_type\":\"multiple_choice\",\"points\":\"1\",\"options\":[\"string\",\"number\",\"integer\",\"digit\"]},{\"question_text\":\"\\u0623\\u064a \\u0645\\u0646 \\u0647\\u0630\\u0647 \\u0627\\u0644\\u0637\\u0631\\u0642 \\u062a\\u064f\\u0633\\u062a\\u062e\\u062f\\u0645 \\u0644\\u0631\\u0628\\u0637 \\u0646\\u0635 \\u0645\\u0639 \\u0645\\u062a\\u063a\\u064a\\u0631\\u061f\",\"question_type\":\"multiple_choice\",\"points\":\"1\",\"options\":[\"name + '\\u0645\\u0631\\u062d\\u0628\\u0627'\",\"name & '\\u0645\\u0631\\u062d\\u0628\\u0627'\",\"name * '\\u0645\\u0631\\u062d\\u0628\\u0627'\",\"name - '\\u0645\\u0631\\u062d\\u0628\\u0627'\"]}]","time_limit":"3","time_limit_minutes":"1","max_attempts":"3","passing_score":"60.00","shuffle_questions":"0","shuffle_answers":"0","show_results":"1","show_results_immediately":"1","active":"1","created_at":"2025-09-21 12:16:53","updated_at":"2025-09-21 12:19:41","course_title":"\u0648\u0635\u0641 \u0645\u062e\u062a\u0635\u0631  \u0643\u0648\u0631\u0633 \u062c\u0627\u0641\u0627 \u0633\u0643\u0631\u064a\u0628\u062a"}
2025-09-21 15:04:08 COURSES_CONTROLLER DEBUG - currentItem: {"id":"2","unit_id":"1","unit_name":"\u0627\u0633\u0645 \u0627\u0644\u0648\u062d\u062f\u0629 *","item_type":"quiz","title":"tert","description":"\u0644\u0627 \u064a\u0648\u062c\u062f \u0648\u0635\u0641","item_id":"","duration":0,"thumbnail":"","metadata":{"quiz_id":"1"},"quiz_details":null,"page_details":null,"is_preview":false}
2025-09-21 15:04:08 COURSES_CONTROLLER DEBUG - requestedItemId: 2
2025-09-21 15:04:08 COURSES_CONTROLLER DEBUG - flatItems count: 7
2025-09-21 15:04:08 COURSE_VIEW DEBUG - current_item: {"id":"2","unit_id":"1","unit_name":"\u0627\u0633\u0645 \u0627\u0644\u0648\u062d\u062f\u0629 *","item_type":"quiz","title":"tert","description":"\u0644\u0627 \u064a\u0648\u062c\u062f \u0648\u0635\u0641","item_id":"","duration":0,"thumbnail":"","metadata":{"quiz_id":"1"},"quiz_details":null,"page_details":null,"is_preview":false}
2025-09-21 15:04:08 COURSE_VIEW DEBUG - current_id: 2
2025-09-21 15:04:08 COURSE_VIEW DEBUG - course_id: 1
2025-09-21 15:12:32 SWITCH CASE DEBUG - ENTERING IF BLOCK
2025-09-21 15:12:32 SWITCH CASE DEBUG - item_type: video
2025-09-21 15:12:32 SWITCH CASE DEBUG - metadata: {"video_id":"7a461808-1048-4d73-afdd-985bb3c131cd","file_size":154202982,"video_title":"\u0645\u0627 \u0647\u0648 \u0627\u062e\u062a\u0628\u0627\u0631 TOFAS .mkv","collection_id":"6d877b87-0faf-4841-b82f-b00e01a6c4ec","video_quality":"2060x1080","video_duration":533,"video_thumbnail":"https:\/\/vz-495222.b-cdn.net\/7a461808-1048-4d73-afdd-985bb3c131cd\/thumbnail.jpg","video_library_id":""}
2025-09-21 15:12:32 SWITCH CASE DEBUG - ABOUT TO ENTER SWITCH
2025-09-21 15:12:32 SWITCH CASE DEBUG - ENTERED VIDEO CASE
2025-09-21 15:12:32 COURSES_CONTROLLER DEBUG - quizData: null
2025-09-21 15:12:32 COURSES_CONTROLLER DEBUG - currentItem: {"id":"1","unit_id":"1","unit_name":"\u0627\u0633\u0645 \u0627\u0644\u0648\u062d\u062f\u0629 *","item_type":"video","title":"\u0645\u0627 \u0647\u0648 \u0627\u062e\u062a\u0628\u0627\u0631 TOFAS .mkv","description":"","item_id":"","duration":533,"thumbnail":"https:\/\/vz-495222.b-cdn.net\/7a461808-1048-4d73-afdd-985bb3c131cd\/thumbnail.jpg","metadata":{"video_id":"7a461808-1048-4d73-afdd-985bb3c131cd","file_size":154202982,"video_title":"\u0645\u0627 \u0647\u0648 \u0627\u062e\u062a\u0628\u0627\u0631 TOFAS .mkv","collection_id":"6d877b87-0faf-4841-b82f-b00e01a6c4ec","video_quality":"2060x1080","video_duration":533,"video_thumbnail":"https:\/\/vz-495222.b-cdn.net\/7a461808-1048-4d73-afdd-985bb3c131cd\/thumbnail.jpg","video_library_id":""},"quiz_details":null,"page_details":null,"is_preview":false}
2025-09-21 15:12:32 COURSES_CONTROLLER DEBUG - requestedItemId: 1
2025-09-21 15:12:32 COURSES_CONTROLLER DEBUG - flatItems count: 7
2025-09-21 15:12:32 COURSE_VIEW DEBUG - current_item: {"id":"1","unit_id":"1","unit_name":"\u0627\u0633\u0645 \u0627\u0644\u0648\u062d\u062f\u0629 *","item_type":"video","title":"\u0645\u0627 \u0647\u0648 \u0627\u062e\u062a\u0628\u0627\u0631 TOFAS .mkv","description":"","item_id":"","duration":533,"thumbnail":"https:\/\/vz-495222.b-cdn.net\/7a461808-1048-4d73-afdd-985bb3c131cd\/thumbnail.jpg","metadata":{"video_id":"7a461808-1048-4d73-afdd-985bb3c131cd","file_size":154202982,"video_title":"\u0645\u0627 \u0647\u0648 \u0627\u062e\u062a\u0628\u0627\u0631 TOFAS .mkv","collection_id":"6d877b87-0faf-4841-b82f-b00e01a6c4ec","video_quality":"2060x1080","video_duration":533,"video_thumbnail":"https:\/\/vz-495222.b-cdn.net\/7a461808-1048-4d73-afdd-985bb3c131cd\/thumbnail.jpg","video_library_id":""},"quiz_details":null,"page_details":null,"is_preview":false}
2025-09-21 15:12:32 COURSE_VIEW DEBUG - current_id: 1
2025-09-21 15:12:32 COURSE_VIEW DEBUG - course_id: 1
2025-09-21 15:14:41 SWITCH CASE DEBUG - ENTERING IF BLOCK
2025-09-21 15:14:41 SWITCH CASE DEBUG - item_type: quiz
2025-09-21 15:14:41 SWITCH CASE DEBUG - metadata: {"quiz_id":"1"}
2025-09-21 15:14:41 SWITCH CASE DEBUG - ABOUT TO ENTER SWITCH
2025-09-21 15:14:41 SWITCH CASE DEBUG - ENTERED QUIZ CASE
2025-09-21 15:14:41 QUIZ LOADING DEBUG - quizId: 1
2025-09-21 15:14:41 QUIZ LOADING DEBUG - quizData result: {"id":"1","course_id":"1","quiz_title":"\u0627\u062e\u062a\u0628\u0627\u0631 JavaScript \u0644\u0644\u0645\u0628\u062a\u062f\u0626\u064a\u0646","quiz_desc":"\u0627\u062e\u062a\u0628\u0627\u0631 \u0633\u0647\u0644 \u062c\u062f\u0627\u064b \u0644\u062a\u0642\u064a\u064a\u0645 \u0627\u0644\u0645\u0639\u0631\u0641\u0629 \u0627\u0644\u0623\u0633\u0627\u0633\u064a\u0629 \u0641\u064a JavaScript","quiz_questions":"[{\"question_text\":\"\\u0645\\u0627 \\u0647\\u064a \\u0627\\u0644\\u0637\\u0631\\u064a\\u0642\\u0629 \\u0627\\u0644\\u0635\\u062d\\u064a\\u062d\\u0629 \\u0644\\u0643\\u062a\\u0627\\u0628\\u0629 \\u062a\\u0639\\u0644\\u064a\\u0642 \\u0641\\u064a JavaScript\\u061f\",\"question_type\":\"multiple_choice\",\"points\":\"1\",\"options\":[\"\\\/\\\/ \\u0647\\u0630\\u0627 \\u062a\\u0639\\u0644\\u064a\\u0642\",\"<!-- \\u0647\\u0630\\u0627 \\u062a\\u0639\\u0644\\u064a\\u0642 -->\",\"# \\u0647\\u0630\\u0627 \\u062a\\u0639\\u0644\\u064a\\u0642\",\"** \\u0647\\u0630\\u0627 \\u062a\\u0639\\u0644\\u064a\\u0642 **\"]},{\"question_text\":\"\\u0623\\u064a \\u0645\\u0646 \\u0647\\u0630\\u0647 \\u0627\\u0644\\u0643\\u0644\\u0645\\u0627\\u062a \\u0627\\u0644\\u0645\\u062d\\u062c\\u0648\\u0632\\u0629 \\u062a\\u064f\\u0633\\u062a\\u062e\\u062f\\u0645 \\u0644\\u0625\\u0639\\u0644\\u0627\\u0646 \\u0645\\u062a\\u063a\\u064a\\u0631 \\u0641\\u064a JavaScript\\u061f\",\"question_type\":\"multiple_choice\",\"points\":\"1\",\"options\":[\"variable\",\"var\",\"string\",\"declare\"]},{\"question_text\":\"\\u0645\\u0627 \\u0647\\u0648 \\u0627\\u0644\\u0646\\u0627\\u062a\\u062c \\u0645\\u0646 \\u0627\\u0644\\u0639\\u0645\\u0644\\u064a\\u0629 \\u0627\\u0644\\u062a\\u0627\\u0644\\u064a\\u0629: 5 + 3\\u061f\",\"question_type\":\"multiple_choice\",\"points\":\"1\",\"options\":[\"53\",\"8\",\"35\",\"15\"]},{\"question_text\":\"\\u0623\\u064a \\u0645\\u0646 \\u0647\\u0630\\u0647 \\u0627\\u0644\\u0637\\u0631\\u0642 \\u062a\\u064f\\u0633\\u062a\\u062e\\u062f\\u0645 \\u0644\\u0637\\u0628\\u0627\\u0639\\u0629 \\u0627\\u0644\\u0646\\u0635 \\u0641\\u064a \\u0648\\u062d\\u062f\\u0629 \\u0627\\u0644\\u062a\\u062d\\u0643\\u0645 (Console)\\u061f\",\"question_type\":\"multiple_choice\",\"points\":\"1\",\"options\":[\"print()\",\"console.log()\",\"write()\",\"display()\"]},{\"question_text\":\"\\u0645\\u0627 \\u0647\\u0648 \\u0646\\u0648\\u0639 \\u0627\\u0644\\u0628\\u064a\\u0627\\u0646\\u0627\\u062a \\u0644\\u0644\\u0642\\u064a\\u0645\\u0629 '\\u0645\\u0631\\u062d\\u0628\\u0627'\\u061f\",\"question_type\":\"multiple_choice\",\"points\":\"1\",\"options\":[\"number\",\"boolean\",\"string\",\"object\"]},{\"question_text\":\"\\u0623\\u064a \\u0645\\u0646 \\u0647\\u0630\\u0647 \\u0627\\u0644\\u0642\\u064a\\u0645 \\u062a\\u064f\\u0639\\u062a\\u0628\\u0631 true \\u0641\\u064a JavaScript\\u061f\",\"question_type\":\"multiple_choice\",\"points\":\"1\",\"options\":[\"0\",\"false\",\"null\",\"1\"]},{\"question_text\":\"\\u0645\\u0627 \\u0647\\u064a \\u0627\\u0644\\u0637\\u0631\\u064a\\u0642\\u0629 \\u0627\\u0644\\u0635\\u062d\\u064a\\u062d\\u0629 \\u0644\\u0625\\u0646\\u0634\\u0627\\u0621 \\u062f\\u0627\\u0644\\u0629 \\u0641\\u064a JavaScript\\u061f\",\"question_type\":\"multiple_choice\",\"points\":\"1\",\"options\":[\"create function myFunction()\",\"function myFunction()\",\"def myFunction()\",\"func myFunction()\"]},{\"question_text\":\"\\u0623\\u064a \\u0645\\u0646 \\u0647\\u0630\\u0647 \\u0627\\u0644\\u0639\\u0644\\u0627\\u0645\\u0627\\u062a \\u062a\\u064f\\u0633\\u062a\\u062e\\u062f\\u0645 \\u0644\\u0625\\u0646\\u0647\\u0627\\u0621 \\u0627\\u0644\\u0633\\u0637\\u0631 \\u0641\\u064a JavaScript\\u061f\",\"question_type\":\"multiple_choice\",\"points\":\"1\",\"options\":[\".\",\",\",\";\",\":\"]},{\"question_text\":\"\\u0645\\u0627 \\u0647\\u0648 \\u0627\\u0644\\u0646\\u0627\\u062a\\u062c \\u0645\\u0646 typeof 42\\u061f\",\"question_type\":\"multiple_choice\",\"points\":\"1\",\"options\":[\"string\",\"number\",\"integer\",\"digit\"]},{\"question_text\":\"\\u0623\\u064a \\u0645\\u0646 \\u0647\\u0630\\u0647 \\u0627\\u0644\\u0637\\u0631\\u0642 \\u062a\\u064f\\u0633\\u062a\\u062e\\u062f\\u0645 \\u0644\\u0631\\u0628\\u0637 \\u0646\\u0635 \\u0645\\u0639 \\u0645\\u062a\\u063a\\u064a\\u0631\\u061f\",\"question_type\":\"multiple_choice\",\"points\":\"1\",\"options\":[\"name + '\\u0645\\u0631\\u062d\\u0628\\u0627'\",\"name & '\\u0645\\u0631\\u062d\\u0628\\u0627'\",\"name * '\\u0645\\u0631\\u062d\\u0628\\u0627'\",\"name - '\\u0645\\u0631\\u062d\\u0628\\u0627'\"]}]","time_limit":"3","time_limit_minutes":"1","max_attempts":"3","passing_score":"60.00","shuffle_questions":"0","shuffle_answers":"0","show_results":"1","show_results_immediately":"1","active":"1","created_at":"2025-09-21 12:16:53","updated_at":"2025-09-21 12:19:41","course_title":"\u0648\u0635\u0641 \u0645\u062e\u062a\u0635\u0631  \u0643\u0648\u0631\u0633 \u062c\u0627\u0641\u0627 \u0633\u0643\u0631\u064a\u0628\u062a"}
2025-09-21 15:14:41 COURSES_CONTROLLER DEBUG - quizData: {"id":"1","course_id":"1","quiz_title":"\u0627\u062e\u062a\u0628\u0627\u0631 JavaScript \u0644\u0644\u0645\u0628\u062a\u062f\u0626\u064a\u0646","quiz_desc":"\u0627\u062e\u062a\u0628\u0627\u0631 \u0633\u0647\u0644 \u062c\u062f\u0627\u064b \u0644\u062a\u0642\u064a\u064a\u0645 \u0627\u0644\u0645\u0639\u0631\u0641\u0629 \u0627\u0644\u0623\u0633\u0627\u0633\u064a\u0629 \u0641\u064a JavaScript","quiz_questions":"[{\"question_text\":\"\\u0645\\u0627 \\u0647\\u064a \\u0627\\u0644\\u0637\\u0631\\u064a\\u0642\\u0629 \\u0627\\u0644\\u0635\\u062d\\u064a\\u062d\\u0629 \\u0644\\u0643\\u062a\\u0627\\u0628\\u0629 \\u062a\\u0639\\u0644\\u064a\\u0642 \\u0641\\u064a JavaScript\\u061f\",\"question_type\":\"multiple_choice\",\"points\":\"1\",\"options\":[\"\\\/\\\/ \\u0647\\u0630\\u0627 \\u062a\\u0639\\u0644\\u064a\\u0642\",\"<!-- \\u0647\\u0630\\u0627 \\u062a\\u0639\\u0644\\u064a\\u0642 -->\",\"# \\u0647\\u0630\\u0627 \\u062a\\u0639\\u0644\\u064a\\u0642\",\"** \\u0647\\u0630\\u0627 \\u062a\\u0639\\u0644\\u064a\\u0642 **\"]},{\"question_text\":\"\\u0623\\u064a \\u0645\\u0646 \\u0647\\u0630\\u0647 \\u0627\\u0644\\u0643\\u0644\\u0645\\u0627\\u062a \\u0627\\u0644\\u0645\\u062d\\u062c\\u0648\\u0632\\u0629 \\u062a\\u064f\\u0633\\u062a\\u062e\\u062f\\u0645 \\u0644\\u0625\\u0639\\u0644\\u0627\\u0646 \\u0645\\u062a\\u063a\\u064a\\u0631 \\u0641\\u064a JavaScript\\u061f\",\"question_type\":\"multiple_choice\",\"points\":\"1\",\"options\":[\"variable\",\"var\",\"string\",\"declare\"]},{\"question_text\":\"\\u0645\\u0627 \\u0647\\u0648 \\u0627\\u0644\\u0646\\u0627\\u062a\\u062c \\u0645\\u0646 \\u0627\\u0644\\u0639\\u0645\\u0644\\u064a\\u0629 \\u0627\\u0644\\u062a\\u0627\\u0644\\u064a\\u0629: 5 + 3\\u061f\",\"question_type\":\"multiple_choice\",\"points\":\"1\",\"options\":[\"53\",\"8\",\"35\",\"15\"]},{\"question_text\":\"\\u0623\\u064a \\u0645\\u0646 \\u0647\\u0630\\u0647 \\u0627\\u0644\\u0637\\u0631\\u0642 \\u062a\\u064f\\u0633\\u062a\\u062e\\u062f\\u0645 \\u0644\\u0637\\u0628\\u0627\\u0639\\u0629 \\u0627\\u0644\\u0646\\u0635 \\u0641\\u064a \\u0648\\u062d\\u062f\\u0629 \\u0627\\u0644\\u062a\\u062d\\u0643\\u0645 (Console)\\u061f\",\"question_type\":\"multiple_choice\",\"points\":\"1\",\"options\":[\"print()\",\"console.log()\",\"write()\",\"display()\"]},{\"question_text\":\"\\u0645\\u0627 \\u0647\\u0648 \\u0646\\u0648\\u0639 \\u0627\\u0644\\u0628\\u064a\\u0627\\u0646\\u0627\\u062a \\u0644\\u0644\\u0642\\u064a\\u0645\\u0629 '\\u0645\\u0631\\u062d\\u0628\\u0627'\\u061f\",\"question_type\":\"multiple_choice\",\"points\":\"1\",\"options\":[\"number\",\"boolean\",\"string\",\"object\"]},{\"question_text\":\"\\u0623\\u064a \\u0645\\u0646 \\u0647\\u0630\\u0647 \\u0627\\u0644\\u0642\\u064a\\u0645 \\u062a\\u064f\\u0639\\u062a\\u0628\\u0631 true \\u0641\\u064a JavaScript\\u061f\",\"question_type\":\"multiple_choice\",\"points\":\"1\",\"options\":[\"0\",\"false\",\"null\",\"1\"]},{\"question_text\":\"\\u0645\\u0627 \\u0647\\u064a \\u0627\\u0644\\u0637\\u0631\\u064a\\u0642\\u0629 \\u0627\\u0644\\u0635\\u062d\\u064a\\u062d\\u0629 \\u0644\\u0625\\u0646\\u0634\\u0627\\u0621 \\u062f\\u0627\\u0644\\u0629 \\u0641\\u064a JavaScript\\u061f\",\"question_type\":\"multiple_choice\",\"points\":\"1\",\"options\":[\"create function myFunction()\",\"function myFunction()\",\"def myFunction()\",\"func myFunction()\"]},{\"question_text\":\"\\u0623\\u064a \\u0645\\u0646 \\u0647\\u0630\\u0647 \\u0627\\u0644\\u0639\\u0644\\u0627\\u0645\\u0627\\u062a \\u062a\\u064f\\u0633\\u062a\\u062e\\u062f\\u0645 \\u0644\\u0625\\u0646\\u0647\\u0627\\u0621 \\u0627\\u0644\\u0633\\u0637\\u0631 \\u0641\\u064a JavaScript\\u061f\",\"question_type\":\"multiple_choice\",\"points\":\"1\",\"options\":[\".\",\",\",\";\",\":\"]},{\"question_text\":\"\\u0645\\u0627 \\u0647\\u0648 \\u0627\\u0644\\u0646\\u0627\\u062a\\u062c \\u0645\\u0646 typeof 42\\u061f\",\"question_type\":\"multiple_choice\",\"points\":\"1\",\"options\":[\"string\",\"number\",\"integer\",\"digit\"]},{\"question_text\":\"\\u0623\\u064a \\u0645\\u0646 \\u0647\\u0630\\u0647 \\u0627\\u0644\\u0637\\u0631\\u0642 \\u062a\\u064f\\u0633\\u062a\\u062e\\u062f\\u0645 \\u0644\\u0631\\u0628\\u0637 \\u0646\\u0635 \\u0645\\u0639 \\u0645\\u062a\\u063a\\u064a\\u0631\\u061f\",\"question_type\":\"multiple_choice\",\"points\":\"1\",\"options\":[\"name + '\\u0645\\u0631\\u062d\\u0628\\u0627'\",\"name & '\\u0645\\u0631\\u062d\\u0628\\u0627'\",\"name * '\\u0645\\u0631\\u062d\\u0628\\u0627'\",\"name - '\\u0645\\u0631\\u062d\\u0628\\u0627'\"]}]","time_limit":"3","time_limit_minutes":"1","max_attempts":"3","passing_score":"60.00","shuffle_questions":"0","shuffle_answers":"0","show_results":"1","show_results_immediately":"1","active":"1","created_at":"2025-09-21 12:16:53","updated_at":"2025-09-21 12:19:41","course_title":"\u0648\u0635\u0641 \u0645\u062e\u062a\u0635\u0631  \u0643\u0648\u0631\u0633 \u062c\u0627\u0641\u0627 \u0633\u0643\u0631\u064a\u0628\u062a"}
2025-09-21 15:14:41 COURSES_CONTROLLER DEBUG - currentItem: {"id":"2","unit_id":"1","unit_name":"\u0627\u0633\u0645 \u0627\u0644\u0648\u062d\u062f\u0629 *","item_type":"quiz","title":"tert","description":"\u0644\u0627 \u064a\u0648\u062c\u062f \u0648\u0635\u0641","item_id":"","duration":0,"thumbnail":"","metadata":{"quiz_id":"1"},"quiz_details":null,"page_details":null,"is_preview":false}
2025-09-21 15:14:41 COURSES_CONTROLLER DEBUG - requestedItemId: 2
2025-09-21 15:14:41 COURSES_CONTROLLER DEBUG - flatItems count: 7
2025-09-21 15:14:41 COURSE_VIEW DEBUG - current_item: {"id":"2","unit_id":"1","unit_name":"\u0627\u0633\u0645 \u0627\u0644\u0648\u062d\u062f\u0629 *","item_type":"quiz","title":"tert","description":"\u0644\u0627 \u064a\u0648\u062c\u062f \u0648\u0635\u0641","item_id":"","duration":0,"thumbnail":"","metadata":{"quiz_id":"1"},"quiz_details":null,"page_details":null,"is_preview":false}
2025-09-21 15:14:41 COURSE_VIEW DEBUG - current_id: 2
2025-09-21 15:14:41 COURSE_VIEW DEBUG - course_id: 1
2025-09-21 15:17:14 SWITCH CASE DEBUG - ENTERING IF BLOCK
2025-09-21 15:17:14 SWITCH CASE DEBUG - item_type: quiz
2025-09-21 15:17:14 SWITCH CASE DEBUG - metadata: {"quiz_id":"1"}
2025-09-21 15:17:14 SWITCH CASE DEBUG - ABOUT TO ENTER SWITCH
2025-09-21 15:17:14 SWITCH CASE DEBUG - ENTERED QUIZ CASE
2025-09-21 15:17:14 QUIZ LOADING DEBUG - quizId: 1
2025-09-21 15:17:14 QUIZ LOADING DEBUG - quizData result: {"id":"1","course_id":"1","quiz_title":"\u0627\u062e\u062a\u0628\u0627\u0631 JavaScript \u0644\u0644\u0645\u0628\u062a\u062f\u0626\u064a\u0646","quiz_desc":"\u0627\u062e\u062a\u0628\u0627\u0631 \u0633\u0647\u0644 \u062c\u062f\u0627\u064b \u0644\u062a\u0642\u064a\u064a\u0645 \u0627\u0644\u0645\u0639\u0631\u0641\u0629 \u0627\u0644\u0623\u0633\u0627\u0633\u064a\u0629 \u0641\u064a JavaScript","quiz_questions":"[{\"question_text\":\"\\u0645\\u0627 \\u0647\\u064a \\u0627\\u0644\\u0637\\u0631\\u064a\\u0642\\u0629 \\u0627\\u0644\\u0635\\u062d\\u064a\\u062d\\u0629 \\u0644\\u0643\\u062a\\u0627\\u0628\\u0629 \\u062a\\u0639\\u0644\\u064a\\u0642 \\u0641\\u064a JavaScript\\u061f\",\"question_type\":\"multiple_choice\",\"points\":\"1\",\"options\":[\"\\\/\\\/ \\u0647\\u0630\\u0627 \\u062a\\u0639\\u0644\\u064a\\u0642\",\"<!-- \\u0647\\u0630\\u0627 \\u062a\\u0639\\u0644\\u064a\\u0642 -->\",\"# \\u0647\\u0630\\u0627 \\u062a\\u0639\\u0644\\u064a\\u0642\",\"** \\u0647\\u0630\\u0627 \\u062a\\u0639\\u0644\\u064a\\u0642 **\"]},{\"question_text\":\"\\u0623\\u064a \\u0645\\u0646 \\u0647\\u0630\\u0647 \\u0627\\u0644\\u0643\\u0644\\u0645\\u0627\\u062a \\u0627\\u0644\\u0645\\u062d\\u062c\\u0648\\u0632\\u0629 \\u062a\\u064f\\u0633\\u062a\\u062e\\u062f\\u0645 \\u0644\\u0625\\u0639\\u0644\\u0627\\u0646 \\u0645\\u062a\\u063a\\u064a\\u0631 \\u0641\\u064a JavaScript\\u061f\",\"question_type\":\"multiple_choice\",\"points\":\"1\",\"options\":[\"variable\",\"var\",\"string\",\"declare\"]},{\"question_text\":\"\\u0645\\u0627 \\u0647\\u0648 \\u0627\\u0644\\u0646\\u0627\\u062a\\u062c \\u0645\\u0646 \\u0627\\u0644\\u0639\\u0645\\u0644\\u064a\\u0629 \\u0627\\u0644\\u062a\\u0627\\u0644\\u064a\\u0629: 5 + 3\\u061f\",\"question_type\":\"multiple_choice\",\"points\":\"1\",\"options\":[\"53\",\"8\",\"35\",\"15\"]},{\"question_text\":\"\\u0623\\u064a \\u0645\\u0646 \\u0647\\u0630\\u0647 \\u0627\\u0644\\u0637\\u0631\\u0642 \\u062a\\u064f\\u0633\\u062a\\u062e\\u062f\\u0645 \\u0644\\u0637\\u0628\\u0627\\u0639\\u0629 \\u0627\\u0644\\u0646\\u0635 \\u0641\\u064a \\u0648\\u062d\\u062f\\u0629 \\u0627\\u0644\\u062a\\u062d\\u0643\\u0645 (Console)\\u061f\",\"question_type\":\"multiple_choice\",\"points\":\"1\",\"options\":[\"print()\",\"console.log()\",\"write()\",\"display()\"]},{\"question_text\":\"\\u0645\\u0627 \\u0647\\u0648 \\u0646\\u0648\\u0639 \\u0627\\u0644\\u0628\\u064a\\u0627\\u0646\\u0627\\u062a \\u0644\\u0644\\u0642\\u064a\\u0645\\u0629 '\\u0645\\u0631\\u062d\\u0628\\u0627'\\u061f\",\"question_type\":\"multiple_choice\",\"points\":\"1\",\"options\":[\"number\",\"boolean\",\"string\",\"object\"]},{\"question_text\":\"\\u0623\\u064a \\u0645\\u0646 \\u0647\\u0630\\u0647 \\u0627\\u0644\\u0642\\u064a\\u0645 \\u062a\\u064f\\u0639\\u062a\\u0628\\u0631 true \\u0641\\u064a JavaScript\\u061f\",\"question_type\":\"multiple_choice\",\"points\":\"1\",\"options\":[\"0\",\"false\",\"null\",\"1\"]},{\"question_text\":\"\\u0645\\u0627 \\u0647\\u064a \\u0627\\u0644\\u0637\\u0631\\u064a\\u0642\\u0629 \\u0627\\u0644\\u0635\\u062d\\u064a\\u062d\\u0629 \\u0644\\u0625\\u0646\\u0634\\u0627\\u0621 \\u062f\\u0627\\u0644\\u0629 \\u0641\\u064a JavaScript\\u061f\",\"question_type\":\"multiple_choice\",\"points\":\"1\",\"options\":[\"create function myFunction()\",\"function myFunction()\",\"def myFunction()\",\"func myFunction()\"]},{\"question_text\":\"\\u0623\\u064a \\u0645\\u0646 \\u0647\\u0630\\u0647 \\u0627\\u0644\\u0639\\u0644\\u0627\\u0645\\u0627\\u062a \\u062a\\u064f\\u0633\\u062a\\u062e\\u062f\\u0645 \\u0644\\u0625\\u0646\\u0647\\u0627\\u0621 \\u0627\\u0644\\u0633\\u0637\\u0631 \\u0641\\u064a JavaScript\\u061f\",\"question_type\":\"multiple_choice\",\"points\":\"1\",\"options\":[\".\",\",\",\";\",\":\"]},{\"question_text\":\"\\u0645\\u0627 \\u0647\\u0648 \\u0627\\u0644\\u0646\\u0627\\u062a\\u062c \\u0645\\u0646 typeof 42\\u061f\",\"question_type\":\"multiple_choice\",\"points\":\"1\",\"options\":[\"string\",\"number\",\"integer\",\"digit\"]},{\"question_text\":\"\\u0623\\u064a \\u0645\\u0646 \\u0647\\u0630\\u0647 \\u0627\\u0644\\u0637\\u0631\\u0642 \\u062a\\u064f\\u0633\\u062a\\u062e\\u062f\\u0645 \\u0644\\u0631\\u0628\\u0637 \\u0646\\u0635 \\u0645\\u0639 \\u0645\\u062a\\u063a\\u064a\\u0631\\u061f\",\"question_type\":\"multiple_choice\",\"points\":\"1\",\"options\":[\"name + '\\u0645\\u0631\\u062d\\u0628\\u0627'\",\"name & '\\u0645\\u0631\\u062d\\u0628\\u0627'\",\"name * '\\u0645\\u0631\\u062d\\u0628\\u0627'\",\"name - '\\u0645\\u0631\\u062d\\u0628\\u0627'\"]}]","time_limit":"3","time_limit_minutes":"1","max_attempts":"3","passing_score":"60.00","shuffle_questions":"0","shuffle_answers":"0","show_results":"1","show_results_immediately":"1","active":"1","created_at":"2025-09-21 12:16:53","updated_at":"2025-09-21 12:19:41","course_title":"\u0648\u0635\u0641 \u0645\u062e\u062a\u0635\u0631  \u0643\u0648\u0631\u0633 \u062c\u0627\u0641\u0627 \u0633\u0643\u0631\u064a\u0628\u062a"}
2025-09-21 15:17:14 COURSES_CONTROLLER DEBUG - quizData: {"id":"1","course_id":"1","quiz_title":"\u0627\u062e\u062a\u0628\u0627\u0631 JavaScript \u0644\u0644\u0645\u0628\u062a\u062f\u0626\u064a\u0646","quiz_desc":"\u0627\u062e\u062a\u0628\u0627\u0631 \u0633\u0647\u0644 \u062c\u062f\u0627\u064b \u0644\u062a\u0642\u064a\u064a\u0645 \u0627\u0644\u0645\u0639\u0631\u0641\u0629 \u0627\u0644\u0623\u0633\u0627\u0633\u064a\u0629 \u0641\u064a JavaScript","quiz_questions":"[{\"question_text\":\"\\u0645\\u0627 \\u0647\\u064a \\u0627\\u0644\\u0637\\u0631\\u064a\\u0642\\u0629 \\u0627\\u0644\\u0635\\u062d\\u064a\\u062d\\u0629 \\u0644\\u0643\\u062a\\u0627\\u0628\\u0629 \\u062a\\u0639\\u0644\\u064a\\u0642 \\u0641\\u064a JavaScript\\u061f\",\"question_type\":\"multiple_choice\",\"points\":\"1\",\"options\":[\"\\\/\\\/ \\u0647\\u0630\\u0627 \\u062a\\u0639\\u0644\\u064a\\u0642\",\"<!-- \\u0647\\u0630\\u0627 \\u062a\\u0639\\u0644\\u064a\\u0642 -->\",\"# \\u0647\\u0630\\u0627 \\u062a\\u0639\\u0644\\u064a\\u0642\",\"** \\u0647\\u0630\\u0627 \\u062a\\u0639\\u0644\\u064a\\u0642 **\"]},{\"question_text\":\"\\u0623\\u064a \\u0645\\u0646 \\u0647\\u0630\\u0647 \\u0627\\u0644\\u0643\\u0644\\u0645\\u0627\\u062a \\u0627\\u0644\\u0645\\u062d\\u062c\\u0648\\u0632\\u0629 \\u062a\\u064f\\u0633\\u062a\\u062e\\u062f\\u0645 \\u0644\\u0625\\u0639\\u0644\\u0627\\u0646 \\u0645\\u062a\\u063a\\u064a\\u0631 \\u0641\\u064a JavaScript\\u061f\",\"question_type\":\"multiple_choice\",\"points\":\"1\",\"options\":[\"variable\",\"var\",\"string\",\"declare\"]},{\"question_text\":\"\\u0645\\u0627 \\u0647\\u0648 \\u0627\\u0644\\u0646\\u0627\\u062a\\u062c \\u0645\\u0646 \\u0627\\u0644\\u0639\\u0645\\u0644\\u064a\\u0629 \\u0627\\u0644\\u062a\\u0627\\u0644\\u064a\\u0629: 5 + 3\\u061f\",\"question_type\":\"multiple_choice\",\"points\":\"1\",\"options\":[\"53\",\"8\",\"35\",\"15\"]},{\"question_text\":\"\\u0623\\u064a \\u0645\\u0646 \\u0647\\u0630\\u0647 \\u0627\\u0644\\u0637\\u0631\\u0642 \\u062a\\u064f\\u0633\\u062a\\u062e\\u062f\\u0645 \\u0644\\u0637\\u0628\\u0627\\u0639\\u0629 \\u0627\\u0644\\u0646\\u0635 \\u0641\\u064a \\u0648\\u062d\\u062f\\u0629 \\u0627\\u0644\\u062a\\u062d\\u0643\\u0645 (Console)\\u061f\",\"question_type\":\"multiple_choice\",\"points\":\"1\",\"options\":[\"print()\",\"console.log()\",\"write()\",\"display()\"]},{\"question_text\":\"\\u0645\\u0627 \\u0647\\u0648 \\u0646\\u0648\\u0639 \\u0627\\u0644\\u0628\\u064a\\u0627\\u0646\\u0627\\u062a \\u0644\\u0644\\u0642\\u064a\\u0645\\u0629 '\\u0645\\u0631\\u062d\\u0628\\u0627'\\u061f\",\"question_type\":\"multiple_choice\",\"points\":\"1\",\"options\":[\"number\",\"boolean\",\"string\",\"object\"]},{\"question_text\":\"\\u0623\\u064a \\u0645\\u0646 \\u0647\\u0630\\u0647 \\u0627\\u0644\\u0642\\u064a\\u0645 \\u062a\\u064f\\u0639\\u062a\\u0628\\u0631 true \\u0641\\u064a JavaScript\\u061f\",\"question_type\":\"multiple_choice\",\"points\":\"1\",\"options\":[\"0\",\"false\",\"null\",\"1\"]},{\"question_text\":\"\\u0645\\u0627 \\u0647\\u064a \\u0627\\u0644\\u0637\\u0631\\u064a\\u0642\\u0629 \\u0627\\u0644\\u0635\\u062d\\u064a\\u062d\\u0629 \\u0644\\u0625\\u0646\\u0634\\u0627\\u0621 \\u062f\\u0627\\u0644\\u0629 \\u0641\\u064a JavaScript\\u061f\",\"question_type\":\"multiple_choice\",\"points\":\"1\",\"options\":[\"create function myFunction()\",\"function myFunction()\",\"def myFunction()\",\"func myFunction()\"]},{\"question_text\":\"\\u0623\\u064a \\u0645\\u0646 \\u0647\\u0630\\u0647 \\u0627\\u0644\\u0639\\u0644\\u0627\\u0645\\u0627\\u062a \\u062a\\u064f\\u0633\\u062a\\u062e\\u062f\\u0645 \\u0644\\u0625\\u0646\\u0647\\u0627\\u0621 \\u0627\\u0644\\u0633\\u0637\\u0631 \\u0641\\u064a JavaScript\\u061f\",\"question_type\":\"multiple_choice\",\"points\":\"1\",\"options\":[\".\",\",\",\";\",\":\"]},{\"question_text\":\"\\u0645\\u0627 \\u0647\\u0648 \\u0627\\u0644\\u0646\\u0627\\u062a\\u062c \\u0645\\u0646 typeof 42\\u061f\",\"question_type\":\"multiple_choice\",\"points\":\"1\",\"options\":[\"string\",\"number\",\"integer\",\"digit\"]},{\"question_text\":\"\\u0623\\u064a \\u0645\\u0646 \\u0647\\u0630\\u0647 \\u0627\\u0644\\u0637\\u0631\\u0642 \\u062a\\u064f\\u0633\\u062a\\u062e\\u062f\\u0645 \\u0644\\u0631\\u0628\\u0637 \\u0646\\u0635 \\u0645\\u0639 \\u0645\\u062a\\u063a\\u064a\\u0631\\u061f\",\"question_type\":\"multiple_choice\",\"points\":\"1\",\"options\":[\"name + '\\u0645\\u0631\\u062d\\u0628\\u0627'\",\"name & '\\u0645\\u0631\\u062d\\u0628\\u0627'\",\"name * '\\u0645\\u0631\\u062d\\u0628\\u0627'\",\"name - '\\u0645\\u0631\\u062d\\u0628\\u0627'\"]}]","time_limit":"3","time_limit_minutes":"1","max_attempts":"3","passing_score":"60.00","shuffle_questions":"0","shuffle_answers":"0","show_results":"1","show_results_immediately":"1","active":"1","created_at":"2025-09-21 12:16:53","updated_at":"2025-09-21 12:19:41","course_title":"\u0648\u0635\u0641 \u0645\u062e\u062a\u0635\u0631  \u0643\u0648\u0631\u0633 \u062c\u0627\u0641\u0627 \u0633\u0643\u0631\u064a\u0628\u062a"}
2025-09-21 15:17:14 COURSES_CONTROLLER DEBUG - currentItem: {"id":"2","unit_id":"1","unit_name":"\u0627\u0633\u0645 \u0627\u0644\u0648\u062d\u062f\u0629 *","item_type":"quiz","title":"tert","description":"\u0644\u0627 \u064a\u0648\u062c\u062f \u0648\u0635\u0641","item_id":"","duration":0,"thumbnail":"","metadata":{"quiz_id":"1"},"quiz_details":null,"page_details":null,"is_preview":false}
2025-09-21 15:17:14 COURSES_CONTROLLER DEBUG - requestedItemId: 2
2025-09-21 15:17:14 COURSES_CONTROLLER DEBUG - flatItems count: 7
2025-09-21 15:17:14 COURSE_VIEW DEBUG - current_item: {"id":"2","unit_id":"1","unit_name":"\u0627\u0633\u0645 \u0627\u0644\u0648\u062d\u062f\u0629 *","item_type":"quiz","title":"tert","description":"\u0644\u0627 \u064a\u0648\u062c\u062f \u0648\u0635\u0641","item_id":"","duration":0,"thumbnail":"","metadata":{"quiz_id":"1"},"quiz_details":null,"page_details":null,"is_preview":false}
2025-09-21 15:17:14 COURSE_VIEW DEBUG - current_id: 2
2025-09-21 15:17:14 COURSE_VIEW DEBUG - course_id: 1
2025-09-21 15:18:08 SWITCH CASE DEBUG - ENTERING IF BLOCK
2025-09-21 15:18:08 SWITCH CASE DEBUG - item_type: quiz
2025-09-21 15:18:08 SWITCH CASE DEBUG - metadata: {"quiz_id":"1"}
2025-09-21 15:18:08 SWITCH CASE DEBUG - ABOUT TO ENTER SWITCH
2025-09-21 15:18:08 SWITCH CASE DEBUG - ENTERED QUIZ CASE
2025-09-21 15:18:08 QUIZ LOADING DEBUG - quizId: 1
2025-09-21 15:18:08 QUIZ LOADING DEBUG - quizData result: {"id":"1","course_id":"1","quiz_title":"\u0627\u062e\u062a\u0628\u0627\u0631 JavaScript \u0644\u0644\u0645\u0628\u062a\u062f\u0626\u064a\u0646","quiz_desc":"\u0627\u062e\u062a\u0628\u0627\u0631 \u0633\u0647\u0644 \u062c\u062f\u0627\u064b \u0644\u062a\u0642\u064a\u064a\u0645 \u0627\u0644\u0645\u0639\u0631\u0641\u0629 \u0627\u0644\u0623\u0633\u0627\u0633\u064a\u0629 \u0641\u064a JavaScript","quiz_questions":"[{\"question_text\":\"\\u0645\\u0627 \\u0647\\u064a \\u0627\\u0644\\u0637\\u0631\\u064a\\u0642\\u0629 \\u0627\\u0644\\u0635\\u062d\\u064a\\u062d\\u0629 \\u0644\\u0643\\u062a\\u0627\\u0628\\u0629 \\u062a\\u0639\\u0644\\u064a\\u0642 \\u0641\\u064a JavaScript\\u061f\",\"question_type\":\"multiple_choice\",\"points\":\"1\",\"options\":[\"\\\/\\\/ \\u0647\\u0630\\u0627 \\u062a\\u0639\\u0644\\u064a\\u0642\",\"<!-- \\u0647\\u0630\\u0627 \\u062a\\u0639\\u0644\\u064a\\u0642 -->\",\"# \\u0647\\u0630\\u0627 \\u062a\\u0639\\u0644\\u064a\\u0642\",\"** \\u0647\\u0630\\u0627 \\u062a\\u0639\\u0644\\u064a\\u0642 **\"]},{\"question_text\":\"\\u0623\\u064a \\u0645\\u0646 \\u0647\\u0630\\u0647 \\u0627\\u0644\\u0643\\u0644\\u0645\\u0627\\u062a \\u0627\\u0644\\u0645\\u062d\\u062c\\u0648\\u0632\\u0629 \\u062a\\u064f\\u0633\\u062a\\u062e\\u062f\\u0645 \\u0644\\u0625\\u0639\\u0644\\u0627\\u0646 \\u0645\\u062a\\u063a\\u064a\\u0631 \\u0641\\u064a JavaScript\\u061f\",\"question_type\":\"multiple_choice\",\"points\":\"1\",\"options\":[\"variable\",\"var\",\"string\",\"declare\"]},{\"question_text\":\"\\u0645\\u0627 \\u0647\\u0648 \\u0627\\u0644\\u0646\\u0627\\u062a\\u062c \\u0645\\u0646 \\u0627\\u0644\\u0639\\u0645\\u0644\\u064a\\u0629 \\u0627\\u0644\\u062a\\u0627\\u0644\\u064a\\u0629: 5 + 3\\u061f\",\"question_type\":\"multiple_choice\",\"points\":\"1\",\"options\":[\"53\",\"8\",\"35\",\"15\"]},{\"question_text\":\"\\u0623\\u064a \\u0645\\u0646 \\u0647\\u0630\\u0647 \\u0627\\u0644\\u0637\\u0631\\u0642 \\u062a\\u064f\\u0633\\u062a\\u062e\\u062f\\u0645 \\u0644\\u0637\\u0628\\u0627\\u0639\\u0629 \\u0627\\u0644\\u0646\\u0635 \\u0641\\u064a \\u0648\\u062d\\u062f\\u0629 \\u0627\\u0644\\u062a\\u062d\\u0643\\u0645 (Console)\\u061f\",\"question_type\":\"multiple_choice\",\"points\":\"1\",\"options\":[\"print()\",\"console.log()\",\"write()\",\"display()\"]},{\"question_text\":\"\\u0645\\u0627 \\u0647\\u0648 \\u0646\\u0648\\u0639 \\u0627\\u0644\\u0628\\u064a\\u0627\\u0646\\u0627\\u062a \\u0644\\u0644\\u0642\\u064a\\u0645\\u0629 '\\u0645\\u0631\\u062d\\u0628\\u0627'\\u061f\",\"question_type\":\"multiple_choice\",\"points\":\"1\",\"options\":[\"number\",\"boolean\",\"string\",\"object\"]},{\"question_text\":\"\\u0623\\u064a \\u0645\\u0646 \\u0647\\u0630\\u0647 \\u0627\\u0644\\u0642\\u064a\\u0645 \\u062a\\u064f\\u0639\\u062a\\u0628\\u0631 true \\u0641\\u064a JavaScript\\u061f\",\"question_type\":\"multiple_choice\",\"points\":\"1\",\"options\":[\"0\",\"false\",\"null\",\"1\"]},{\"question_text\":\"\\u0645\\u0627 \\u0647\\u064a \\u0627\\u0644\\u0637\\u0631\\u064a\\u0642\\u0629 \\u0627\\u0644\\u0635\\u062d\\u064a\\u062d\\u0629 \\u0644\\u0625\\u0646\\u0634\\u0627\\u0621 \\u062f\\u0627\\u0644\\u0629 \\u0641\\u064a JavaScript\\u061f\",\"question_type\":\"multiple_choice\",\"points\":\"1\",\"options\":[\"create function myFunction()\",\"function myFunction()\",\"def myFunction()\",\"func myFunction()\"]},{\"question_text\":\"\\u0623\\u064a \\u0645\\u0646 \\u0647\\u0630\\u0647 \\u0627\\u0644\\u0639\\u0644\\u0627\\u0645\\u0627\\u062a \\u062a\\u064f\\u0633\\u062a\\u062e\\u062f\\u0645 \\u0644\\u0625\\u0646\\u0647\\u0627\\u0621 \\u0627\\u0644\\u0633\\u0637\\u0631 \\u0641\\u064a JavaScript\\u061f\",\"question_type\":\"multiple_choice\",\"points\":\"1\",\"options\":[\".\",\",\",\";\",\":\"]},{\"question_text\":\"\\u0645\\u0627 \\u0647\\u0648 \\u0627\\u0644\\u0646\\u0627\\u062a\\u062c \\u0645\\u0646 typeof 42\\u061f\",\"question_type\":\"multiple_choice\",\"points\":\"1\",\"options\":[\"string\",\"number\",\"integer\",\"digit\"]},{\"question_text\":\"\\u0623\\u064a \\u0645\\u0646 \\u0647\\u0630\\u0647 \\u0627\\u0644\\u0637\\u0631\\u0642 \\u062a\\u064f\\u0633\\u062a\\u062e\\u062f\\u0645 \\u0644\\u0631\\u0628\\u0637 \\u0646\\u0635 \\u0645\\u0639 \\u0645\\u062a\\u063a\\u064a\\u0631\\u061f\",\"question_type\":\"multiple_choice\",\"points\":\"1\",\"options\":[\"name + '\\u0645\\u0631\\u062d\\u0628\\u0627'\",\"name & '\\u0645\\u0631\\u062d\\u0628\\u0627'\",\"name * '\\u0645\\u0631\\u062d\\u0628\\u0627'\",\"name - '\\u0645\\u0631\\u062d\\u0628\\u0627'\"]}]","time_limit":"3","time_limit_minutes":"1","max_attempts":"3","passing_score":"60.00","shuffle_questions":"0","shuffle_answers":"0","show_results":"1","show_results_immediately":"1","active":"1","created_at":"2025-09-21 12:16:53","updated_at":"2025-09-21 12:19:41","course_title":"\u0648\u0635\u0641 \u0645\u062e\u062a\u0635\u0631  \u0643\u0648\u0631\u0633 \u062c\u0627\u0641\u0627 \u0633\u0643\u0631\u064a\u0628\u062a"}
2025-09-21 15:18:08 COURSES_CONTROLLER DEBUG - quizData: {"id":"1","course_id":"1","quiz_title":"\u0627\u062e\u062a\u0628\u0627\u0631 JavaScript \u0644\u0644\u0645\u0628\u062a\u062f\u0626\u064a\u0646","quiz_desc":"\u0627\u062e\u062a\u0628\u0627\u0631 \u0633\u0647\u0644 \u062c\u062f\u0627\u064b \u0644\u062a\u0642\u064a\u064a\u0645 \u0627\u0644\u0645\u0639\u0631\u0641\u0629 \u0627\u0644\u0623\u0633\u0627\u0633\u064a\u0629 \u0641\u064a JavaScript","quiz_questions":"[{\"question_text\":\"\\u0645\\u0627 \\u0647\\u064a \\u0627\\u0644\\u0637\\u0631\\u064a\\u0642\\u0629 \\u0627\\u0644\\u0635\\u062d\\u064a\\u062d\\u0629 \\u0644\\u0643\\u062a\\u0627\\u0628\\u0629 \\u062a\\u0639\\u0644\\u064a\\u0642 \\u0641\\u064a JavaScript\\u061f\",\"question_type\":\"multiple_choice\",\"points\":\"1\",\"options\":[\"\\\/\\\/ \\u0647\\u0630\\u0627 \\u062a\\u0639\\u0644\\u064a\\u0642\",\"<!-- \\u0647\\u0630\\u0627 \\u062a\\u0639\\u0644\\u064a\\u0642 -->\",\"# \\u0647\\u0630\\u0627 \\u062a\\u0639\\u0644\\u064a\\u0642\",\"** \\u0647\\u0630\\u0627 \\u062a\\u0639\\u0644\\u064a\\u0642 **\"]},{\"question_text\":\"\\u0623\\u064a \\u0645\\u0646 \\u0647\\u0630\\u0647 \\u0627\\u0644\\u0643\\u0644\\u0645\\u0627\\u062a \\u0627\\u0644\\u0645\\u062d\\u062c\\u0648\\u0632\\u0629 \\u062a\\u064f\\u0633\\u062a\\u062e\\u062f\\u0645 \\u0644\\u0625\\u0639\\u0644\\u0627\\u0646 \\u0645\\u062a\\u063a\\u064a\\u0631 \\u0641\\u064a JavaScript\\u061f\",\"question_type\":\"multiple_choice\",\"points\":\"1\",\"options\":[\"variable\",\"var\",\"string\",\"declare\"]},{\"question_text\":\"\\u0645\\u0627 \\u0647\\u0648 \\u0627\\u0644\\u0646\\u0627\\u062a\\u062c \\u0645\\u0646 \\u0627\\u0644\\u0639\\u0645\\u0644\\u064a\\u0629 \\u0627\\u0644\\u062a\\u0627\\u0644\\u064a\\u0629: 5 + 3\\u061f\",\"question_type\":\"multiple_choice\",\"points\":\"1\",\"options\":[\"53\",\"8\",\"35\",\"15\"]},{\"question_text\":\"\\u0623\\u064a \\u0645\\u0646 \\u0647\\u0630\\u0647 \\u0627\\u0644\\u0637\\u0631\\u0642 \\u062a\\u064f\\u0633\\u062a\\u062e\\u062f\\u0645 \\u0644\\u0637\\u0628\\u0627\\u0639\\u0629 \\u0627\\u0644\\u0646\\u0635 \\u0641\\u064a \\u0648\\u062d\\u062f\\u0629 \\u0627\\u0644\\u062a\\u062d\\u0643\\u0645 (Console)\\u061f\",\"question_type\":\"multiple_choice\",\"points\":\"1\",\"options\":[\"print()\",\"console.log()\",\"write()\",\"display()\"]},{\"question_text\":\"\\u0645\\u0627 \\u0647\\u0648 \\u0646\\u0648\\u0639 \\u0627\\u0644\\u0628\\u064a\\u0627\\u0646\\u0627\\u062a \\u0644\\u0644\\u0642\\u064a\\u0645\\u0629 '\\u0645\\u0631\\u062d\\u0628\\u0627'\\u061f\",\"question_type\":\"multiple_choice\",\"points\":\"1\",\"options\":[\"number\",\"boolean\",\"string\",\"object\"]},{\"question_text\":\"\\u0623\\u064a \\u0645\\u0646 \\u0647\\u0630\\u0647 \\u0627\\u0644\\u0642\\u064a\\u0645 \\u062a\\u064f\\u0639\\u062a\\u0628\\u0631 true \\u0641\\u064a JavaScript\\u061f\",\"question_type\":\"multiple_choice\",\"points\":\"1\",\"options\":[\"0\",\"false\",\"null\",\"1\"]},{\"question_text\":\"\\u0645\\u0627 \\u0647\\u064a \\u0627\\u0644\\u0637\\u0631\\u064a\\u0642\\u0629 \\u0627\\u0644\\u0635\\u062d\\u064a\\u062d\\u0629 \\u0644\\u0625\\u0646\\u0634\\u0627\\u0621 \\u062f\\u0627\\u0644\\u0629 \\u0641\\u064a JavaScript\\u061f\",\"question_type\":\"multiple_choice\",\"points\":\"1\",\"options\":[\"create function myFunction()\",\"function myFunction()\",\"def myFunction()\",\"func myFunction()\"]},{\"question_text\":\"\\u0623\\u064a \\u0645\\u0646 \\u0647\\u0630\\u0647 \\u0627\\u0644\\u0639\\u0644\\u0627\\u0645\\u0627\\u062a \\u062a\\u064f\\u0633\\u062a\\u062e\\u062f\\u0645 \\u0644\\u0625\\u0646\\u0647\\u0627\\u0621 \\u0627\\u0644\\u0633\\u0637\\u0631 \\u0641\\u064a JavaScript\\u061f\",\"question_type\":\"multiple_choice\",\"points\":\"1\",\"options\":[\".\",\",\",\";\",\":\"]},{\"question_text\":\"\\u0645\\u0627 \\u0647\\u0648 \\u0627\\u0644\\u0646\\u0627\\u062a\\u062c \\u0645\\u0646 typeof 42\\u061f\",\"question_type\":\"multiple_choice\",\"points\":\"1\",\"options\":[\"string\",\"number\",\"integer\",\"digit\"]},{\"question_text\":\"\\u0623\\u064a \\u0645\\u0646 \\u0647\\u0630\\u0647 \\u0627\\u0644\\u0637\\u0631\\u0642 \\u062a\\u064f\\u0633\\u062a\\u062e\\u062f\\u0645 \\u0644\\u0631\\u0628\\u0637 \\u0646\\u0635 \\u0645\\u0639 \\u0645\\u062a\\u063a\\u064a\\u0631\\u061f\",\"question_type\":\"multiple_choice\",\"points\":\"1\",\"options\":[\"name + '\\u0645\\u0631\\u062d\\u0628\\u0627'\",\"name & '\\u0645\\u0631\\u062d\\u0628\\u0627'\",\"name * '\\u0645\\u0631\\u062d\\u0628\\u0627'\",\"name - '\\u0645\\u0631\\u062d\\u0628\\u0627'\"]}]","time_limit":"3","time_limit_minutes":"1","max_attempts":"3","passing_score":"60.00","shuffle_questions":"0","shuffle_answers":"0","show_results":"1","show_results_immediately":"1","active":"1","created_at":"2025-09-21 12:16:53","updated_at":"2025-09-21 12:19:41","course_title":"\u0648\u0635\u0641 \u0645\u062e\u062a\u0635\u0631  \u0643\u0648\u0631\u0633 \u062c\u0627\u0641\u0627 \u0633\u0643\u0631\u064a\u0628\u062a"}
2025-09-21 15:18:08 COURSES_CONTROLLER DEBUG - currentItem: {"id":"2","unit_id":"1","unit_name":"\u0627\u0633\u0645 \u0627\u0644\u0648\u062d\u062f\u0629 *","item_type":"quiz","title":"tert","description":"\u0644\u0627 \u064a\u0648\u062c\u062f \u0648\u0635\u0641","item_id":"","duration":0,"thumbnail":"","metadata":{"quiz_id":"1"},"quiz_details":null,"page_details":null,"is_preview":false}
2025-09-21 15:18:08 COURSES_CONTROLLER DEBUG - requestedItemId: 2
2025-09-21 15:18:08 COURSES_CONTROLLER DEBUG - flatItems count: 7
2025-09-21 15:18:08 COURSE_VIEW DEBUG - current_item: {"id":"2","unit_id":"1","unit_name":"\u0627\u0633\u0645 \u0627\u0644\u0648\u062d\u062f\u0629 *","item_type":"quiz","title":"tert","description":"\u0644\u0627 \u064a\u0648\u062c\u062f \u0648\u0635\u0641","item_id":"","duration":0,"thumbnail":"","metadata":{"quiz_id":"1"},"quiz_details":null,"page_details":null,"is_preview":false}
2025-09-21 15:18:08 COURSE_VIEW DEBUG - current_id: 2
2025-09-21 15:18:08 COURSE_VIEW DEBUG - course_id: 1
2025-09-21 15:18:32 SWITCH CASE DEBUG - ENTERING IF BLOCK
2025-09-21 15:18:32 SWITCH CASE DEBUG - item_type: video
2025-09-21 15:18:32 SWITCH CASE DEBUG - metadata: {"video_id":"7a461808-1048-4d73-afdd-985bb3c131cd","file_size":154202982,"video_title":"\u0645\u0627 \u0647\u0648 \u0627\u062e\u062a\u0628\u0627\u0631 TOFAS .mkv","collection_id":"6d877b87-0faf-4841-b82f-b00e01a6c4ec","video_quality":"2060x1080","video_duration":533,"video_thumbnail":"https:\/\/vz-495222.b-cdn.net\/7a461808-1048-4d73-afdd-985bb3c131cd\/thumbnail.jpg","video_library_id":""}
2025-09-21 15:18:32 SWITCH CASE DEBUG - ABOUT TO ENTER SWITCH
2025-09-21 15:18:32 SWITCH CASE DEBUG - ENTERED VIDEO CASE
2025-09-21 15:18:32 COURSES_CONTROLLER DEBUG - quizData: null
2025-09-21 15:18:32 COURSES_CONTROLLER DEBUG - currentItem: {"id":"1","unit_id":"1","unit_name":"\u0627\u0633\u0645 \u0627\u0644\u0648\u062d\u062f\u0629 *","item_type":"video","title":"\u0645\u0627 \u0647\u0648 \u0627\u062e\u062a\u0628\u0627\u0631 TOFAS .mkv","description":"","item_id":"","duration":533,"thumbnail":"https:\/\/vz-495222.b-cdn.net\/7a461808-1048-4d73-afdd-985bb3c131cd\/thumbnail.jpg","metadata":{"video_id":"7a461808-1048-4d73-afdd-985bb3c131cd","file_size":154202982,"video_title":"\u0645\u0627 \u0647\u0648 \u0627\u062e\u062a\u0628\u0627\u0631 TOFAS .mkv","collection_id":"6d877b87-0faf-4841-b82f-b00e01a6c4ec","video_quality":"2060x1080","video_duration":533,"video_thumbnail":"https:\/\/vz-495222.b-cdn.net\/7a461808-1048-4d73-afdd-985bb3c131cd\/thumbnail.jpg","video_library_id":""},"quiz_details":null,"page_details":null,"is_preview":false}
2025-09-21 15:18:32 COURSES_CONTROLLER DEBUG - requestedItemId: 1
2025-09-21 15:18:32 COURSES_CONTROLLER DEBUG - flatItems count: 7
2025-09-21 15:18:32 COURSE_VIEW DEBUG - current_item: {"id":"1","unit_id":"1","unit_name":"\u0627\u0633\u0645 \u0627\u0644\u0648\u062d\u062f\u0629 *","item_type":"video","title":"\u0645\u0627 \u0647\u0648 \u0627\u062e\u062a\u0628\u0627\u0631 TOFAS .mkv","description":"","item_id":"","duration":533,"thumbnail":"https:\/\/vz-495222.b-cdn.net\/7a461808-1048-4d73-afdd-985bb3c131cd\/thumbnail.jpg","metadata":{"video_id":"7a461808-1048-4d73-afdd-985bb3c131cd","file_size":154202982,"video_title":"\u0645\u0627 \u0647\u0648 \u0627\u062e\u062a\u0628\u0627\u0631 TOFAS .mkv","collection_id":"6d877b87-0faf-4841-b82f-b00e01a6c4ec","video_quality":"2060x1080","video_duration":533,"video_thumbnail":"https:\/\/vz-495222.b-cdn.net\/7a461808-1048-4d73-afdd-985bb3c131cd\/thumbnail.jpg","video_library_id":""},"quiz_details":null,"page_details":null,"is_preview":false}
2025-09-21 15:18:32 COURSE_VIEW DEBUG - current_id: 1
2025-09-21 15:18:32 COURSE_VIEW DEBUG - course_id: 1
2025-09-21 15:19:54 SWITCH CASE DEBUG - ENTERING IF BLOCK
2025-09-21 15:19:54 SWITCH CASE DEBUG - item_type: quiz
2025-09-21 15:19:54 SWITCH CASE DEBUG - metadata: {"quiz_id":"1"}
2025-09-21 15:19:54 SWITCH CASE DEBUG - ABOUT TO ENTER SWITCH
2025-09-21 15:19:54 SWITCH CASE DEBUG - ENTERED QUIZ CASE
2025-09-21 15:19:54 QUIZ LOADING DEBUG - quizId: 1
2025-09-21 15:19:54 QUIZ LOADING DEBUG - quizData result: {"id":"1","course_id":"1","quiz_title":"\u0627\u062e\u062a\u0628\u0627\u0631 JavaScript \u0644\u0644\u0645\u0628\u062a\u062f\u0626\u064a\u0646","quiz_desc":"\u0627\u062e\u062a\u0628\u0627\u0631 \u0633\u0647\u0644 \u062c\u062f\u0627\u064b \u0644\u062a\u0642\u064a\u064a\u0645 \u0627\u0644\u0645\u0639\u0631\u0641\u0629 \u0627\u0644\u0623\u0633\u0627\u0633\u064a\u0629 \u0641\u064a JavaScript","quiz_questions":"[{\"question_text\":\"\\u0645\\u0627 \\u0647\\u064a \\u0627\\u0644\\u0637\\u0631\\u064a\\u0642\\u0629 \\u0627\\u0644\\u0635\\u062d\\u064a\\u062d\\u0629 \\u0644\\u0643\\u062a\\u0627\\u0628\\u0629 \\u062a\\u0639\\u0644\\u064a\\u0642 \\u0641\\u064a JavaScript\\u061f\",\"question_type\":\"multiple_choice\",\"points\":\"1\",\"options\":[\"\\\/\\\/ \\u0647\\u0630\\u0627 \\u062a\\u0639\\u0644\\u064a\\u0642\",\"<!-- \\u0647\\u0630\\u0627 \\u062a\\u0639\\u0644\\u064a\\u0642 -->\",\"# \\u0647\\u0630\\u0627 \\u062a\\u0639\\u0644\\u064a\\u0642\",\"** \\u0647\\u0630\\u0627 \\u062a\\u0639\\u0644\\u064a\\u0642 **\"]},{\"question_text\":\"\\u0623\\u064a \\u0645\\u0646 \\u0647\\u0630\\u0647 \\u0627\\u0644\\u0643\\u0644\\u0645\\u0627\\u062a \\u0627\\u0644\\u0645\\u062d\\u062c\\u0648\\u0632\\u0629 \\u062a\\u064f\\u0633\\u062a\\u062e\\u062f\\u0645 \\u0644\\u0625\\u0639\\u0644\\u0627\\u0646 \\u0645\\u062a\\u063a\\u064a\\u0631 \\u0641\\u064a JavaScript\\u061f\",\"question_type\":\"multiple_choice\",\"points\":\"1\",\"options\":[\"variable\",\"var\",\"string\",\"declare\"]},{\"question_text\":\"\\u0645\\u0627 \\u0647\\u0648 \\u0627\\u0644\\u0646\\u0627\\u062a\\u062c \\u0645\\u0646 \\u0627\\u0644\\u0639\\u0645\\u0644\\u064a\\u0629 \\u0627\\u0644\\u062a\\u0627\\u0644\\u064a\\u0629: 5 + 3\\u061f\",\"question_type\":\"multiple_choice\",\"points\":\"1\",\"options\":[\"53\",\"8\",\"35\",\"15\"]},{\"question_text\":\"\\u0623\\u064a \\u0645\\u0646 \\u0647\\u0630\\u0647 \\u0627\\u0644\\u0637\\u0631\\u0642 \\u062a\\u064f\\u0633\\u062a\\u062e\\u062f\\u0645 \\u0644\\u0637\\u0628\\u0627\\u0639\\u0629 \\u0627\\u0644\\u0646\\u0635 \\u0641\\u064a \\u0648\\u062d\\u062f\\u0629 \\u0627\\u0644\\u062a\\u062d\\u0643\\u0645 (Console)\\u061f\",\"question_type\":\"multiple_choice\",\"points\":\"1\",\"options\":[\"print()\",\"console.log()\",\"write()\",\"display()\"]},{\"question_text\":\"\\u0645\\u0627 \\u0647\\u0648 \\u0646\\u0648\\u0639 \\u0627\\u0644\\u0628\\u064a\\u0627\\u0646\\u0627\\u062a \\u0644\\u0644\\u0642\\u064a\\u0645\\u0629 '\\u0645\\u0631\\u062d\\u0628\\u0627'\\u061f\",\"question_type\":\"multiple_choice\",\"points\":\"1\",\"options\":[\"number\",\"boolean\",\"string\",\"object\"]},{\"question_text\":\"\\u0623\\u064a \\u0645\\u0646 \\u0647\\u0630\\u0647 \\u0627\\u0644\\u0642\\u064a\\u0645 \\u062a\\u064f\\u0639\\u062a\\u0628\\u0631 true \\u0641\\u064a JavaScript\\u061f\",\"question_type\":\"multiple_choice\",\"points\":\"1\",\"options\":[\"0\",\"false\",\"null\",\"1\"]},{\"question_text\":\"\\u0645\\u0627 \\u0647\\u064a \\u0627\\u0644\\u0637\\u0631\\u064a\\u0642\\u0629 \\u0627\\u0644\\u0635\\u062d\\u064a\\u062d\\u0629 \\u0644\\u0625\\u0646\\u0634\\u0627\\u0621 \\u062f\\u0627\\u0644\\u0629 \\u0641\\u064a JavaScript\\u061f\",\"question_type\":\"multiple_choice\",\"points\":\"1\",\"options\":[\"create function myFunction()\",\"function myFunction()\",\"def myFunction()\",\"func myFunction()\"]},{\"question_text\":\"\\u0623\\u064a \\u0645\\u0646 \\u0647\\u0630\\u0647 \\u0627\\u0644\\u0639\\u0644\\u0627\\u0645\\u0627\\u062a \\u062a\\u064f\\u0633\\u062a\\u062e\\u062f\\u0645 \\u0644\\u0625\\u0646\\u0647\\u0627\\u0621 \\u0627\\u0644\\u0633\\u0637\\u0631 \\u0641\\u064a JavaScript\\u061f\",\"question_type\":\"multiple_choice\",\"points\":\"1\",\"options\":[\".\",\",\",\";\",\":\"]},{\"question_text\":\"\\u0645\\u0627 \\u0647\\u0648 \\u0627\\u0644\\u0646\\u0627\\u062a\\u062c \\u0645\\u0646 typeof 42\\u061f\",\"question_type\":\"multiple_choice\",\"points\":\"1\",\"options\":[\"string\",\"number\",\"integer\",\"digit\"]},{\"question_text\":\"\\u0623\\u064a \\u0645\\u0646 \\u0647\\u0630\\u0647 \\u0627\\u0644\\u0637\\u0631\\u0642 \\u062a\\u064f\\u0633\\u062a\\u062e\\u062f\\u0645 \\u0644\\u0631\\u0628\\u0637 \\u0646\\u0635 \\u0645\\u0639 \\u0645\\u062a\\u063a\\u064a\\u0631\\u061f\",\"question_type\":\"multiple_choice\",\"points\":\"1\",\"options\":[\"name + '\\u0645\\u0631\\u062d\\u0628\\u0627'\",\"name & '\\u0645\\u0631\\u062d\\u0628\\u0627'\",\"name * '\\u0645\\u0631\\u062d\\u0628\\u0627'\",\"name - '\\u0645\\u0631\\u062d\\u0628\\u0627'\"]}]","time_limit":"3","time_limit_minutes":"1","max_attempts":"3","passing_score":"60.00","shuffle_questions":"0","shuffle_answers":"0","show_results":"1","show_results_immediately":"1","active":"1","created_at":"2025-09-21 12:16:53","updated_at":"2025-09-21 12:19:41","course_title":"\u0648\u0635\u0641 \u0645\u062e\u062a\u0635\u0631  \u0643\u0648\u0631\u0633 \u062c\u0627\u0641\u0627 \u0633\u0643\u0631\u064a\u0628\u062a"}
2025-09-21 15:19:54 COURSES_CONTROLLER DEBUG - quizData: {"id":"1","course_id":"1","quiz_title":"\u0627\u062e\u062a\u0628\u0627\u0631 JavaScript \u0644\u0644\u0645\u0628\u062a\u062f\u0626\u064a\u0646","quiz_desc":"\u0627\u062e\u062a\u0628\u0627\u0631 \u0633\u0647\u0644 \u062c\u062f\u0627\u064b \u0644\u062a\u0642\u064a\u064a\u0645 \u0627\u0644\u0645\u0639\u0631\u0641\u0629 \u0627\u0644\u0623\u0633\u0627\u0633\u064a\u0629 \u0641\u064a JavaScript","quiz_questions":"[{\"question_text\":\"\\u0645\\u0627 \\u0647\\u064a \\u0627\\u0644\\u0637\\u0631\\u064a\\u0642\\u0629 \\u0627\\u0644\\u0635\\u062d\\u064a\\u062d\\u0629 \\u0644\\u0643\\u062a\\u0627\\u0628\\u0629 \\u062a\\u0639\\u0644\\u064a\\u0642 \\u0641\\u064a JavaScript\\u061f\",\"question_type\":\"multiple_choice\",\"points\":\"1\",\"options\":[\"\\\/\\\/ \\u0647\\u0630\\u0627 \\u062a\\u0639\\u0644\\u064a\\u0642\",\"<!-- \\u0647\\u0630\\u0627 \\u062a\\u0639\\u0644\\u064a\\u0642 -->\",\"# \\u0647\\u0630\\u0627 \\u062a\\u0639\\u0644\\u064a\\u0642\",\"** \\u0647\\u0630\\u0627 \\u062a\\u0639\\u0644\\u064a\\u0642 **\"]},{\"question_text\":\"\\u0623\\u064a \\u0645\\u0646 \\u0647\\u0630\\u0647 \\u0627\\u0644\\u0643\\u0644\\u0645\\u0627\\u062a \\u0627\\u0644\\u0645\\u062d\\u062c\\u0648\\u0632\\u0629 \\u062a\\u064f\\u0633\\u062a\\u062e\\u062f\\u0645 \\u0644\\u0625\\u0639\\u0644\\u0627\\u0646 \\u0645\\u062a\\u063a\\u064a\\u0631 \\u0641\\u064a JavaScript\\u061f\",\"question_type\":\"multiple_choice\",\"points\":\"1\",\"options\":[\"variable\",\"var\",\"string\",\"declare\"]},{\"question_text\":\"\\u0645\\u0627 \\u0647\\u0648 \\u0627\\u0644\\u0646\\u0627\\u062a\\u062c \\u0645\\u0646 \\u0627\\u0644\\u0639\\u0645\\u0644\\u064a\\u0629 \\u0627\\u0644\\u062a\\u0627\\u0644\\u064a\\u0629: 5 + 3\\u061f\",\"question_type\":\"multiple_choice\",\"points\":\"1\",\"options\":[\"53\",\"8\",\"35\",\"15\"]},{\"question_text\":\"\\u0623\\u064a \\u0645\\u0646 \\u0647\\u0630\\u0647 \\u0627\\u0644\\u0637\\u0631\\u0642 \\u062a\\u064f\\u0633\\u062a\\u062e\\u062f\\u0645 \\u0644\\u0637\\u0628\\u0627\\u0639\\u0629 \\u0627\\u0644\\u0646\\u0635 \\u0641\\u064a \\u0648\\u062d\\u062f\\u0629 \\u0627\\u0644\\u062a\\u062d\\u0643\\u0645 (Console)\\u061f\",\"question_type\":\"multiple_choice\",\"points\":\"1\",\"options\":[\"print()\",\"console.log()\",\"write()\",\"display()\"]},{\"question_text\":\"\\u0645\\u0627 \\u0647\\u0648 \\u0646\\u0648\\u0639 \\u0627\\u0644\\u0628\\u064a\\u0627\\u0646\\u0627\\u062a \\u0644\\u0644\\u0642\\u064a\\u0645\\u0629 '\\u0645\\u0631\\u062d\\u0628\\u0627'\\u061f\",\"question_type\":\"multiple_choice\",\"points\":\"1\",\"options\":[\"number\",\"boolean\",\"string\",\"object\"]},{\"question_text\":\"\\u0623\\u064a \\u0645\\u0646 \\u0647\\u0630\\u0647 \\u0627\\u0644\\u0642\\u064a\\u0645 \\u062a\\u064f\\u0639\\u062a\\u0628\\u0631 true \\u0641\\u064a JavaScript\\u061f\",\"question_type\":\"multiple_choice\",\"points\":\"1\",\"options\":[\"0\",\"false\",\"null\",\"1\"]},{\"question_text\":\"\\u0645\\u0627 \\u0647\\u064a \\u0627\\u0644\\u0637\\u0631\\u064a\\u0642\\u0629 \\u0627\\u0644\\u0635\\u062d\\u064a\\u062d\\u0629 \\u0644\\u0625\\u0646\\u0634\\u0627\\u0621 \\u062f\\u0627\\u0644\\u0629 \\u0641\\u064a JavaScript\\u061f\",\"question_type\":\"multiple_choice\",\"points\":\"1\",\"options\":[\"create function myFunction()\",\"function myFunction()\",\"def myFunction()\",\"func myFunction()\"]},{\"question_text\":\"\\u0623\\u064a \\u0645\\u0646 \\u0647\\u0630\\u0647 \\u0627\\u0644\\u0639\\u0644\\u0627\\u0645\\u0627\\u062a \\u062a\\u064f\\u0633\\u062a\\u062e\\u062f\\u0645 \\u0644\\u0625\\u0646\\u0647\\u0627\\u0621 \\u0627\\u0644\\u0633\\u0637\\u0631 \\u0641\\u064a JavaScript\\u061f\",\"question_type\":\"multiple_choice\",\"points\":\"1\",\"options\":[\".\",\",\",\";\",\":\"]},{\"question_text\":\"\\u0645\\u0627 \\u0647\\u0648 \\u0627\\u0644\\u0646\\u0627\\u062a\\u062c \\u0645\\u0646 typeof 42\\u061f\",\"question_type\":\"multiple_choice\",\"points\":\"1\",\"options\":[\"string\",\"number\",\"integer\",\"digit\"]},{\"question_text\":\"\\u0623\\u064a \\u0645\\u0646 \\u0647\\u0630\\u0647 \\u0627\\u0644\\u0637\\u0631\\u0642 \\u062a\\u064f\\u0633\\u062a\\u062e\\u062f\\u0645 \\u0644\\u0631\\u0628\\u0637 \\u0646\\u0635 \\u0645\\u0639 \\u0645\\u062a\\u063a\\u064a\\u0631\\u061f\",\"question_type\":\"multiple_choice\",\"points\":\"1\",\"options\":[\"name + '\\u0645\\u0631\\u062d\\u0628\\u0627'\",\"name & '\\u0645\\u0631\\u062d\\u0628\\u0627'\",\"name * '\\u0645\\u0631\\u062d\\u0628\\u0627'\",\"name - '\\u0645\\u0631\\u062d\\u0628\\u0627'\"]}]","time_limit":"3","time_limit_minutes":"1","max_attempts":"3","passing_score":"60.00","shuffle_questions":"0","shuffle_answers":"0","show_results":"1","show_results_immediately":"1","active":"1","created_at":"2025-09-21 12:16:53","updated_at":"2025-09-21 12:19:41","course_title":"\u0648\u0635\u0641 \u0645\u062e\u062a\u0635\u0631  \u0643\u0648\u0631\u0633 \u062c\u0627\u0641\u0627 \u0633\u0643\u0631\u064a\u0628\u062a"}
2025-09-21 15:19:54 COURSES_CONTROLLER DEBUG - currentItem: {"id":"2","unit_id":"1","unit_name":"\u0627\u0633\u0645 \u0627\u0644\u0648\u062d\u062f\u0629 *","item_type":"quiz","title":"tert","description":"\u0644\u0627 \u064a\u0648\u062c\u062f \u0648\u0635\u0641","item_id":"","duration":0,"thumbnail":"","metadata":{"quiz_id":"1"},"quiz_details":null,"page_details":null,"is_preview":false}
2025-09-21 15:19:54 COURSES_CONTROLLER DEBUG - requestedItemId: 2
2025-09-21 15:19:54 COURSES_CONTROLLER DEBUG - flatItems count: 7
2025-09-21 15:19:54 COURSE_VIEW DEBUG - current_item: {"id":"2","unit_id":"1","unit_name":"\u0627\u0633\u0645 \u0627\u0644\u0648\u062d\u062f\u0629 *","item_type":"quiz","title":"tert","description":"\u0644\u0627 \u064a\u0648\u062c\u062f \u0648\u0635\u0641","item_id":"","duration":0,"thumbnail":"","metadata":{"quiz_id":"1"},"quiz_details":null,"page_details":null,"is_preview":false}
2025-09-21 15:19:54 COURSE_VIEW DEBUG - current_id: 2
2025-09-21 15:19:54 COURSE_VIEW DEBUG - course_id: 1
2025-09-21 15:20:01 SWITCH CASE DEBUG - ENTERING IF BLOCK
2025-09-21 15:20:01 SWITCH CASE DEBUG - item_type: quiz
2025-09-21 15:20:01 SWITCH CASE DEBUG - metadata: {"quiz_id":"1"}
2025-09-21 15:20:01 SWITCH CASE DEBUG - ABOUT TO ENTER SWITCH
2025-09-21 15:20:01 SWITCH CASE DEBUG - ENTERED QUIZ CASE
2025-09-21 15:20:01 QUIZ LOADING DEBUG - quizId: 1
2025-09-21 15:20:01 QUIZ LOADING DEBUG - quizData result: {"id":"1","course_id":"1","quiz_title":"\u0627\u062e\u062a\u0628\u0627\u0631 JavaScript \u0644\u0644\u0645\u0628\u062a\u062f\u0626\u064a\u0646","quiz_desc":"\u0627\u062e\u062a\u0628\u0627\u0631 \u0633\u0647\u0644 \u062c\u062f\u0627\u064b \u0644\u062a\u0642\u064a\u064a\u0645 \u0627\u0644\u0645\u0639\u0631\u0641\u0629 \u0627\u0644\u0623\u0633\u0627\u0633\u064a\u0629 \u0641\u064a JavaScript","quiz_questions":"[{\"question_text\":\"\\u0645\\u0627 \\u0647\\u064a \\u0627\\u0644\\u0637\\u0631\\u064a\\u0642\\u0629 \\u0627\\u0644\\u0635\\u062d\\u064a\\u062d\\u0629 \\u0644\\u0643\\u062a\\u0627\\u0628\\u0629 \\u062a\\u0639\\u0644\\u064a\\u0642 \\u0641\\u064a JavaScript\\u061f\",\"question_type\":\"multiple_choice\",\"points\":\"1\",\"options\":[\"\\\/\\\/ \\u0647\\u0630\\u0627 \\u062a\\u0639\\u0644\\u064a\\u0642\",\"<!-- \\u0647\\u0630\\u0627 \\u062a\\u0639\\u0644\\u064a\\u0642 -->\",\"# \\u0647\\u0630\\u0627 \\u062a\\u0639\\u0644\\u064a\\u0642\",\"** \\u0647\\u0630\\u0627 \\u062a\\u0639\\u0644\\u064a\\u0642 **\"]},{\"question_text\":\"\\u0623\\u064a \\u0645\\u0646 \\u0647\\u0630\\u0647 \\u0627\\u0644\\u0643\\u0644\\u0645\\u0627\\u062a \\u0627\\u0644\\u0645\\u062d\\u062c\\u0648\\u0632\\u0629 \\u062a\\u064f\\u0633\\u062a\\u062e\\u062f\\u0645 \\u0644\\u0625\\u0639\\u0644\\u0627\\u0646 \\u0645\\u062a\\u063a\\u064a\\u0631 \\u0641\\u064a JavaScript\\u061f\",\"question_type\":\"multiple_choice\",\"points\":\"1\",\"options\":[\"variable\",\"var\",\"string\",\"declare\"]},{\"question_text\":\"\\u0645\\u0627 \\u0647\\u0648 \\u0627\\u0644\\u0646\\u0627\\u062a\\u062c \\u0645\\u0646 \\u0627\\u0644\\u0639\\u0645\\u0644\\u064a\\u0629 \\u0627\\u0644\\u062a\\u0627\\u0644\\u064a\\u0629: 5 + 3\\u061f\",\"question_type\":\"multiple_choice\",\"points\":\"1\",\"options\":[\"53\",\"8\",\"35\",\"15\"]},{\"question_text\":\"\\u0623\\u064a \\u0645\\u0646 \\u0647\\u0630\\u0647 \\u0627\\u0644\\u0637\\u0631\\u0642 \\u062a\\u064f\\u0633\\u062a\\u062e\\u062f\\u0645 \\u0644\\u0637\\u0628\\u0627\\u0639\\u0629 \\u0627\\u0644\\u0646\\u0635 \\u0641\\u064a \\u0648\\u062d\\u062f\\u0629 \\u0627\\u0644\\u062a\\u062d\\u0643\\u0645 (Console)\\u061f\",\"question_type\":\"multiple_choice\",\"points\":\"1\",\"options\":[\"print()\",\"console.log()\",\"write()\",\"display()\"]},{\"question_text\":\"\\u0645\\u0627 \\u0647\\u0648 \\u0646\\u0648\\u0639 \\u0627\\u0644\\u0628\\u064a\\u0627\\u0646\\u0627\\u062a \\u0644\\u0644\\u0642\\u064a\\u0645\\u0629 '\\u0645\\u0631\\u062d\\u0628\\u0627'\\u061f\",\"question_type\":\"multiple_choice\",\"points\":\"1\",\"options\":[\"number\",\"boolean\",\"string\",\"object\"]},{\"question_text\":\"\\u0623\\u064a \\u0645\\u0646 \\u0647\\u0630\\u0647 \\u0627\\u0644\\u0642\\u064a\\u0645 \\u062a\\u064f\\u0639\\u062a\\u0628\\u0631 true \\u0641\\u064a JavaScript\\u061f\",\"question_type\":\"multiple_choice\",\"points\":\"1\",\"options\":[\"0\",\"false\",\"null\",\"1\"]},{\"question_text\":\"\\u0645\\u0627 \\u0647\\u064a \\u0627\\u0644\\u0637\\u0631\\u064a\\u0642\\u0629 \\u0627\\u0644\\u0635\\u062d\\u064a\\u062d\\u0629 \\u0644\\u0625\\u0646\\u0634\\u0627\\u0621 \\u062f\\u0627\\u0644\\u0629 \\u0641\\u064a JavaScript\\u061f\",\"question_type\":\"multiple_choice\",\"points\":\"1\",\"options\":[\"create function myFunction()\",\"function myFunction()\",\"def myFunction()\",\"func myFunction()\"]},{\"question_text\":\"\\u0623\\u064a \\u0645\\u0646 \\u0647\\u0630\\u0647 \\u0627\\u0644\\u0639\\u0644\\u0627\\u0645\\u0627\\u062a \\u062a\\u064f\\u0633\\u062a\\u062e\\u062f\\u0645 \\u0644\\u0625\\u0646\\u0647\\u0627\\u0621 \\u0627\\u0644\\u0633\\u0637\\u0631 \\u0641\\u064a JavaScript\\u061f\",\"question_type\":\"multiple_choice\",\"points\":\"1\",\"options\":[\".\",\",\",\";\",\":\"]},{\"question_text\":\"\\u0645\\u0627 \\u0647\\u0648 \\u0627\\u0644\\u0646\\u0627\\u062a\\u062c \\u0645\\u0646 typeof 42\\u061f\",\"question_type\":\"multiple_choice\",\"points\":\"1\",\"options\":[\"string\",\"number\",\"integer\",\"digit\"]},{\"question_text\":\"\\u0623\\u064a \\u0645\\u0646 \\u0647\\u0630\\u0647 \\u0627\\u0644\\u0637\\u0631\\u0642 \\u062a\\u064f\\u0633\\u062a\\u062e\\u062f\\u0645 \\u0644\\u0631\\u0628\\u0637 \\u0646\\u0635 \\u0645\\u0639 \\u0645\\u062a\\u063a\\u064a\\u0631\\u061f\",\"question_type\":\"multiple_choice\",\"points\":\"1\",\"options\":[\"name + '\\u0645\\u0631\\u062d\\u0628\\u0627'\",\"name & '\\u0645\\u0631\\u062d\\u0628\\u0627'\",\"name * '\\u0645\\u0631\\u062d\\u0628\\u0627'\",\"name - '\\u0645\\u0631\\u062d\\u0628\\u0627'\"]}]","time_limit":"3","time_limit_minutes":"1","max_attempts":"3","passing_score":"60.00","shuffle_questions":"0","shuffle_answers":"0","show_results":"1","show_results_immediately":"1","active":"1","created_at":"2025-09-21 12:16:53","updated_at":"2025-09-21 12:19:41","course_title":"\u0648\u0635\u0641 \u0645\u062e\u062a\u0635\u0631  \u0643\u0648\u0631\u0633 \u062c\u0627\u0641\u0627 \u0633\u0643\u0631\u064a\u0628\u062a"}
2025-09-21 15:20:01 COURSES_CONTROLLER DEBUG - quizData: {"id":"1","course_id":"1","quiz_title":"\u0627\u062e\u062a\u0628\u0627\u0631 JavaScript \u0644\u0644\u0645\u0628\u062a\u062f\u0626\u064a\u0646","quiz_desc":"\u0627\u062e\u062a\u0628\u0627\u0631 \u0633\u0647\u0644 \u062c\u062f\u0627\u064b \u0644\u062a\u0642\u064a\u064a\u0645 \u0627\u0644\u0645\u0639\u0631\u0641\u0629 \u0627\u0644\u0623\u0633\u0627\u0633\u064a\u0629 \u0641\u064a JavaScript","quiz_questions":"[{\"question_text\":\"\\u0645\\u0627 \\u0647\\u064a \\u0627\\u0644\\u0637\\u0631\\u064a\\u0642\\u0629 \\u0627\\u0644\\u0635\\u062d\\u064a\\u062d\\u0629 \\u0644\\u0643\\u062a\\u0627\\u0628\\u0629 \\u062a\\u0639\\u0644\\u064a\\u0642 \\u0641\\u064a JavaScript\\u061f\",\"question_type\":\"multiple_choice\",\"points\":\"1\",\"options\":[\"\\\/\\\/ \\u0647\\u0630\\u0627 \\u062a\\u0639\\u0644\\u064a\\u0642\",\"<!-- \\u0647\\u0630\\u0627 \\u062a\\u0639\\u0644\\u064a\\u0642 -->\",\"# \\u0647\\u0630\\u0627 \\u062a\\u0639\\u0644\\u064a\\u0642\",\"** \\u0647\\u0630\\u0627 \\u062a\\u0639\\u0644\\u064a\\u0642 **\"]},{\"question_text\":\"\\u0623\\u064a \\u0645\\u0646 \\u0647\\u0630\\u0647 \\u0627\\u0644\\u0643\\u0644\\u0645\\u0627\\u062a \\u0627\\u0644\\u0645\\u062d\\u062c\\u0648\\u0632\\u0629 \\u062a\\u064f\\u0633\\u062a\\u062e\\u062f\\u0645 \\u0644\\u0625\\u0639\\u0644\\u0627\\u0646 \\u0645\\u062a\\u063a\\u064a\\u0631 \\u0641\\u064a JavaScript\\u061f\",\"question_type\":\"multiple_choice\",\"points\":\"1\",\"options\":[\"variable\",\"var\",\"string\",\"declare\"]},{\"question_text\":\"\\u0645\\u0627 \\u0647\\u0648 \\u0627\\u0644\\u0646\\u0627\\u062a\\u062c \\u0645\\u0646 \\u0627\\u0644\\u0639\\u0645\\u0644\\u064a\\u0629 \\u0627\\u0644\\u062a\\u0627\\u0644\\u064a\\u0629: 5 + 3\\u061f\",\"question_type\":\"multiple_choice\",\"points\":\"1\",\"options\":[\"53\",\"8\",\"35\",\"15\"]},{\"question_text\":\"\\u0623\\u064a \\u0645\\u0646 \\u0647\\u0630\\u0647 \\u0627\\u0644\\u0637\\u0631\\u0642 \\u062a\\u064f\\u0633\\u062a\\u062e\\u062f\\u0645 \\u0644\\u0637\\u0628\\u0627\\u0639\\u0629 \\u0627\\u0644\\u0646\\u0635 \\u0641\\u064a \\u0648\\u062d\\u062f\\u0629 \\u0627\\u0644\\u062a\\u062d\\u0643\\u0645 (Console)\\u061f\",\"question_type\":\"multiple_choice\",\"points\":\"1\",\"options\":[\"print()\",\"console.log()\",\"write()\",\"display()\"]},{\"question_text\":\"\\u0645\\u0627 \\u0647\\u0648 \\u0646\\u0648\\u0639 \\u0627\\u0644\\u0628\\u064a\\u0627\\u0646\\u0627\\u062a \\u0644\\u0644\\u0642\\u064a\\u0645\\u0629 '\\u0645\\u0631\\u062d\\u0628\\u0627'\\u061f\",\"question_type\":\"multiple_choice\",\"points\":\"1\",\"options\":[\"number\",\"boolean\",\"string\",\"object\"]},{\"question_text\":\"\\u0623\\u064a \\u0645\\u0646 \\u0647\\u0630\\u0647 \\u0627\\u0644\\u0642\\u064a\\u0645 \\u062a\\u064f\\u0639\\u062a\\u0628\\u0631 true \\u0641\\u064a JavaScript\\u061f\",\"question_type\":\"multiple_choice\",\"points\":\"1\",\"options\":[\"0\",\"false\",\"null\",\"1\"]},{\"question_text\":\"\\u0645\\u0627 \\u0647\\u064a \\u0627\\u0644\\u0637\\u0631\\u064a\\u0642\\u0629 \\u0627\\u0644\\u0635\\u062d\\u064a\\u062d\\u0629 \\u0644\\u0625\\u0646\\u0634\\u0627\\u0621 \\u062f\\u0627\\u0644\\u0629 \\u0641\\u064a JavaScript\\u061f\",\"question_type\":\"multiple_choice\",\"points\":\"1\",\"options\":[\"create function myFunction()\",\"function myFunction()\",\"def myFunction()\",\"func myFunction()\"]},{\"question_text\":\"\\u0623\\u064a \\u0645\\u0646 \\u0647\\u0630\\u0647 \\u0627\\u0644\\u0639\\u0644\\u0627\\u0645\\u0627\\u062a \\u062a\\u064f\\u0633\\u062a\\u062e\\u062f\\u0645 \\u0644\\u0625\\u0646\\u0647\\u0627\\u0621 \\u0627\\u0644\\u0633\\u0637\\u0631 \\u0641\\u064a JavaScript\\u061f\",\"question_type\":\"multiple_choice\",\"points\":\"1\",\"options\":[\".\",\",\",\";\",\":\"]},{\"question_text\":\"\\u0645\\u0627 \\u0647\\u0648 \\u0627\\u0644\\u0646\\u0627\\u062a\\u062c \\u0645\\u0646 typeof 42\\u061f\",\"question_type\":\"multiple_choice\",\"points\":\"1\",\"options\":[\"string\",\"number\",\"integer\",\"digit\"]},{\"question_text\":\"\\u0623\\u064a \\u0645\\u0646 \\u0647\\u0630\\u0647 \\u0627\\u0644\\u0637\\u0631\\u0642 \\u062a\\u064f\\u0633\\u062a\\u062e\\u062f\\u0645 \\u0644\\u0631\\u0628\\u0637 \\u0646\\u0635 \\u0645\\u0639 \\u0645\\u062a\\u063a\\u064a\\u0631\\u061f\",\"question_type\":\"multiple_choice\",\"points\":\"1\",\"options\":[\"name + '\\u0645\\u0631\\u062d\\u0628\\u0627'\",\"name & '\\u0645\\u0631\\u062d\\u0628\\u0627'\",\"name * '\\u0645\\u0631\\u062d\\u0628\\u0627'\",\"name - '\\u0645\\u0631\\u062d\\u0628\\u0627'\"]}]","time_limit":"3","time_limit_minutes":"1","max_attempts":"3","passing_score":"60.00","shuffle_questions":"0","shuffle_answers":"0","show_results":"1","show_results_immediately":"1","active":"1","created_at":"2025-09-21 12:16:53","updated_at":"2025-09-21 12:19:41","course_title":"\u0648\u0635\u0641 \u0645\u062e\u062a\u0635\u0631  \u0643\u0648\u0631\u0633 \u062c\u0627\u0641\u0627 \u0633\u0643\u0631\u064a\u0628\u062a"}
2025-09-21 15:20:01 COURSES_CONTROLLER DEBUG - currentItem: {"id":"2","unit_id":"1","unit_name":"\u0627\u0633\u0645 \u0627\u0644\u0648\u062d\u062f\u0629 *","item_type":"quiz","title":"tert","description":"\u0644\u0627 \u064a\u0648\u062c\u062f \u0648\u0635\u0641","item_id":"","duration":0,"thumbnail":"","metadata":{"quiz_id":"1"},"quiz_details":null,"page_details":null,"is_preview":false}
2025-09-21 15:20:01 COURSES_CONTROLLER DEBUG - requestedItemId: 2
2025-09-21 15:20:01 COURSES_CONTROLLER DEBUG - flatItems count: 7
2025-09-21 15:20:01 COURSE_VIEW DEBUG - current_item: {"id":"2","unit_id":"1","unit_name":"\u0627\u0633\u0645 \u0627\u0644\u0648\u062d\u062f\u0629 *","item_type":"quiz","title":"tert","description":"\u0644\u0627 \u064a\u0648\u062c\u062f \u0648\u0635\u0641","item_id":"","duration":0,"thumbnail":"","metadata":{"quiz_id":"1"},"quiz_details":null,"page_details":null,"is_preview":false}
2025-09-21 15:20:01 COURSE_VIEW DEBUG - current_id: 2
2025-09-21 15:20:01 COURSE_VIEW DEBUG - course_id: 1
2025-09-21 15:20:19 SWITCH CASE DEBUG - ENTERING IF BLOCK
2025-09-21 15:20:19 SWITCH CASE DEBUG - item_type: quiz
2025-09-21 15:20:19 SWITCH CASE DEBUG - metadata: {"quiz_id":"1"}
2025-09-21 15:20:19 SWITCH CASE DEBUG - ABOUT TO ENTER SWITCH
2025-09-21 15:20:19 SWITCH CASE DEBUG - ENTERED QUIZ CASE
2025-09-21 15:20:19 QUIZ LOADING DEBUG - quizId: 1
2025-09-21 15:20:19 QUIZ LOADING DEBUG - quizData result: {"id":"1","course_id":"1","quiz_title":"\u0627\u062e\u062a\u0628\u0627\u0631 JavaScript \u0644\u0644\u0645\u0628\u062a\u062f\u0626\u064a\u0646","quiz_desc":"\u0627\u062e\u062a\u0628\u0627\u0631 \u0633\u0647\u0644 \u062c\u062f\u0627\u064b \u0644\u062a\u0642\u064a\u064a\u0645 \u0627\u0644\u0645\u0639\u0631\u0641\u0629 \u0627\u0644\u0623\u0633\u0627\u0633\u064a\u0629 \u0641\u064a JavaScript","quiz_questions":"[{\"question_text\":\"\\u0645\\u0627 \\u0647\\u064a \\u0627\\u0644\\u0637\\u0631\\u064a\\u0642\\u0629 \\u0627\\u0644\\u0635\\u062d\\u064a\\u062d\\u0629 \\u0644\\u0643\\u062a\\u0627\\u0628\\u0629 \\u062a\\u0639\\u0644\\u064a\\u0642 \\u0641\\u064a JavaScript\\u061f\",\"question_type\":\"multiple_choice\",\"points\":\"1\",\"options\":[\"\\\/\\\/ \\u0647\\u0630\\u0627 \\u062a\\u0639\\u0644\\u064a\\u0642\",\"<!-- \\u0647\\u0630\\u0627 \\u062a\\u0639\\u0644\\u064a\\u0642 -->\",\"# \\u0647\\u0630\\u0627 \\u062a\\u0639\\u0644\\u064a\\u0642\",\"** \\u0647\\u0630\\u0627 \\u062a\\u0639\\u0644\\u064a\\u0642 **\"]},{\"question_text\":\"\\u0623\\u064a \\u0645\\u0646 \\u0647\\u0630\\u0647 \\u0627\\u0644\\u0643\\u0644\\u0645\\u0627\\u062a \\u0627\\u0644\\u0645\\u062d\\u062c\\u0648\\u0632\\u0629 \\u062a\\u064f\\u0633\\u062a\\u062e\\u062f\\u0645 \\u0644\\u0625\\u0639\\u0644\\u0627\\u0646 \\u0645\\u062a\\u063a\\u064a\\u0631 \\u0641\\u064a JavaScript\\u061f\",\"question_type\":\"multiple_choice\",\"points\":\"1\",\"options\":[\"variable\",\"var\",\"string\",\"declare\"]},{\"question_text\":\"\\u0645\\u0627 \\u0647\\u0648 \\u0627\\u0644\\u0646\\u0627\\u062a\\u062c \\u0645\\u0646 \\u0627\\u0644\\u0639\\u0645\\u0644\\u064a\\u0629 \\u0627\\u0644\\u062a\\u0627\\u0644\\u064a\\u0629: 5 + 3\\u061f\",\"question_type\":\"multiple_choice\",\"points\":\"1\",\"options\":[\"53\",\"8\",\"35\",\"15\"]},{\"question_text\":\"\\u0623\\u064a \\u0645\\u0646 \\u0647\\u0630\\u0647 \\u0627\\u0644\\u0637\\u0631\\u0642 \\u062a\\u064f\\u0633\\u062a\\u062e\\u062f\\u0645 \\u0644\\u0637\\u0628\\u0627\\u0639\\u0629 \\u0627\\u0644\\u0646\\u0635 \\u0641\\u064a \\u0648\\u062d\\u062f\\u0629 \\u0627\\u0644\\u062a\\u062d\\u0643\\u0645 (Console)\\u061f\",\"question_type\":\"multiple_choice\",\"points\":\"1\",\"options\":[\"print()\",\"console.log()\",\"write()\",\"display()\"]},{\"question_text\":\"\\u0645\\u0627 \\u0647\\u0648 \\u0646\\u0648\\u0639 \\u0627\\u0644\\u0628\\u064a\\u0627\\u0646\\u0627\\u062a \\u0644\\u0644\\u0642\\u064a\\u0645\\u0629 '\\u0645\\u0631\\u062d\\u0628\\u0627'\\u061f\",\"question_type\":\"multiple_choice\",\"points\":\"1\",\"options\":[\"number\",\"boolean\",\"string\",\"object\"]},{\"question_text\":\"\\u0623\\u064a \\u0645\\u0646 \\u0647\\u0630\\u0647 \\u0627\\u0644\\u0642\\u064a\\u0645 \\u062a\\u064f\\u0639\\u062a\\u0628\\u0631 true \\u0641\\u064a JavaScript\\u061f\",\"question_type\":\"multiple_choice\",\"points\":\"1\",\"options\":[\"0\",\"false\",\"null\",\"1\"]},{\"question_text\":\"\\u0645\\u0627 \\u0647\\u064a \\u0627\\u0644\\u0637\\u0631\\u064a\\u0642\\u0629 \\u0627\\u0644\\u0635\\u062d\\u064a\\u062d\\u0629 \\u0644\\u0625\\u0646\\u0634\\u0627\\u0621 \\u062f\\u0627\\u0644\\u0629 \\u0641\\u064a JavaScript\\u061f\",\"question_type\":\"multiple_choice\",\"points\":\"1\",\"options\":[\"create function myFunction()\",\"function myFunction()\",\"def myFunction()\",\"func myFunction()\"]},{\"question_text\":\"\\u0623\\u064a \\u0645\\u0646 \\u0647\\u0630\\u0647 \\u0627\\u0644\\u0639\\u0644\\u0627\\u0645\\u0627\\u062a \\u062a\\u064f\\u0633\\u062a\\u062e\\u062f\\u0645 \\u0644\\u0625\\u0646\\u0647\\u0627\\u0621 \\u0627\\u0644\\u0633\\u0637\\u0631 \\u0641\\u064a JavaScript\\u061f\",\"question_type\":\"multiple_choice\",\"points\":\"1\",\"options\":[\".\",\",\",\";\",\":\"]},{\"question_text\":\"\\u0645\\u0627 \\u0647\\u0648 \\u0627\\u0644\\u0646\\u0627\\u062a\\u062c \\u0645\\u0646 typeof 42\\u061f\",\"question_type\":\"multiple_choice\",\"points\":\"1\",\"options\":[\"string\",\"number\",\"integer\",\"digit\"]},{\"question_text\":\"\\u0623\\u064a \\u0645\\u0646 \\u0647\\u0630\\u0647 \\u0627\\u0644\\u0637\\u0631\\u0642 \\u062a\\u064f\\u0633\\u062a\\u062e\\u062f\\u0645 \\u0644\\u0631\\u0628\\u0637 \\u0646\\u0635 \\u0645\\u0639 \\u0645\\u062a\\u063a\\u064a\\u0631\\u061f\",\"question_type\":\"multiple_choice\",\"points\":\"1\",\"options\":[\"name + '\\u0645\\u0631\\u062d\\u0628\\u0627'\",\"name & '\\u0645\\u0631\\u062d\\u0628\\u0627'\",\"name * '\\u0645\\u0631\\u062d\\u0628\\u0627'\",\"name - '\\u0645\\u0631\\u062d\\u0628\\u0627'\"]}]","time_limit":"3","time_limit_minutes":"1","max_attempts":"3","passing_score":"60.00","shuffle_questions":"0","shuffle_answers":"0","show_results":"1","show_results_immediately":"1","active":"1","created_at":"2025-09-21 12:16:53","updated_at":"2025-09-21 12:19:41","course_title":"\u0648\u0635\u0641 \u0645\u062e\u062a\u0635\u0631  \u0643\u0648\u0631\u0633 \u062c\u0627\u0641\u0627 \u0633\u0643\u0631\u064a\u0628\u062a"}
2025-09-21 15:20:19 COURSES_CONTROLLER DEBUG - quizData: {"id":"1","course_id":"1","quiz_title":"\u0627\u062e\u062a\u0628\u0627\u0631 JavaScript \u0644\u0644\u0645\u0628\u062a\u062f\u0626\u064a\u0646","quiz_desc":"\u0627\u062e\u062a\u0628\u0627\u0631 \u0633\u0647\u0644 \u062c\u062f\u0627\u064b \u0644\u062a\u0642\u064a\u064a\u0645 \u0627\u0644\u0645\u0639\u0631\u0641\u0629 \u0627\u0644\u0623\u0633\u0627\u0633\u064a\u0629 \u0641\u064a JavaScript","quiz_questions":"[{\"question_text\":\"\\u0645\\u0627 \\u0647\\u064a \\u0627\\u0644\\u0637\\u0631\\u064a\\u0642\\u0629 \\u0627\\u0644\\u0635\\u062d\\u064a\\u062d\\u0629 \\u0644\\u0643\\u062a\\u0627\\u0628\\u0629 \\u062a\\u0639\\u0644\\u064a\\u0642 \\u0641\\u064a JavaScript\\u061f\",\"question_type\":\"multiple_choice\",\"points\":\"1\",\"options\":[\"\\\/\\\/ \\u0647\\u0630\\u0627 \\u062a\\u0639\\u0644\\u064a\\u0642\",\"<!-- \\u0647\\u0630\\u0627 \\u062a\\u0639\\u0644\\u064a\\u0642 -->\",\"# \\u0647\\u0630\\u0627 \\u062a\\u0639\\u0644\\u064a\\u0642\",\"** \\u0647\\u0630\\u0627 \\u062a\\u0639\\u0644\\u064a\\u0642 **\"]},{\"question_text\":\"\\u0623\\u064a \\u0645\\u0646 \\u0647\\u0630\\u0647 \\u0627\\u0644\\u0643\\u0644\\u0645\\u0627\\u062a \\u0627\\u0644\\u0645\\u062d\\u062c\\u0648\\u0632\\u0629 \\u062a\\u064f\\u0633\\u062a\\u062e\\u062f\\u0645 \\u0644\\u0625\\u0639\\u0644\\u0627\\u0646 \\u0645\\u062a\\u063a\\u064a\\u0631 \\u0641\\u064a JavaScript\\u061f\",\"question_type\":\"multiple_choice\",\"points\":\"1\",\"options\":[\"variable\",\"var\",\"string\",\"declare\"]},{\"question_text\":\"\\u0645\\u0627 \\u0647\\u0648 \\u0627\\u0644\\u0646\\u0627\\u062a\\u062c \\u0645\\u0646 \\u0627\\u0644\\u0639\\u0645\\u0644\\u064a\\u0629 \\u0627\\u0644\\u062a\\u0627\\u0644\\u064a\\u0629: 5 + 3\\u061f\",\"question_type\":\"multiple_choice\",\"points\":\"1\",\"options\":[\"53\",\"8\",\"35\",\"15\"]},{\"question_text\":\"\\u0623\\u064a \\u0645\\u0646 \\u0647\\u0630\\u0647 \\u0627\\u0644\\u0637\\u0631\\u0642 \\u062a\\u064f\\u0633\\u062a\\u062e\\u062f\\u0645 \\u0644\\u0637\\u0628\\u0627\\u0639\\u0629 \\u0627\\u0644\\u0646\\u0635 \\u0641\\u064a \\u0648\\u062d\\u062f\\u0629 \\u0627\\u0644\\u062a\\u062d\\u0643\\u0645 (Console)\\u061f\",\"question_type\":\"multiple_choice\",\"points\":\"1\",\"options\":[\"print()\",\"console.log()\",\"write()\",\"display()\"]},{\"question_text\":\"\\u0645\\u0627 \\u0647\\u0648 \\u0646\\u0648\\u0639 \\u0627\\u0644\\u0628\\u064a\\u0627\\u0646\\u0627\\u062a \\u0644\\u0644\\u0642\\u064a\\u0645\\u0629 '\\u0645\\u0631\\u062d\\u0628\\u0627'\\u061f\",\"question_type\":\"multiple_choice\",\"points\":\"1\",\"options\":[\"number\",\"boolean\",\"string\",\"object\"]},{\"question_text\":\"\\u0623\\u064a \\u0645\\u0646 \\u0647\\u0630\\u0647 \\u0627\\u0644\\u0642\\u064a\\u0645 \\u062a\\u064f\\u0639\\u062a\\u0628\\u0631 true \\u0641\\u064a JavaScript\\u061f\",\"question_type\":\"multiple_choice\",\"points\":\"1\",\"options\":[\"0\",\"false\",\"null\",\"1\"]},{\"question_text\":\"\\u0645\\u0627 \\u0647\\u064a \\u0627\\u0644\\u0637\\u0631\\u064a\\u0642\\u0629 \\u0627\\u0644\\u0635\\u062d\\u064a\\u062d\\u0629 \\u0644\\u0625\\u0646\\u0634\\u0627\\u0621 \\u062f\\u0627\\u0644\\u0629 \\u0641\\u064a JavaScript\\u061f\",\"question_type\":\"multiple_choice\",\"points\":\"1\",\"options\":[\"create function myFunction()\",\"function myFunction()\",\"def myFunction()\",\"func myFunction()\"]},{\"question_text\":\"\\u0623\\u064a \\u0645\\u0646 \\u0647\\u0630\\u0647 \\u0627\\u0644\\u0639\\u0644\\u0627\\u0645\\u0627\\u062a \\u062a\\u064f\\u0633\\u062a\\u062e\\u062f\\u0645 \\u0644\\u0625\\u0646\\u0647\\u0627\\u0621 \\u0627\\u0644\\u0633\\u0637\\u0631 \\u0641\\u064a JavaScript\\u061f\",\"question_type\":\"multiple_choice\",\"points\":\"1\",\"options\":[\".\",\",\",\";\",\":\"]},{\"question_text\":\"\\u0645\\u0627 \\u0647\\u0648 \\u0627\\u0644\\u0646\\u0627\\u062a\\u062c \\u0645\\u0646 typeof 42\\u061f\",\"question_type\":\"multiple_choice\",\"points\":\"1\",\"options\":[\"string\",\"number\",\"integer\",\"digit\"]},{\"question_text\":\"\\u0623\\u064a \\u0645\\u0646 \\u0647\\u0630\\u0647 \\u0627\\u0644\\u0637\\u0631\\u0642 \\u062a\\u064f\\u0633\\u062a\\u062e\\u062f\\u0645 \\u0644\\u0631\\u0628\\u0637 \\u0646\\u0635 \\u0645\\u0639 \\u0645\\u062a\\u063a\\u064a\\u0631\\u061f\",\"question_type\":\"multiple_choice\",\"points\":\"1\",\"options\":[\"name + '\\u0645\\u0631\\u062d\\u0628\\u0627'\",\"name & '\\u0645\\u0631\\u062d\\u0628\\u0627'\",\"name * '\\u0645\\u0631\\u062d\\u0628\\u0627'\",\"name - '\\u0645\\u0631\\u062d\\u0628\\u0627'\"]}]","time_limit":"3","time_limit_minutes":"1","max_attempts":"3","passing_score":"60.00","shuffle_questions":"0","shuffle_answers":"0","show_results":"1","show_results_immediately":"1","active":"1","created_at":"2025-09-21 12:16:53","updated_at":"2025-09-21 12:19:41","course_title":"\u0648\u0635\u0641 \u0645\u062e\u062a\u0635\u0631  \u0643\u0648\u0631\u0633 \u062c\u0627\u0641\u0627 \u0633\u0643\u0631\u064a\u0628\u062a"}
2025-09-21 15:20:19 COURSES_CONTROLLER DEBUG - currentItem: {"id":"2","unit_id":"1","unit_name":"\u0627\u0633\u0645 \u0627\u0644\u0648\u062d\u062f\u0629 *","item_type":"quiz","title":"tert","description":"\u0644\u0627 \u064a\u0648\u062c\u062f \u0648\u0635\u0641","item_id":"","duration":0,"thumbnail":"","metadata":{"quiz_id":"1"},"quiz_details":null,"page_details":null,"is_preview":false}
2025-09-21 15:20:19 COURSES_CONTROLLER DEBUG - requestedItemId: 2
2025-09-21 15:20:19 COURSES_CONTROLLER DEBUG - flatItems count: 7
2025-09-21 15:20:19 COURSE_VIEW DEBUG - current_item: {"id":"2","unit_id":"1","unit_name":"\u0627\u0633\u0645 \u0627\u0644\u0648\u062d\u062f\u0629 *","item_type":"quiz","title":"tert","description":"\u0644\u0627 \u064a\u0648\u062c\u062f \u0648\u0635\u0641","item_id":"","duration":0,"thumbnail":"","metadata":{"quiz_id":"1"},"quiz_details":null,"page_details":null,"is_preview":false}
2025-09-21 15:20:19 COURSE_VIEW DEBUG - current_id: 2
2025-09-21 15:20:19 COURSE_VIEW DEBUG - course_id: 1
2025-09-21 15:21:10 SWITCH CASE DEBUG - ENTERING IF BLOCK
2025-09-21 15:21:10 SWITCH CASE DEBUG - item_type: quiz
2025-09-21 15:21:10 SWITCH CASE DEBUG - metadata: {"quiz_id":"1"}
2025-09-21 15:21:10 SWITCH CASE DEBUG - ABOUT TO ENTER SWITCH
2025-09-21 15:21:10 SWITCH CASE DEBUG - ENTERED QUIZ CASE
2025-09-21 15:21:10 QUIZ LOADING DEBUG - quizId: 1
2025-09-21 15:21:10 QUIZ LOADING DEBUG - quizData result: {"id":"1","course_id":"1","quiz_title":"\u0627\u062e\u062a\u0628\u0627\u0631 JavaScript \u0644\u0644\u0645\u0628\u062a\u062f\u0626\u064a\u0646","quiz_desc":"\u0627\u062e\u062a\u0628\u0627\u0631 \u0633\u0647\u0644 \u062c\u062f\u0627\u064b \u0644\u062a\u0642\u064a\u064a\u0645 \u0627\u0644\u0645\u0639\u0631\u0641\u0629 \u0627\u0644\u0623\u0633\u0627\u0633\u064a\u0629 \u0641\u064a JavaScript","quiz_questions":"[{\"question_text\":\"\\u0645\\u0627 \\u0647\\u064a \\u0627\\u0644\\u0637\\u0631\\u064a\\u0642\\u0629 \\u0627\\u0644\\u0635\\u062d\\u064a\\u062d\\u0629 \\u0644\\u0643\\u062a\\u0627\\u0628\\u0629 \\u062a\\u0639\\u0644\\u064a\\u0642 \\u0641\\u064a JavaScript\\u061f\",\"question_type\":\"multiple_choice\",\"points\":\"1\",\"options\":[\"\\\/\\\/ \\u0647\\u0630\\u0627 \\u062a\\u0639\\u0644\\u064a\\u0642\",\"<!-- \\u0647\\u0630\\u0627 \\u062a\\u0639\\u0644\\u064a\\u0642 -->\",\"# \\u0647\\u0630\\u0627 \\u062a\\u0639\\u0644\\u064a\\u0642\",\"** \\u0647\\u0630\\u0627 \\u062a\\u0639\\u0644\\u064a\\u0642 **\"]},{\"question_text\":\"\\u0623\\u064a \\u0645\\u0646 \\u0647\\u0630\\u0647 \\u0627\\u0644\\u0643\\u0644\\u0645\\u0627\\u062a \\u0627\\u0644\\u0645\\u062d\\u062c\\u0648\\u0632\\u0629 \\u062a\\u064f\\u0633\\u062a\\u062e\\u062f\\u0645 \\u0644\\u0625\\u0639\\u0644\\u0627\\u0646 \\u0645\\u062a\\u063a\\u064a\\u0631 \\u0641\\u064a JavaScript\\u061f\",\"question_type\":\"multiple_choice\",\"points\":\"1\",\"options\":[\"variable\",\"var\",\"string\",\"declare\"]},{\"question_text\":\"\\u0645\\u0627 \\u0647\\u0648 \\u0627\\u0644\\u0646\\u0627\\u062a\\u062c \\u0645\\u0646 \\u0627\\u0644\\u0639\\u0645\\u0644\\u064a\\u0629 \\u0627\\u0644\\u062a\\u0627\\u0644\\u064a\\u0629: 5 + 3\\u061f\",\"question_type\":\"multiple_choice\",\"points\":\"1\",\"options\":[\"53\",\"8\",\"35\",\"15\"]},{\"question_text\":\"\\u0623\\u064a \\u0645\\u0646 \\u0647\\u0630\\u0647 \\u0627\\u0644\\u0637\\u0631\\u0642 \\u062a\\u064f\\u0633\\u062a\\u062e\\u062f\\u0645 \\u0644\\u0637\\u0628\\u0627\\u0639\\u0629 \\u0627\\u0644\\u0646\\u0635 \\u0641\\u064a \\u0648\\u062d\\u062f\\u0629 \\u0627\\u0644\\u062a\\u062d\\u0643\\u0645 (Console)\\u061f\",\"question_type\":\"multiple_choice\",\"points\":\"1\",\"options\":[\"print()\",\"console.log()\",\"write()\",\"display()\"]},{\"question_text\":\"\\u0645\\u0627 \\u0647\\u0648 \\u0646\\u0648\\u0639 \\u0627\\u0644\\u0628\\u064a\\u0627\\u0646\\u0627\\u062a \\u0644\\u0644\\u0642\\u064a\\u0645\\u0629 '\\u0645\\u0631\\u062d\\u0628\\u0627'\\u061f\",\"question_type\":\"multiple_choice\",\"points\":\"1\",\"options\":[\"number\",\"boolean\",\"string\",\"object\"]},{\"question_text\":\"\\u0623\\u064a \\u0645\\u0646 \\u0647\\u0630\\u0647 \\u0627\\u0644\\u0642\\u064a\\u0645 \\u062a\\u064f\\u0639\\u062a\\u0628\\u0631 true \\u0641\\u064a JavaScript\\u061f\",\"question_type\":\"multiple_choice\",\"points\":\"1\",\"options\":[\"0\",\"false\",\"null\",\"1\"]},{\"question_text\":\"\\u0645\\u0627 \\u0647\\u064a \\u0627\\u0644\\u0637\\u0631\\u064a\\u0642\\u0629 \\u0627\\u0644\\u0635\\u062d\\u064a\\u062d\\u0629 \\u0644\\u0625\\u0646\\u0634\\u0627\\u0621 \\u062f\\u0627\\u0644\\u0629 \\u0641\\u064a JavaScript\\u061f\",\"question_type\":\"multiple_choice\",\"points\":\"1\",\"options\":[\"create function myFunction()\",\"function myFunction()\",\"def myFunction()\",\"func myFunction()\"]},{\"question_text\":\"\\u0623\\u064a \\u0645\\u0646 \\u0647\\u0630\\u0647 \\u0627\\u0644\\u0639\\u0644\\u0627\\u0645\\u0627\\u062a \\u062a\\u064f\\u0633\\u062a\\u062e\\u062f\\u0645 \\u0644\\u0625\\u0646\\u0647\\u0627\\u0621 \\u0627\\u0644\\u0633\\u0637\\u0631 \\u0641\\u064a JavaScript\\u061f\",\"question_type\":\"multiple_choice\",\"points\":\"1\",\"options\":[\".\",\",\",\";\",\":\"]},{\"question_text\":\"\\u0645\\u0627 \\u0647\\u0648 \\u0627\\u0644\\u0646\\u0627\\u062a\\u062c \\u0645\\u0646 typeof 42\\u061f\",\"question_type\":\"multiple_choice\",\"points\":\"1\",\"options\":[\"string\",\"number\",\"integer\",\"digit\"]},{\"question_text\":\"\\u0623\\u064a \\u0645\\u0646 \\u0647\\u0630\\u0647 \\u0627\\u0644\\u0637\\u0631\\u0642 \\u062a\\u064f\\u0633\\u062a\\u062e\\u062f\\u0645 \\u0644\\u0631\\u0628\\u0637 \\u0646\\u0635 \\u0645\\u0639 \\u0645\\u062a\\u063a\\u064a\\u0631\\u061f\",\"question_type\":\"multiple_choice\",\"points\":\"1\",\"options\":[\"name + '\\u0645\\u0631\\u062d\\u0628\\u0627'\",\"name & '\\u0645\\u0631\\u062d\\u0628\\u0627'\",\"name * '\\u0645\\u0631\\u062d\\u0628\\u0627'\",\"name - '\\u0645\\u0631\\u062d\\u0628\\u0627'\"]}]","time_limit":"3","time_limit_minutes":"1","max_attempts":"3","passing_score":"60.00","shuffle_questions":"0","shuffle_answers":"0","show_results":"1","show_results_immediately":"1","active":"1","created_at":"2025-09-21 12:16:53","updated_at":"2025-09-21 12:19:41","course_title":"\u0648\u0635\u0641 \u0645\u062e\u062a\u0635\u0631  \u0643\u0648\u0631\u0633 \u062c\u0627\u0641\u0627 \u0633\u0643\u0631\u064a\u0628\u062a"}
2025-09-21 15:21:10 COURSES_CONTROLLER DEBUG - quizData: {"id":"1","course_id":"1","quiz_title":"\u0627\u062e\u062a\u0628\u0627\u0631 JavaScript \u0644\u0644\u0645\u0628\u062a\u062f\u0626\u064a\u0646","quiz_desc":"\u0627\u062e\u062a\u0628\u0627\u0631 \u0633\u0647\u0644 \u062c\u062f\u0627\u064b \u0644\u062a\u0642\u064a\u064a\u0645 \u0627\u0644\u0645\u0639\u0631\u0641\u0629 \u0627\u0644\u0623\u0633\u0627\u0633\u064a\u0629 \u0641\u064a JavaScript","quiz_questions":"[{\"question_text\":\"\\u0645\\u0627 \\u0647\\u064a \\u0627\\u0644\\u0637\\u0631\\u064a\\u0642\\u0629 \\u0627\\u0644\\u0635\\u062d\\u064a\\u062d\\u0629 \\u0644\\u0643\\u062a\\u0627\\u0628\\u0629 \\u062a\\u0639\\u0644\\u064a\\u0642 \\u0641\\u064a JavaScript\\u061f\",\"question_type\":\"multiple_choice\",\"points\":\"1\",\"options\":[\"\\\/\\\/ \\u0647\\u0630\\u0627 \\u062a\\u0639\\u0644\\u064a\\u0642\",\"<!-- \\u0647\\u0630\\u0627 \\u062a\\u0639\\u0644\\u064a\\u0642 -->\",\"# \\u0647\\u0630\\u0627 \\u062a\\u0639\\u0644\\u064a\\u0642\",\"** \\u0647\\u0630\\u0627 \\u062a\\u0639\\u0644\\u064a\\u0642 **\"]},{\"question_text\":\"\\u0623\\u064a \\u0645\\u0646 \\u0647\\u0630\\u0647 \\u0627\\u0644\\u0643\\u0644\\u0645\\u0627\\u062a \\u0627\\u0644\\u0645\\u062d\\u062c\\u0648\\u0632\\u0629 \\u062a\\u064f\\u0633\\u062a\\u062e\\u062f\\u0645 \\u0644\\u0625\\u0639\\u0644\\u0627\\u0646 \\u0645\\u062a\\u063a\\u064a\\u0631 \\u0641\\u064a JavaScript\\u061f\",\"question_type\":\"multiple_choice\",\"points\":\"1\",\"options\":[\"variable\",\"var\",\"string\",\"declare\"]},{\"question_text\":\"\\u0645\\u0627 \\u0647\\u0648 \\u0627\\u0644\\u0646\\u0627\\u062a\\u062c \\u0645\\u0646 \\u0627\\u0644\\u0639\\u0645\\u0644\\u064a\\u0629 \\u0627\\u0644\\u062a\\u0627\\u0644\\u064a\\u0629: 5 + 3\\u061f\",\"question_type\":\"multiple_choice\",\"points\":\"1\",\"options\":[\"53\",\"8\",\"35\",\"15\"]},{\"question_text\":\"\\u0623\\u064a \\u0645\\u0646 \\u0647\\u0630\\u0647 \\u0627\\u0644\\u0637\\u0631\\u0642 \\u062a\\u064f\\u0633\\u062a\\u062e\\u062f\\u0645 \\u0644\\u0637\\u0628\\u0627\\u0639\\u0629 \\u0627\\u0644\\u0646\\u0635 \\u0641\\u064a \\u0648\\u062d\\u062f\\u0629 \\u0627\\u0644\\u062a\\u062d\\u0643\\u0645 (Console)\\u061f\",\"question_type\":\"multiple_choice\",\"points\":\"1\",\"options\":[\"print()\",\"console.log()\",\"write()\",\"display()\"]},{\"question_text\":\"\\u0645\\u0627 \\u0647\\u0648 \\u0646\\u0648\\u0639 \\u0627\\u0644\\u0628\\u064a\\u0627\\u0646\\u0627\\u062a \\u0644\\u0644\\u0642\\u064a\\u0645\\u0629 '\\u0645\\u0631\\u062d\\u0628\\u0627'\\u061f\",\"question_type\":\"multiple_choice\",\"points\":\"1\",\"options\":[\"number\",\"boolean\",\"string\",\"object\"]},{\"question_text\":\"\\u0623\\u064a \\u0645\\u0646 \\u0647\\u0630\\u0647 \\u0627\\u0644\\u0642\\u064a\\u0645 \\u062a\\u064f\\u0639\\u062a\\u0628\\u0631 true \\u0641\\u064a JavaScript\\u061f\",\"question_type\":\"multiple_choice\",\"points\":\"1\",\"options\":[\"0\",\"false\",\"null\",\"1\"]},{\"question_text\":\"\\u0645\\u0627 \\u0647\\u064a \\u0627\\u0644\\u0637\\u0631\\u064a\\u0642\\u0629 \\u0627\\u0644\\u0635\\u062d\\u064a\\u062d\\u0629 \\u0644\\u0625\\u0646\\u0634\\u0627\\u0621 \\u062f\\u0627\\u0644\\u0629 \\u0641\\u064a JavaScript\\u061f\",\"question_type\":\"multiple_choice\",\"points\":\"1\",\"options\":[\"create function myFunction()\",\"function myFunction()\",\"def myFunction()\",\"func myFunction()\"]},{\"question_text\":\"\\u0623\\u064a \\u0645\\u0646 \\u0647\\u0630\\u0647 \\u0627\\u0644\\u0639\\u0644\\u0627\\u0645\\u0627\\u062a \\u062a\\u064f\\u0633\\u062a\\u062e\\u062f\\u0645 \\u0644\\u0625\\u0646\\u0647\\u0627\\u0621 \\u0627\\u0644\\u0633\\u0637\\u0631 \\u0641\\u064a JavaScript\\u061f\",\"question_type\":\"multiple_choice\",\"points\":\"1\",\"options\":[\".\",\",\",\";\",\":\"]},{\"question_text\":\"\\u0645\\u0627 \\u0647\\u0648 \\u0627\\u0644\\u0646\\u0627\\u062a\\u062c \\u0645\\u0646 typeof 42\\u061f\",\"question_type\":\"multiple_choice\",\"points\":\"1\",\"options\":[\"string\",\"number\",\"integer\",\"digit\"]},{\"question_text\":\"\\u0623\\u064a \\u0645\\u0646 \\u0647\\u0630\\u0647 \\u0627\\u0644\\u0637\\u0631\\u0642 \\u062a\\u064f\\u0633\\u062a\\u062e\\u062f\\u0645 \\u0644\\u0631\\u0628\\u0637 \\u0646\\u0635 \\u0645\\u0639 \\u0645\\u062a\\u063a\\u064a\\u0631\\u061f\",\"question_type\":\"multiple_choice\",\"points\":\"1\",\"options\":[\"name + '\\u0645\\u0631\\u062d\\u0628\\u0627'\",\"name & '\\u0645\\u0631\\u062d\\u0628\\u0627'\",\"name * '\\u0645\\u0631\\u062d\\u0628\\u0627'\",\"name - '\\u0645\\u0631\\u062d\\u0628\\u0627'\"]}]","time_limit":"3","time_limit_minutes":"1","max_attempts":"3","passing_score":"60.00","shuffle_questions":"0","shuffle_answers":"0","show_results":"1","show_results_immediately":"1","active":"1","created_at":"2025-09-21 12:16:53","updated_at":"2025-09-21 12:19:41","course_title":"\u0648\u0635\u0641 \u0645\u062e\u062a\u0635\u0631  \u0643\u0648\u0631\u0633 \u062c\u0627\u0641\u0627 \u0633\u0643\u0631\u064a\u0628\u062a"}
2025-09-21 15:21:10 COURSES_CONTROLLER DEBUG - currentItem: {"id":"2","unit_id":"1","unit_name":"\u0627\u0633\u0645 \u0627\u0644\u0648\u062d\u062f\u0629 *","item_type":"quiz","title":"tert","description":"\u0644\u0627 \u064a\u0648\u062c\u062f \u0648\u0635\u0641","item_id":"","duration":0,"thumbnail":"","metadata":{"quiz_id":"1"},"quiz_details":null,"page_details":null,"is_preview":false}
2025-09-21 15:21:10 COURSES_CONTROLLER DEBUG - requestedItemId: 2
2025-09-21 15:21:10 COURSES_CONTROLLER DEBUG - flatItems count: 7
2025-09-21 15:21:10 COURSE_VIEW DEBUG - current_item: {"id":"2","unit_id":"1","unit_name":"\u0627\u0633\u0645 \u0627\u0644\u0648\u062d\u062f\u0629 *","item_type":"quiz","title":"tert","description":"\u0644\u0627 \u064a\u0648\u062c\u062f \u0648\u0635\u0641","item_id":"","duration":0,"thumbnail":"","metadata":{"quiz_id":"1"},"quiz_details":null,"page_details":null,"is_preview":false}
2025-09-21 15:21:10 COURSE_VIEW DEBUG - current_id: 2
2025-09-21 15:21:10 COURSE_VIEW DEBUG - course_id: 1
2025-09-21 15:39:46 SWITCH CASE DEBUG - ENTERING IF BLOCK
2025-09-21 15:39:46 SWITCH CASE DEBUG - item_type: quiz
2025-09-21 15:39:46 SWITCH CASE DEBUG - metadata: {"quiz_id":"1"}
2025-09-21 15:39:46 SWITCH CASE DEBUG - ABOUT TO ENTER SWITCH
2025-09-21 15:39:46 SWITCH CASE DEBUG - ENTERED QUIZ CASE
2025-09-21 15:39:46 QUIZ LOADING DEBUG - quizId: 1
2025-09-21 15:39:46 QUIZ LOADING DEBUG - quizData result: {"id":"1","course_id":"1","quiz_title":"\u0627\u062e\u062a\u0628\u0627\u0631 JavaScript \u0644\u0644\u0645\u0628\u062a\u062f\u0626\u064a\u0646","quiz_desc":"\u0627\u062e\u062a\u0628\u0627\u0631 \u0633\u0647\u0644 \u062c\u062f\u0627\u064b \u0644\u062a\u0642\u064a\u064a\u0645 \u0627\u0644\u0645\u0639\u0631\u0641\u0629 \u0627\u0644\u0623\u0633\u0627\u0633\u064a\u0629 \u0641\u064a JavaScript","quiz_questions":"[\n    {\n        \"question_text\": \"What is the correct data type for numbers in JavaScript?\",\n        \"question_type\": \"multiple_choice\",\n        \"points\": \"1\",\n        \"options\": [\"string\", \"number\", \"integer\", \"float\"],\n        \"correct_answer\": [1]\n    },\n    {\n        \"question_text\": \"Which of these values is considered true in JavaScript?\",\n        \"question_type\": \"multiple_choice\", \n        \"points\": \"1\",\n        \"options\": [\"0\", \"false\", \"null\", \"1\"],\n        \"correct_answer\": [3]\n    }\n]","time_limit":"3","time_limit_minutes":"1","max_attempts":"3","passing_score":"60.00","shuffle_questions":"0","shuffle_answers":"0","show_results":"1","show_results_immediately":"1","active":"1","created_at":"2025-09-21 12:16:53","updated_at":"2025-09-21 15:32:51","course_title":"\u0648\u0635\u0641 \u0645\u062e\u062a\u0635\u0631  \u0643\u0648\u0631\u0633 \u062c\u0627\u0641\u0627 \u0633\u0643\u0631\u064a\u0628\u062a"}
2025-09-21 15:39:46 COURSES_CONTROLLER DEBUG - quizData: {"id":"1","course_id":"1","quiz_title":"\u0627\u062e\u062a\u0628\u0627\u0631 JavaScript \u0644\u0644\u0645\u0628\u062a\u062f\u0626\u064a\u0646","quiz_desc":"\u0627\u062e\u062a\u0628\u0627\u0631 \u0633\u0647\u0644 \u062c\u062f\u0627\u064b \u0644\u062a\u0642\u064a\u064a\u0645 \u0627\u0644\u0645\u0639\u0631\u0641\u0629 \u0627\u0644\u0623\u0633\u0627\u0633\u064a\u0629 \u0641\u064a JavaScript","quiz_questions":"[\n    {\n        \"question_text\": \"What is the correct data type for numbers in JavaScript?\",\n        \"question_type\": \"multiple_choice\",\n        \"points\": \"1\",\n        \"options\": [\"string\", \"number\", \"integer\", \"float\"],\n        \"correct_answer\": [1]\n    },\n    {\n        \"question_text\": \"Which of these values is considered true in JavaScript?\",\n        \"question_type\": \"multiple_choice\", \n        \"points\": \"1\",\n        \"options\": [\"0\", \"false\", \"null\", \"1\"],\n        \"correct_answer\": [3]\n    }\n]","time_limit":"3","time_limit_minutes":"1","max_attempts":"3","passing_score":"60.00","shuffle_questions":"0","shuffle_answers":"0","show_results":"1","show_results_immediately":"1","active":"1","created_at":"2025-09-21 12:16:53","updated_at":"2025-09-21 15:32:51","course_title":"\u0648\u0635\u0641 \u0645\u062e\u062a\u0635\u0631  \u0643\u0648\u0631\u0633 \u062c\u0627\u0641\u0627 \u0633\u0643\u0631\u064a\u0628\u062a"}
2025-09-21 15:39:46 COURSES_CONTROLLER DEBUG - currentItem: {"id":"2","unit_id":"1","unit_name":"\u0627\u0633\u0645 \u0627\u0644\u0648\u062d\u062f\u0629 *","item_type":"quiz","title":"tert","description":"\u0644\u0627 \u064a\u0648\u062c\u062f \u0648\u0635\u0641","item_id":"","duration":0,"thumbnail":"","metadata":{"quiz_id":"1"},"quiz_details":null,"page_details":null,"is_preview":false}
2025-09-21 15:39:46 COURSES_CONTROLLER DEBUG - requestedItemId: 2
2025-09-21 15:39:46 COURSES_CONTROLLER DEBUG - flatItems count: 7
2025-09-21 15:39:46 COURSE_VIEW DEBUG - current_item: {"id":"2","unit_id":"1","unit_name":"\u0627\u0633\u0645 \u0627\u0644\u0648\u062d\u062f\u0629 *","item_type":"quiz","title":"tert","description":"\u0644\u0627 \u064a\u0648\u062c\u062f \u0648\u0635\u0641","item_id":"","duration":0,"thumbnail":"","metadata":{"quiz_id":"1"},"quiz_details":null,"page_details":null,"is_preview":false}
2025-09-21 15:39:46 COURSE_VIEW DEBUG - current_id: 2
2025-09-21 15:39:46 COURSE_VIEW DEBUG - course_id: 1
2025-09-21 15:39:52 SWITCH CASE DEBUG - ENTERING IF BLOCK
2025-09-21 15:39:52 SWITCH CASE DEBUG - item_type: quiz
2025-09-21 15:39:52 SWITCH CASE DEBUG - metadata: {"quiz_id":"1"}
2025-09-21 15:39:52 SWITCH CASE DEBUG - ABOUT TO ENTER SWITCH
2025-09-21 15:39:52 SWITCH CASE DEBUG - ENTERED QUIZ CASE
2025-09-21 15:39:52 QUIZ LOADING DEBUG - quizId: 1
2025-09-21 15:39:52 QUIZ LOADING DEBUG - quizData result: {"id":"1","course_id":"1","quiz_title":"\u0627\u062e\u062a\u0628\u0627\u0631 JavaScript \u0644\u0644\u0645\u0628\u062a\u062f\u0626\u064a\u0646","quiz_desc":"\u0627\u062e\u062a\u0628\u0627\u0631 \u0633\u0647\u0644 \u062c\u062f\u0627\u064b \u0644\u062a\u0642\u064a\u064a\u0645 \u0627\u0644\u0645\u0639\u0631\u0641\u0629 \u0627\u0644\u0623\u0633\u0627\u0633\u064a\u0629 \u0641\u064a JavaScript","quiz_questions":"[\n    {\n        \"question_text\": \"What is the correct data type for numbers in JavaScript?\",\n        \"question_type\": \"multiple_choice\",\n        \"points\": \"1\",\n        \"options\": [\"string\", \"number\", \"integer\", \"float\"],\n        \"correct_answer\": [1]\n    },\n    {\n        \"question_text\": \"Which of these values is considered true in JavaScript?\",\n        \"question_type\": \"multiple_choice\", \n        \"points\": \"1\",\n        \"options\": [\"0\", \"false\", \"null\", \"1\"],\n        \"correct_answer\": [3]\n    }\n]","time_limit":"3","time_limit_minutes":"1","max_attempts":"3","passing_score":"60.00","shuffle_questions":"0","shuffle_answers":"0","show_results":"1","show_results_immediately":"1","active":"1","created_at":"2025-09-21 12:16:53","updated_at":"2025-09-21 15:32:51","course_title":"\u0648\u0635\u0641 \u0645\u062e\u062a\u0635\u0631  \u0643\u0648\u0631\u0633 \u062c\u0627\u0641\u0627 \u0633\u0643\u0631\u064a\u0628\u062a"}
2025-09-21 15:39:52 COURSES_CONTROLLER DEBUG - quizData: {"id":"1","course_id":"1","quiz_title":"\u0627\u062e\u062a\u0628\u0627\u0631 JavaScript \u0644\u0644\u0645\u0628\u062a\u062f\u0626\u064a\u0646","quiz_desc":"\u0627\u062e\u062a\u0628\u0627\u0631 \u0633\u0647\u0644 \u062c\u062f\u0627\u064b \u0644\u062a\u0642\u064a\u064a\u0645 \u0627\u0644\u0645\u0639\u0631\u0641\u0629 \u0627\u0644\u0623\u0633\u0627\u0633\u064a\u0629 \u0641\u064a JavaScript","quiz_questions":"[\n    {\n        \"question_text\": \"What is the correct data type for numbers in JavaScript?\",\n        \"question_type\": \"multiple_choice\",\n        \"points\": \"1\",\n        \"options\": [\"string\", \"number\", \"integer\", \"float\"],\n        \"correct_answer\": [1]\n    },\n    {\n        \"question_text\": \"Which of these values is considered true in JavaScript?\",\n        \"question_type\": \"multiple_choice\", \n        \"points\": \"1\",\n        \"options\": [\"0\", \"false\", \"null\", \"1\"],\n        \"correct_answer\": [3]\n    }\n]","time_limit":"3","time_limit_minutes":"1","max_attempts":"3","passing_score":"60.00","shuffle_questions":"0","shuffle_answers":"0","show_results":"1","show_results_immediately":"1","active":"1","created_at":"2025-09-21 12:16:53","updated_at":"2025-09-21 15:32:51","course_title":"\u0648\u0635\u0641 \u0645\u062e\u062a\u0635\u0631  \u0643\u0648\u0631\u0633 \u062c\u0627\u0641\u0627 \u0633\u0643\u0631\u064a\u0628\u062a"}
2025-09-21 15:39:52 COURSES_CONTROLLER DEBUG - currentItem: {"id":"2","unit_id":"1","unit_name":"\u0627\u0633\u0645 \u0627\u0644\u0648\u062d\u062f\u0629 *","item_type":"quiz","title":"tert","description":"\u0644\u0627 \u064a\u0648\u062c\u062f \u0648\u0635\u0641","item_id":"","duration":0,"thumbnail":"","metadata":{"quiz_id":"1"},"quiz_details":null,"page_details":null,"is_preview":false}
2025-09-21 15:39:52 COURSES_CONTROLLER DEBUG - requestedItemId: 2
2025-09-21 15:39:52 COURSES_CONTROLLER DEBUG - flatItems count: 7
2025-09-21 15:39:52 COURSE_VIEW DEBUG - current_item: {"id":"2","unit_id":"1","unit_name":"\u0627\u0633\u0645 \u0627\u0644\u0648\u062d\u062f\u0629 *","item_type":"quiz","title":"tert","description":"\u0644\u0627 \u064a\u0648\u062c\u062f \u0648\u0635\u0641","item_id":"","duration":0,"thumbnail":"","metadata":{"quiz_id":"1"},"quiz_details":null,"page_details":null,"is_preview":false}
2025-09-21 15:39:52 COURSE_VIEW DEBUG - current_id: 2
2025-09-21 15:39:52 COURSE_VIEW DEBUG - course_id: 1
2025-09-21 15:40:07 SWITCH CASE DEBUG - ENTERING IF BLOCK
2025-09-21 15:40:07 SWITCH CASE DEBUG - item_type: quiz
2025-09-21 15:40:07 SWITCH CASE DEBUG - metadata: {"quiz_id":"1"}
2025-09-21 15:40:07 SWITCH CASE DEBUG - ABOUT TO ENTER SWITCH
2025-09-21 15:40:07 SWITCH CASE DEBUG - ENTERED QUIZ CASE
2025-09-21 15:40:07 QUIZ LOADING DEBUG - quizId: 1
2025-09-21 15:40:07 QUIZ LOADING DEBUG - quizData result: {"id":"1","course_id":"1","quiz_title":"\u0627\u062e\u062a\u0628\u0627\u0631 JavaScript \u0644\u0644\u0645\u0628\u062a\u062f\u0626\u064a\u0646","quiz_desc":"\u0627\u062e\u062a\u0628\u0627\u0631 \u0633\u0647\u0644 \u062c\u062f\u0627\u064b \u0644\u062a\u0642\u064a\u064a\u0645 \u0627\u0644\u0645\u0639\u0631\u0641\u0629 \u0627\u0644\u0623\u0633\u0627\u0633\u064a\u0629 \u0641\u064a JavaScript","quiz_questions":"[\n    {\n        \"question_text\": \"What is the correct data type for numbers in JavaScript?\",\n        \"question_type\": \"multiple_choice\",\n        \"points\": \"1\",\n        \"options\": [\"string\", \"number\", \"integer\", \"float\"],\n        \"correct_answer\": [1]\n    },\n    {\n        \"question_text\": \"Which of these values is considered true in JavaScript?\",\n        \"question_type\": \"multiple_choice\", \n        \"points\": \"1\",\n        \"options\": [\"0\", \"false\", \"null\", \"1\"],\n        \"correct_answer\": [3]\n    }\n]","time_limit":"3","time_limit_minutes":"1","max_attempts":"3","passing_score":"60.00","shuffle_questions":"0","shuffle_answers":"0","show_results":"1","show_results_immediately":"1","active":"1","created_at":"2025-09-21 12:16:53","updated_at":"2025-09-21 15:32:51","course_title":"\u0648\u0635\u0641 \u0645\u062e\u062a\u0635\u0631  \u0643\u0648\u0631\u0633 \u062c\u0627\u0641\u0627 \u0633\u0643\u0631\u064a\u0628\u062a"}
2025-09-21 15:40:07 COURSES_CONTROLLER DEBUG - quizData: {"id":"1","course_id":"1","quiz_title":"\u0627\u062e\u062a\u0628\u0627\u0631 JavaScript \u0644\u0644\u0645\u0628\u062a\u062f\u0626\u064a\u0646","quiz_desc":"\u0627\u062e\u062a\u0628\u0627\u0631 \u0633\u0647\u0644 \u062c\u062f\u0627\u064b \u0644\u062a\u0642\u064a\u064a\u0645 \u0627\u0644\u0645\u0639\u0631\u0641\u0629 \u0627\u0644\u0623\u0633\u0627\u0633\u064a\u0629 \u0641\u064a JavaScript","quiz_questions":"[\n    {\n        \"question_text\": \"What is the correct data type for numbers in JavaScript?\",\n        \"question_type\": \"multiple_choice\",\n        \"points\": \"1\",\n        \"options\": [\"string\", \"number\", \"integer\", \"float\"],\n        \"correct_answer\": [1]\n    },\n    {\n        \"question_text\": \"Which of these values is considered true in JavaScript?\",\n        \"question_type\": \"multiple_choice\", \n        \"points\": \"1\",\n        \"options\": [\"0\", \"false\", \"null\", \"1\"],\n        \"correct_answer\": [3]\n    }\n]","time_limit":"3","time_limit_minutes":"1","max_attempts":"3","passing_score":"60.00","shuffle_questions":"0","shuffle_answers":"0","show_results":"1","show_results_immediately":"1","active":"1","created_at":"2025-09-21 12:16:53","updated_at":"2025-09-21 15:32:51","course_title":"\u0648\u0635\u0641 \u0645\u062e\u062a\u0635\u0631  \u0643\u0648\u0631\u0633 \u062c\u0627\u0641\u0627 \u0633\u0643\u0631\u064a\u0628\u062a"}
2025-09-21 15:40:07 COURSES_CONTROLLER DEBUG - currentItem: {"id":"2","unit_id":"1","unit_name":"\u0627\u0633\u0645 \u0627\u0644\u0648\u062d\u062f\u0629 *","item_type":"quiz","title":"tert","description":"\u0644\u0627 \u064a\u0648\u062c\u062f \u0648\u0635\u0641","item_id":"","duration":0,"thumbnail":"","metadata":{"quiz_id":"1"},"quiz_details":null,"page_details":null,"is_preview":false}
2025-09-21 15:40:07 COURSES_CONTROLLER DEBUG - requestedItemId: 2
2025-09-21 15:40:07 COURSES_CONTROLLER DEBUG - flatItems count: 7
2025-09-21 15:40:07 COURSE_VIEW DEBUG - current_item: {"id":"2","unit_id":"1","unit_name":"\u0627\u0633\u0645 \u0627\u0644\u0648\u062d\u062f\u0629 *","item_type":"quiz","title":"tert","description":"\u0644\u0627 \u064a\u0648\u062c\u062f \u0648\u0635\u0641","item_id":"","duration":0,"thumbnail":"","metadata":{"quiz_id":"1"},"quiz_details":null,"page_details":null,"is_preview":false}
2025-09-21 15:40:07 COURSE_VIEW DEBUG - current_id: 2
2025-09-21 15:40:07 COURSE_VIEW DEBUG - course_id: 1
2025-09-21 15:40:27 SWITCH CASE DEBUG - ENTERING IF BLOCK
2025-09-21 15:40:27 SWITCH CASE DEBUG - item_type: quiz
2025-09-21 15:40:27 SWITCH CASE DEBUG - metadata: {"quiz_id":"1"}
2025-09-21 15:40:27 SWITCH CASE DEBUG - ABOUT TO ENTER SWITCH
2025-09-21 15:40:27 SWITCH CASE DEBUG - ENTERED QUIZ CASE
2025-09-21 15:40:27 QUIZ LOADING DEBUG - quizId: 1
2025-09-21 15:40:27 QUIZ LOADING DEBUG - quizData result: {"id":"1","course_id":"1","quiz_title":"\u0627\u062e\u062a\u0628\u0627\u0631 JavaScript \u0644\u0644\u0645\u0628\u062a\u062f\u0626\u064a\u0646","quiz_desc":"\u0627\u062e\u062a\u0628\u0627\u0631 \u0633\u0647\u0644 \u062c\u062f\u0627\u064b \u0644\u062a\u0642\u064a\u064a\u0645 \u0627\u0644\u0645\u0639\u0631\u0641\u0629 \u0627\u0644\u0623\u0633\u0627\u0633\u064a\u0629 \u0641\u064a JavaScript","quiz_questions":"[\n    {\n        \"question_text\": \"What is the correct data type for numbers in JavaScript?\",\n        \"question_type\": \"multiple_choice\",\n        \"points\": \"1\",\n        \"options\": [\"string\", \"number\", \"integer\", \"float\"],\n        \"correct_answer\": [1]\n    },\n    {\n        \"question_text\": \"Which of these values is considered true in JavaScript?\",\n        \"question_type\": \"multiple_choice\", \n        \"points\": \"1\",\n        \"options\": [\"0\", \"false\", \"null\", \"1\"],\n        \"correct_answer\": [3]\n    }\n]","time_limit":"3","time_limit_minutes":"1","max_attempts":"3","passing_score":"60.00","shuffle_questions":"0","shuffle_answers":"0","show_results":"1","show_results_immediately":"1","active":"1","created_at":"2025-09-21 12:16:53","updated_at":"2025-09-21 15:32:51","course_title":"\u0648\u0635\u0641 \u0645\u062e\u062a\u0635\u0631  \u0643\u0648\u0631\u0633 \u062c\u0627\u0641\u0627 \u0633\u0643\u0631\u064a\u0628\u062a"}
2025-09-21 15:40:27 COURSES_CONTROLLER DEBUG - quizData: {"id":"1","course_id":"1","quiz_title":"\u0627\u062e\u062a\u0628\u0627\u0631 JavaScript \u0644\u0644\u0645\u0628\u062a\u062f\u0626\u064a\u0646","quiz_desc":"\u0627\u062e\u062a\u0628\u0627\u0631 \u0633\u0647\u0644 \u062c\u062f\u0627\u064b \u0644\u062a\u0642\u064a\u064a\u0645 \u0627\u0644\u0645\u0639\u0631\u0641\u0629 \u0627\u0644\u0623\u0633\u0627\u0633\u064a\u0629 \u0641\u064a JavaScript","quiz_questions":"[\n    {\n        \"question_text\": \"What is the correct data type for numbers in JavaScript?\",\n        \"question_type\": \"multiple_choice\",\n        \"points\": \"1\",\n        \"options\": [\"string\", \"number\", \"integer\", \"float\"],\n        \"correct_answer\": [1]\n    },\n    {\n        \"question_text\": \"Which of these values is considered true in JavaScript?\",\n        \"question_type\": \"multiple_choice\", \n        \"points\": \"1\",\n        \"options\": [\"0\", \"false\", \"null\", \"1\"],\n        \"correct_answer\": [3]\n    }\n]","time_limit":"3","time_limit_minutes":"1","max_attempts":"3","passing_score":"60.00","shuffle_questions":"0","shuffle_answers":"0","show_results":"1","show_results_immediately":"1","active":"1","created_at":"2025-09-21 12:16:53","updated_at":"2025-09-21 15:32:51","course_title":"\u0648\u0635\u0641 \u0645\u062e\u062a\u0635\u0631  \u0643\u0648\u0631\u0633 \u062c\u0627\u0641\u0627 \u0633\u0643\u0631\u064a\u0628\u062a"}
2025-09-21 15:40:27 COURSES_CONTROLLER DEBUG - currentItem: {"id":"2","unit_id":"1","unit_name":"\u0627\u0633\u0645 \u0627\u0644\u0648\u062d\u062f\u0629 *","item_type":"quiz","title":"tert","description":"\u0644\u0627 \u064a\u0648\u062c\u062f \u0648\u0635\u0641","item_id":"","duration":0,"thumbnail":"","metadata":{"quiz_id":"1"},"quiz_details":null,"page_details":null,"is_preview":false}
2025-09-21 15:40:27 COURSES_CONTROLLER DEBUG - requestedItemId: 2
2025-09-21 15:40:27 COURSES_CONTROLLER DEBUG - flatItems count: 7
2025-09-21 15:40:27 COURSE_VIEW DEBUG - current_item: {"id":"2","unit_id":"1","unit_name":"\u0627\u0633\u0645 \u0627\u0644\u0648\u062d\u062f\u0629 *","item_type":"quiz","title":"tert","description":"\u0644\u0627 \u064a\u0648\u062c\u062f \u0648\u0635\u0641","item_id":"","duration":0,"thumbnail":"","metadata":{"quiz_id":"1"},"quiz_details":null,"page_details":null,"is_preview":false}
2025-09-21 15:40:27 COURSE_VIEW DEBUG - current_id: 2
2025-09-21 15:40:27 COURSE_VIEW DEBUG - course_id: 1
2025-09-21 15:40:55 SWITCH CASE DEBUG - ENTERING IF BLOCK
2025-09-21 15:40:55 SWITCH CASE DEBUG - item_type: quiz
2025-09-21 15:40:55 SWITCH CASE DEBUG - metadata: {"quiz_id":"1"}
2025-09-21 15:40:55 SWITCH CASE DEBUG - ABOUT TO ENTER SWITCH
2025-09-21 15:40:55 SWITCH CASE DEBUG - ENTERED QUIZ CASE
2025-09-21 15:40:55 QUIZ LOADING DEBUG - quizId: 1
2025-09-21 15:40:55 QUIZ LOADING DEBUG - quizData result: {"id":"1","course_id":"1","quiz_title":"\u0627\u062e\u062a\u0628\u0627\u0631 JavaScript \u0644\u0644\u0645\u0628\u062a\u062f\u0626\u064a\u0646","quiz_desc":"\u0627\u062e\u062a\u0628\u0627\u0631 \u0633\u0647\u0644 \u062c\u062f\u0627\u064b \u0644\u062a\u0642\u064a\u064a\u0645 \u0627\u0644\u0645\u0639\u0631\u0641\u0629 \u0627\u0644\u0623\u0633\u0627\u0633\u064a\u0629 \u0641\u064a JavaScript","quiz_questions":"[\n    {\n        \"question_text\": \"What is the correct data type for numbers in JavaScript?\",\n        \"question_type\": \"multiple_choice\",\n        \"points\": \"1\",\n        \"options\": [\"string\", \"number\", \"integer\", \"float\"],\n        \"correct_answer\": [1]\n    },\n    {\n        \"question_text\": \"Which of these values is considered true in JavaScript?\",\n        \"question_type\": \"multiple_choice\", \n        \"points\": \"1\",\n        \"options\": [\"0\", \"false\", \"null\", \"1\"],\n        \"correct_answer\": [3]\n    }\n]","time_limit":"3","time_limit_minutes":"1","max_attempts":"3","passing_score":"60.00","shuffle_questions":"0","shuffle_answers":"0","show_results":"1","show_results_immediately":"1","active":"1","created_at":"2025-09-21 12:16:53","updated_at":"2025-09-21 15:32:51","course_title":"\u0648\u0635\u0641 \u0645\u062e\u062a\u0635\u0631  \u0643\u0648\u0631\u0633 \u062c\u0627\u0641\u0627 \u0633\u0643\u0631\u064a\u0628\u062a"}
2025-09-21 15:40:55 COURSES_CONTROLLER DEBUG - quizData: {"id":"1","course_id":"1","quiz_title":"\u0627\u062e\u062a\u0628\u0627\u0631 JavaScript \u0644\u0644\u0645\u0628\u062a\u062f\u0626\u064a\u0646","quiz_desc":"\u0627\u062e\u062a\u0628\u0627\u0631 \u0633\u0647\u0644 \u062c\u062f\u0627\u064b \u0644\u062a\u0642\u064a\u064a\u0645 \u0627\u0644\u0645\u0639\u0631\u0641\u0629 \u0627\u0644\u0623\u0633\u0627\u0633\u064a\u0629 \u0641\u064a JavaScript","quiz_questions":"[\n    {\n        \"question_text\": \"What is the correct data type for numbers in JavaScript?\",\n        \"question_type\": \"multiple_choice\",\n        \"points\": \"1\",\n        \"options\": [\"string\", \"number\", \"integer\", \"float\"],\n        \"correct_answer\": [1]\n    },\n    {\n        \"question_text\": \"Which of these values is considered true in JavaScript?\",\n        \"question_type\": \"multiple_choice\", \n        \"points\": \"1\",\n        \"options\": [\"0\", \"false\", \"null\", \"1\"],\n        \"correct_answer\": [3]\n    }\n]","time_limit":"3","time_limit_minutes":"1","max_attempts":"3","passing_score":"60.00","shuffle_questions":"0","shuffle_answers":"0","show_results":"1","show_results_immediately":"1","active":"1","created_at":"2025-09-21 12:16:53","updated_at":"2025-09-21 15:32:51","course_title":"\u0648\u0635\u0641 \u0645\u062e\u062a\u0635\u0631  \u0643\u0648\u0631\u0633 \u062c\u0627\u0641\u0627 \u0633\u0643\u0631\u064a\u0628\u062a"}
2025-09-21 15:40:55 COURSES_CONTROLLER DEBUG - currentItem: {"id":"2","unit_id":"1","unit_name":"\u0627\u0633\u0645 \u0627\u0644\u0648\u062d\u062f\u0629 *","item_type":"quiz","title":"tert","description":"\u0644\u0627 \u064a\u0648\u062c\u062f \u0648\u0635\u0641","item_id":"","duration":0,"thumbnail":"","metadata":{"quiz_id":"1"},"quiz_details":null,"page_details":null,"is_preview":false}
2025-09-21 15:40:55 COURSES_CONTROLLER DEBUG - requestedItemId: 2
2025-09-21 15:40:55 COURSES_CONTROLLER DEBUG - flatItems count: 7
2025-09-21 15:40:55 COURSE_VIEW DEBUG - current_item: {"id":"2","unit_id":"1","unit_name":"\u0627\u0633\u0645 \u0627\u0644\u0648\u062d\u062f\u0629 *","item_type":"quiz","title":"tert","description":"\u0644\u0627 \u064a\u0648\u062c\u062f \u0648\u0635\u0641","item_id":"","duration":0,"thumbnail":"","metadata":{"quiz_id":"1"},"quiz_details":null,"page_details":null,"is_preview":false}
2025-09-21 15:40:55 COURSE_VIEW DEBUG - current_id: 2
2025-09-21 15:40:55 COURSE_VIEW DEBUG - course_id: 1
2025-09-21 15:41:12 SWITCH CASE DEBUG - ENTERING IF BLOCK
2025-09-21 15:41:12 SWITCH CASE DEBUG - item_type: quiz
2025-09-21 15:41:12 SWITCH CASE DEBUG - metadata: {"quiz_id":"1"}
2025-09-21 15:41:12 SWITCH CASE DEBUG - ABOUT TO ENTER SWITCH
2025-09-21 15:41:12 SWITCH CASE DEBUG - ENTERED QUIZ CASE
2025-09-21 15:41:12 QUIZ LOADING DEBUG - quizId: 1
2025-09-21 15:41:12 QUIZ LOADING DEBUG - quizData result: {"id":"1","course_id":"1","quiz_title":"\u0627\u062e\u062a\u0628\u0627\u0631 JavaScript \u0644\u0644\u0645\u0628\u062a\u062f\u0626\u064a\u0646","quiz_desc":"\u0627\u062e\u062a\u0628\u0627\u0631 \u0633\u0647\u0644 \u062c\u062f\u0627\u064b \u0644\u062a\u0642\u064a\u064a\u0645 \u0627\u0644\u0645\u0639\u0631\u0641\u0629 \u0627\u0644\u0623\u0633\u0627\u0633\u064a\u0629 \u0641\u064a JavaScript","quiz_questions":"[\n    {\n        \"question_text\": \"What is the correct data type for numbers in JavaScript?\",\n        \"question_type\": \"multiple_choice\",\n        \"points\": \"1\",\n        \"options\": [\"string\", \"number\", \"integer\", \"float\"],\n        \"correct_answer\": [1]\n    },\n    {\n        \"question_text\": \"Which of these values is considered true in JavaScript?\",\n        \"question_type\": \"multiple_choice\", \n        \"points\": \"1\",\n        \"options\": [\"0\", \"false\", \"null\", \"1\"],\n        \"correct_answer\": [3]\n    }\n]","time_limit":"3","time_limit_minutes":"1","max_attempts":"3","passing_score":"60.00","shuffle_questions":"0","shuffle_answers":"0","show_results":"1","show_results_immediately":"1","active":"1","created_at":"2025-09-21 12:16:53","updated_at":"2025-09-21 15:32:51","course_title":"\u0648\u0635\u0641 \u0645\u062e\u062a\u0635\u0631  \u0643\u0648\u0631\u0633 \u062c\u0627\u0641\u0627 \u0633\u0643\u0631\u064a\u0628\u062a"}
2025-09-21 15:41:12 COURSES_CONTROLLER DEBUG - quizData: {"id":"1","course_id":"1","quiz_title":"\u0627\u062e\u062a\u0628\u0627\u0631 JavaScript \u0644\u0644\u0645\u0628\u062a\u062f\u0626\u064a\u0646","quiz_desc":"\u0627\u062e\u062a\u0628\u0627\u0631 \u0633\u0647\u0644 \u062c\u062f\u0627\u064b \u0644\u062a\u0642\u064a\u064a\u0645 \u0627\u0644\u0645\u0639\u0631\u0641\u0629 \u0627\u0644\u0623\u0633\u0627\u0633\u064a\u0629 \u0641\u064a JavaScript","quiz_questions":"[\n    {\n        \"question_text\": \"What is the correct data type for numbers in JavaScript?\",\n        \"question_type\": \"multiple_choice\",\n        \"points\": \"1\",\n        \"options\": [\"string\", \"number\", \"integer\", \"float\"],\n        \"correct_answer\": [1]\n    },\n    {\n        \"question_text\": \"Which of these values is considered true in JavaScript?\",\n        \"question_type\": \"multiple_choice\", \n        \"points\": \"1\",\n        \"options\": [\"0\", \"false\", \"null\", \"1\"],\n        \"correct_answer\": [3]\n    }\n]","time_limit":"3","time_limit_minutes":"1","max_attempts":"3","passing_score":"60.00","shuffle_questions":"0","shuffle_answers":"0","show_results":"1","show_results_immediately":"1","active":"1","created_at":"2025-09-21 12:16:53","updated_at":"2025-09-21 15:32:51","course_title":"\u0648\u0635\u0641 \u0645\u062e\u062a\u0635\u0631  \u0643\u0648\u0631\u0633 \u062c\u0627\u0641\u0627 \u0633\u0643\u0631\u064a\u0628\u062a"}
2025-09-21 15:41:12 COURSES_CONTROLLER DEBUG - currentItem: {"id":"2","unit_id":"1","unit_name":"\u0627\u0633\u0645 \u0627\u0644\u0648\u062d\u062f\u0629 *","item_type":"quiz","title":"tert","description":"\u0644\u0627 \u064a\u0648\u062c\u062f \u0648\u0635\u0641","item_id":"","duration":0,"thumbnail":"","metadata":{"quiz_id":"1"},"quiz_details":null,"page_details":null,"is_preview":false}
2025-09-21 15:41:12 COURSES_CONTROLLER DEBUG - requestedItemId: 2
2025-09-21 15:41:12 COURSES_CONTROLLER DEBUG - flatItems count: 7
2025-09-21 15:41:12 COURSE_VIEW DEBUG - current_item: {"id":"2","unit_id":"1","unit_name":"\u0627\u0633\u0645 \u0627\u0644\u0648\u062d\u062f\u0629 *","item_type":"quiz","title":"tert","description":"\u0644\u0627 \u064a\u0648\u062c\u062f \u0648\u0635\u0641","item_id":"","duration":0,"thumbnail":"","metadata":{"quiz_id":"1"},"quiz_details":null,"page_details":null,"is_preview":false}
2025-09-21 15:41:12 COURSE_VIEW DEBUG - current_id: 2
2025-09-21 15:41:12 COURSE_VIEW DEBUG - course_id: 1
2025-09-21 15:41:58 SWITCH CASE DEBUG - ENTERING IF BLOCK
2025-09-21 15:41:58 SWITCH CASE DEBUG - item_type: quiz
2025-09-21 15:41:58 SWITCH CASE DEBUG - metadata: {"quiz_id":"1"}
2025-09-21 15:41:58 SWITCH CASE DEBUG - ABOUT TO ENTER SWITCH
2025-09-21 15:41:58 SWITCH CASE DEBUG - ENTERED QUIZ CASE
2025-09-21 15:41:58 QUIZ LOADING DEBUG - quizId: 1
2025-09-21 15:41:58 QUIZ LOADING DEBUG - quizData result: {"id":"1","course_id":"1","quiz_title":"\u0627\u062e\u062a\u0628\u0627\u0631 JavaScript \u0644\u0644\u0645\u0628\u062a\u062f\u0626\u064a\u0646","quiz_desc":"\u0627\u062e\u062a\u0628\u0627\u0631 \u0633\u0647\u0644 \u062c\u062f\u0627\u064b \u0644\u062a\u0642\u064a\u064a\u0645 \u0627\u0644\u0645\u0639\u0631\u0641\u0629 \u0627\u0644\u0623\u0633\u0627\u0633\u064a\u0629 \u0641\u064a JavaScript","quiz_questions":"[\n    {\n        \"question_text\": \"What is the correct data type for numbers in JavaScript?\",\n        \"question_type\": \"multiple_choice\",\n        \"points\": \"1\",\n        \"options\": [\"string\", \"number\", \"integer\", \"float\"],\n        \"correct_answer\": [1]\n    },\n    {\n        \"question_text\": \"Which of these values is considered true in JavaScript?\",\n        \"question_type\": \"multiple_choice\", \n        \"points\": \"1\",\n        \"options\": [\"0\", \"false\", \"null\", \"1\"],\n        \"correct_answer\": [3]\n    }\n]","time_limit":"3","time_limit_minutes":"1","max_attempts":"3","passing_score":"30.00","shuffle_questions":"0","shuffle_answers":"0","show_results":"1","show_results_immediately":"1","active":"1","created_at":"2025-09-21 12:16:53","updated_at":"2025-09-21 15:41:55","course_title":"\u0648\u0635\u0641 \u0645\u062e\u062a\u0635\u0631  \u0643\u0648\u0631\u0633 \u062c\u0627\u0641\u0627 \u0633\u0643\u0631\u064a\u0628\u062a"}
2025-09-21 15:41:58 COURSES_CONTROLLER DEBUG - quizData: {"id":"1","course_id":"1","quiz_title":"\u0627\u062e\u062a\u0628\u0627\u0631 JavaScript \u0644\u0644\u0645\u0628\u062a\u062f\u0626\u064a\u0646","quiz_desc":"\u0627\u062e\u062a\u0628\u0627\u0631 \u0633\u0647\u0644 \u062c\u062f\u0627\u064b \u0644\u062a\u0642\u064a\u064a\u0645 \u0627\u0644\u0645\u0639\u0631\u0641\u0629 \u0627\u0644\u0623\u0633\u0627\u0633\u064a\u0629 \u0641\u064a JavaScript","quiz_questions":"[\n    {\n        \"question_text\": \"What is the correct data type for numbers in JavaScript?\",\n        \"question_type\": \"multiple_choice\",\n        \"points\": \"1\",\n        \"options\": [\"string\", \"number\", \"integer\", \"float\"],\n        \"correct_answer\": [1]\n    },\n    {\n        \"question_text\": \"Which of these values is considered true in JavaScript?\",\n        \"question_type\": \"multiple_choice\", \n        \"points\": \"1\",\n        \"options\": [\"0\", \"false\", \"null\", \"1\"],\n        \"correct_answer\": [3]\n    }\n]","time_limit":"3","time_limit_minutes":"1","max_attempts":"3","passing_score":"30.00","shuffle_questions":"0","shuffle_answers":"0","show_results":"1","show_results_immediately":"1","active":"1","created_at":"2025-09-21 12:16:53","updated_at":"2025-09-21 15:41:55","course_title":"\u0648\u0635\u0641 \u0645\u062e\u062a\u0635\u0631  \u0643\u0648\u0631\u0633 \u062c\u0627\u0641\u0627 \u0633\u0643\u0631\u064a\u0628\u062a"}
2025-09-21 15:41:58 COURSES_CONTROLLER DEBUG - currentItem: {"id":"2","unit_id":"1","unit_name":"\u0627\u0633\u0645 \u0627\u0644\u0648\u062d\u062f\u0629 *","item_type":"quiz","title":"tert","description":"\u0644\u0627 \u064a\u0648\u062c\u062f \u0648\u0635\u0641","item_id":"","duration":0,"thumbnail":"","metadata":{"quiz_id":"1"},"quiz_details":null,"page_details":null,"is_preview":false}
2025-09-21 15:41:58 COURSES_CONTROLLER DEBUG - requestedItemId: 2
2025-09-21 15:41:58 COURSES_CONTROLLER DEBUG - flatItems count: 7
2025-09-21 15:41:58 COURSE_VIEW DEBUG - current_item: {"id":"2","unit_id":"1","unit_name":"\u0627\u0633\u0645 \u0627\u0644\u0648\u062d\u062f\u0629 *","item_type":"quiz","title":"tert","description":"\u0644\u0627 \u064a\u0648\u062c\u062f \u0648\u0635\u0641","item_id":"","duration":0,"thumbnail":"","metadata":{"quiz_id":"1"},"quiz_details":null,"page_details":null,"is_preview":false}
2025-09-21 15:41:58 COURSE_VIEW DEBUG - current_id: 2
2025-09-21 15:41:58 COURSE_VIEW DEBUG - course_id: 1
2025-09-21 15:42:15 SWITCH CASE DEBUG - ENTERING IF BLOCK
2025-09-21 15:42:15 SWITCH CASE DEBUG - item_type: quiz
2025-09-21 15:42:15 SWITCH CASE DEBUG - metadata: {"quiz_id":"1"}
2025-09-21 15:42:15 SWITCH CASE DEBUG - ABOUT TO ENTER SWITCH
2025-09-21 15:42:15 SWITCH CASE DEBUG - ENTERED QUIZ CASE
2025-09-21 15:42:15 QUIZ LOADING DEBUG - quizId: 1
2025-09-21 15:42:15 QUIZ LOADING DEBUG - quizData result: {"id":"1","course_id":"1","quiz_title":"\u0627\u062e\u062a\u0628\u0627\u0631 JavaScript \u0644\u0644\u0645\u0628\u062a\u062f\u0626\u064a\u0646","quiz_desc":"\u0627\u062e\u062a\u0628\u0627\u0631 \u0633\u0647\u0644 \u062c\u062f\u0627\u064b \u0644\u062a\u0642\u064a\u064a\u0645 \u0627\u0644\u0645\u0639\u0631\u0641\u0629 \u0627\u0644\u0623\u0633\u0627\u0633\u064a\u0629 \u0641\u064a JavaScript","quiz_questions":"[\n    {\n        \"question_text\": \"What is the correct data type for numbers in JavaScript?\",\n        \"question_type\": \"multiple_choice\",\n        \"points\": \"1\",\n        \"options\": [\"string\", \"number\", \"integer\", \"float\"],\n        \"correct_answer\": [1]\n    },\n    {\n        \"question_text\": \"Which of these values is considered true in JavaScript?\",\n        \"question_type\": \"multiple_choice\", \n        \"points\": \"1\",\n        \"options\": [\"0\", \"false\", \"null\", \"1\"],\n        \"correct_answer\": [3]\n    }\n]","time_limit":"3","time_limit_minutes":"1","max_attempts":"3","passing_score":"30.00","shuffle_questions":"0","shuffle_answers":"0","show_results":"1","show_results_immediately":"1","active":"1","created_at":"2025-09-21 12:16:53","updated_at":"2025-09-21 15:41:55","course_title":"\u0648\u0635\u0641 \u0645\u062e\u062a\u0635\u0631  \u0643\u0648\u0631\u0633 \u062c\u0627\u0641\u0627 \u0633\u0643\u0631\u064a\u0628\u062a"}
2025-09-21 15:42:15 COURSES_CONTROLLER DEBUG - quizData: {"id":"1","course_id":"1","quiz_title":"\u0627\u062e\u062a\u0628\u0627\u0631 JavaScript \u0644\u0644\u0645\u0628\u062a\u062f\u0626\u064a\u0646","quiz_desc":"\u0627\u062e\u062a\u0628\u0627\u0631 \u0633\u0647\u0644 \u062c\u062f\u0627\u064b \u0644\u062a\u0642\u064a\u064a\u0645 \u0627\u0644\u0645\u0639\u0631\u0641\u0629 \u0627\u0644\u0623\u0633\u0627\u0633\u064a\u0629 \u0641\u064a JavaScript","quiz_questions":"[\n    {\n        \"question_text\": \"What is the correct data type for numbers in JavaScript?\",\n        \"question_type\": \"multiple_choice\",\n        \"points\": \"1\",\n        \"options\": [\"string\", \"number\", \"integer\", \"float\"],\n        \"correct_answer\": [1]\n    },\n    {\n        \"question_text\": \"Which of these values is considered true in JavaScript?\",\n        \"question_type\": \"multiple_choice\", \n        \"points\": \"1\",\n        \"options\": [\"0\", \"false\", \"null\", \"1\"],\n        \"correct_answer\": [3]\n    }\n]","time_limit":"3","time_limit_minutes":"1","max_attempts":"3","passing_score":"30.00","shuffle_questions":"0","shuffle_answers":"0","show_results":"1","show_results_immediately":"1","active":"1","created_at":"2025-09-21 12:16:53","updated_at":"2025-09-21 15:41:55","course_title":"\u0648\u0635\u0641 \u0645\u062e\u062a\u0635\u0631  \u0643\u0648\u0631\u0633 \u062c\u0627\u0641\u0627 \u0633\u0643\u0631\u064a\u0628\u062a"}
2025-09-21 15:42:15 COURSES_CONTROLLER DEBUG - currentItem: {"id":"2","unit_id":"1","unit_name":"\u0627\u0633\u0645 \u0627\u0644\u0648\u062d\u062f\u0629 *","item_type":"quiz","title":"tert","description":"\u0644\u0627 \u064a\u0648\u062c\u062f \u0648\u0635\u0641","item_id":"","duration":0,"thumbnail":"","metadata":{"quiz_id":"1"},"quiz_details":null,"page_details":null,"is_preview":false}
2025-09-21 15:42:15 COURSES_CONTROLLER DEBUG - requestedItemId: 2
2025-09-21 15:42:15 COURSES_CONTROLLER DEBUG - flatItems count: 7
2025-09-21 15:42:15 COURSE_VIEW DEBUG - current_item: {"id":"2","unit_id":"1","unit_name":"\u0627\u0633\u0645 \u0627\u0644\u0648\u062d\u062f\u0629 *","item_type":"quiz","title":"tert","description":"\u0644\u0627 \u064a\u0648\u062c\u062f \u0648\u0635\u0641","item_id":"","duration":0,"thumbnail":"","metadata":{"quiz_id":"1"},"quiz_details":null,"page_details":null,"is_preview":false}
2025-09-21 15:42:15 COURSE_VIEW DEBUG - current_id: 2
2025-09-21 15:42:15 COURSE_VIEW DEBUG - course_id: 1
2025-09-21 16:32:57 SWITCH CASE DEBUG - ENTERING IF BLOCK
2025-09-21 16:32:57 SWITCH CASE DEBUG - item_type: video
2025-09-21 16:32:57 SWITCH CASE DEBUG - metadata: {"video_id":"7a461808-1048-4d73-afdd-985bb3c131cd","file_size":154202982,"video_title":"\u0645\u0627 \u0647\u0648 \u0627\u062e\u062a\u0628\u0627\u0631 TOFAS .mkv","collection_id":"6d877b87-0faf-4841-b82f-b00e01a6c4ec","video_quality":"2060x1080","video_duration":533,"video_thumbnail":"https:\/\/vz-495222.b-cdn.net\/7a461808-1048-4d73-afdd-985bb3c131cd\/thumbnail.jpg","video_library_id":""}
2025-09-21 16:32:57 SWITCH CASE DEBUG - ABOUT TO ENTER SWITCH
2025-09-21 16:32:57 SWITCH CASE DEBUG - ENTERED VIDEO CASE
2025-09-21 16:32:57 COURSES_CONTROLLER DEBUG - quizData: null
2025-09-21 16:32:57 COURSES_CONTROLLER DEBUG - currentItem: {"id":"1","unit_id":"1","unit_name":"\u0627\u0633\u0645 \u0627\u0644\u0648\u062d\u062f\u0629 *","item_type":"video","title":"\u0645\u0627 \u0647\u0648 \u0627\u062e\u062a\u0628\u0627\u0631 TOFAS .mkv","description":"","item_id":"","duration":533,"thumbnail":"https:\/\/vz-495222.b-cdn.net\/7a461808-1048-4d73-afdd-985bb3c131cd\/thumbnail.jpg","metadata":{"video_id":"7a461808-1048-4d73-afdd-985bb3c131cd","file_size":154202982,"video_title":"\u0645\u0627 \u0647\u0648 \u0627\u062e\u062a\u0628\u0627\u0631 TOFAS .mkv","collection_id":"6d877b87-0faf-4841-b82f-b00e01a6c4ec","video_quality":"2060x1080","video_duration":533,"video_thumbnail":"https:\/\/vz-495222.b-cdn.net\/7a461808-1048-4d73-afdd-985bb3c131cd\/thumbnail.jpg","video_library_id":""},"quiz_details":null,"page_details":null,"is_preview":false}
2025-09-21 16:32:57 COURSES_CONTROLLER DEBUG - requestedItemId: 1
2025-09-21 16:32:57 COURSES_CONTROLLER DEBUG - flatItems count: 7
2025-09-21 16:32:57 COURSE_VIEW DEBUG - current_item: {"id":"1","unit_id":"1","unit_name":"\u0627\u0633\u0645 \u0627\u0644\u0648\u062d\u062f\u0629 *","item_type":"video","title":"\u0645\u0627 \u0647\u0648 \u0627\u062e\u062a\u0628\u0627\u0631 TOFAS .mkv","description":"","item_id":"","duration":533,"thumbnail":"https:\/\/vz-495222.b-cdn.net\/7a461808-1048-4d73-afdd-985bb3c131cd\/thumbnail.jpg","metadata":{"video_id":"7a461808-1048-4d73-afdd-985bb3c131cd","file_size":154202982,"video_title":"\u0645\u0627 \u0647\u0648 \u0627\u062e\u062a\u0628\u0627\u0631 TOFAS .mkv","collection_id":"6d877b87-0faf-4841-b82f-b00e01a6c4ec","video_quality":"2060x1080","video_duration":533,"video_thumbnail":"https:\/\/vz-495222.b-cdn.net\/7a461808-1048-4d73-afdd-985bb3c131cd\/thumbnail.jpg","video_library_id":""},"quiz_details":null,"page_details":null,"is_preview":false}
2025-09-21 16:32:57 COURSE_VIEW DEBUG - current_id: 1
2025-09-21 16:32:57 COURSE_VIEW DEBUG - course_id: 1
2025-09-21 16:33:00 PROGRESS_CONTROLLER DEBUG - AJAX request received
2025-09-21 16:33:00 PROGRESS_CONTROLLER DEBUG - Raw input: {"unit_id":1,"course_id":1,"item_id":1}
2025-09-21 16:33:00 PROGRESS_CONTROLLER DEBUG - User ID: 1
2025-09-21 16:33:00 PROGRESS_CONTROLLER DEBUG - Parsed input: {"unit_id":1,"course_id":1,"item_id":1}
2025-09-21 16:33:00 PROGRESS_CONTROLLER DEBUG - Unit ID: 1
2025-09-21 16:33:00 PROGRESS_CONTROLLER DEBUG - Course ID: 1
2025-09-21 16:33:00 PROGRESS_CONTROLLER DEBUG - Item ID: 1
2025-09-21 16:33:00 PROGRESS_CONTROLLER DEBUG - isUserEnrolled result: true
2025-09-21 16:33:00 PROGRESS_CONTROLLER DEBUG - Looking for enrollment with userId=1, unitId=1
2025-09-21 16:33:00 PROGRESS_CONTROLLER DEBUG - Enrollment found: {"id":"1","user_id":"1","unit_ids":"[\"1\"]","total_amount":"35000.00","payment_proof":"{\"files\": [{\"size\": \"35.419\", \"type\": \"image\/jpeg\", \"order\": 1, \"thumbs\": [], \"is_image\": 1, \"raw_name\": \"544754131_122114699606966699_7815220782632544805_n.jpg\", \"dimension\": \"526*526\", \"extension\": \"jpg\", \"full_path\": \"uploads\/enrollments\/20_09_2025\/1758385873_24ac5a9f3f48ae78426c.jpg\", \"thumbnails\": [], \"encoded_name\": \"1758385873_24ac5a9f3f48ae78426c.jpg\", \"original_name\": \"544754131_122114699606966699_7815220782632544805_n.jpg\"}], \"fileCount\": 1}","payment_method":"instapay","status":"approved","admin_notes":null,"processed_by":null,"processed_at":null,"created_at":"2025-09-20 19:31:13","updated_at":"2025-09-20 20:17:50"}
2025-09-21 16:33:00 MARK_ITEM_COMPLETED DEBUG - Starting with userId=1, unitId=1, itemId=1, enrollmentId=1
2025-09-21 16:33:00 MARK_ITEM_COMPLETED DEBUG - Data to insert/update: {"user_id":1,"unit_id":1,"item_id":1,"enrollment_id":1,"progress_percentage":100,"is_completed":1,"completed_at":"2025-09-21 16:33:00","last_accessed_at":"2025-09-21 16:33:00"}
2025-09-21 16:33:00 MARK_ITEM_COMPLETED DEBUG - Existing record: {"id":"1","user_id":"1","unit_id":"1","item_id":"1","enrollment_id":"1","progress_percentage":"100.00","watch_time":"0","last_position":"0","is_completed":"1","completed_at":"2025-09-21 15:01:47","first_accessed_at":"2025-09-20 20:56:01","last_accessed_at":"2025-09-21 15:01:47","created_at":"2025-09-20 20:56:01","updated_at":"2025-09-21 15:01:47"}
2025-09-21 16:33:00 MARK_ITEM_COMPLETED DEBUG - Update result: true
2025-09-21 16:33:01 SWITCH CASE DEBUG - ENTERING IF BLOCK
2025-09-21 16:33:01 SWITCH CASE DEBUG - item_type: quiz
2025-09-21 16:33:01 SWITCH CASE DEBUG - metadata: {"quiz_id":"1"}
2025-09-21 16:33:01 SWITCH CASE DEBUG - ABOUT TO ENTER SWITCH
2025-09-21 16:33:01 SWITCH CASE DEBUG - ENTERED QUIZ CASE
2025-09-21 16:33:01 QUIZ LOADING DEBUG - quizId: 1
2025-09-21 16:33:01 QUIZ LOADING DEBUG - quizData result: {"id":"1","course_id":"1","quiz_title":"\u0627\u062e\u062a\u0628\u0627\u0631 JavaScript \u0644\u0644\u0645\u0628\u062a\u062f\u0626\u064a\u0646","quiz_desc":"\u0627\u062e\u062a\u0628\u0627\u0631 \u0633\u0647\u0644 \u062c\u062f\u0627\u064b \u0644\u062a\u0642\u064a\u064a\u0645 \u0627\u0644\u0645\u0639\u0631\u0641\u0629 \u0627\u0644\u0623\u0633\u0627\u0633\u064a\u0629 \u0641\u064a JavaScript","quiz_questions":"[\n    {\n        \"question_text\": \"What is the correct data type for numbers in JavaScript?\",\n        \"question_type\": \"multiple_choice\",\n        \"points\": \"1\",\n        \"options\": [\"string\", \"number\", \"integer\", \"float\"],\n        \"correct_answer\": [1]\n    },\n    {\n        \"question_text\": \"Which of these values is considered true in JavaScript?\",\n        \"question_type\": \"multiple_choice\", \n        \"points\": \"1\",\n        \"options\": [\"0\", \"false\", \"null\", \"1\"],\n        \"correct_answer\": [3]\n    }\n]","time_limit":"3","time_limit_minutes":"1","max_attempts":"3","passing_score":"30.00","shuffle_questions":"0","shuffle_answers":"0","show_results":"1","show_results_immediately":"1","active":"1","created_at":"2025-09-21 12:16:53","updated_at":"2025-09-21 15:41:55","course_title":"\u0648\u0635\u0641 \u0645\u062e\u062a\u0635\u0631  \u0643\u0648\u0631\u0633 \u062c\u0627\u0641\u0627 \u0633\u0643\u0631\u064a\u0628\u062a"}
2025-09-21 16:33:01 COURSES_CONTROLLER DEBUG - quizData: {"id":"1","course_id":"1","quiz_title":"\u0627\u062e\u062a\u0628\u0627\u0631 JavaScript \u0644\u0644\u0645\u0628\u062a\u062f\u0626\u064a\u0646","quiz_desc":"\u0627\u062e\u062a\u0628\u0627\u0631 \u0633\u0647\u0644 \u062c\u062f\u0627\u064b \u0644\u062a\u0642\u064a\u064a\u0645 \u0627\u0644\u0645\u0639\u0631\u0641\u0629 \u0627\u0644\u0623\u0633\u0627\u0633\u064a\u0629 \u0641\u064a JavaScript","quiz_questions":"[\n    {\n        \"question_text\": \"What is the correct data type for numbers in JavaScript?\",\n        \"question_type\": \"multiple_choice\",\n        \"points\": \"1\",\n        \"options\": [\"string\", \"number\", \"integer\", \"float\"],\n        \"correct_answer\": [1]\n    },\n    {\n        \"question_text\": \"Which of these values is considered true in JavaScript?\",\n        \"question_type\": \"multiple_choice\", \n        \"points\": \"1\",\n        \"options\": [\"0\", \"false\", \"null\", \"1\"],\n        \"correct_answer\": [3]\n    }\n]","time_limit":"3","time_limit_minutes":"1","max_attempts":"3","passing_score":"30.00","shuffle_questions":"0","shuffle_answers":"0","show_results":"1","show_results_immediately":"1","active":"1","created_at":"2025-09-21 12:16:53","updated_at":"2025-09-21 15:41:55","course_title":"\u0648\u0635\u0641 \u0645\u062e\u062a\u0635\u0631  \u0643\u0648\u0631\u0633 \u062c\u0627\u0641\u0627 \u0633\u0643\u0631\u064a\u0628\u062a"}
2025-09-21 16:33:01 COURSES_CONTROLLER DEBUG - currentItem: {"id":"2","unit_id":"1","unit_name":"\u0627\u0633\u0645 \u0627\u0644\u0648\u062d\u062f\u0629 *","item_type":"quiz","title":"tert","description":"\u0644\u0627 \u064a\u0648\u062c\u062f \u0648\u0635\u0641","item_id":"","duration":0,"thumbnail":"","metadata":{"quiz_id":"1"},"quiz_details":null,"page_details":null,"is_preview":false}
2025-09-21 16:33:01 COURSES_CONTROLLER DEBUG - requestedItemId: 2
2025-09-21 16:33:01 COURSES_CONTROLLER DEBUG - flatItems count: 7
2025-09-21 16:33:01 COURSE_VIEW DEBUG - current_item: {"id":"2","unit_id":"1","unit_name":"\u0627\u0633\u0645 \u0627\u0644\u0648\u062d\u062f\u0629 *","item_type":"quiz","title":"tert","description":"\u0644\u0627 \u064a\u0648\u062c\u062f \u0648\u0635\u0641","item_id":"","duration":0,"thumbnail":"","metadata":{"quiz_id":"1"},"quiz_details":null,"page_details":null,"is_preview":false}
2025-09-21 16:33:01 COURSE_VIEW DEBUG - current_id: 2
2025-09-21 16:33:01 COURSE_VIEW DEBUG - course_id: 1
2025-09-21 16:33:06 SWITCH CASE DEBUG - ENTERING IF BLOCK
2025-09-21 16:33:06 SWITCH CASE DEBUG - item_type: quiz
2025-09-21 16:33:06 SWITCH CASE DEBUG - metadata: {"quiz_id":"1"}
2025-09-21 16:33:06 SWITCH CASE DEBUG - ABOUT TO ENTER SWITCH
2025-09-21 16:33:06 SWITCH CASE DEBUG - ENTERED QUIZ CASE
2025-09-21 16:33:06 QUIZ LOADING DEBUG - quizId: 1
2025-09-21 16:33:06 QUIZ LOADING DEBUG - quizData result: {"id":"1","course_id":"1","quiz_title":"\u0627\u062e\u062a\u0628\u0627\u0631 JavaScript \u0644\u0644\u0645\u0628\u062a\u062f\u0626\u064a\u0646","quiz_desc":"\u0627\u062e\u062a\u0628\u0627\u0631 \u0633\u0647\u0644 \u062c\u062f\u0627\u064b \u0644\u062a\u0642\u064a\u064a\u0645 \u0627\u0644\u0645\u0639\u0631\u0641\u0629 \u0627\u0644\u0623\u0633\u0627\u0633\u064a\u0629 \u0641\u064a JavaScript","quiz_questions":"[\n    {\n        \"question_text\": \"What is the correct data type for numbers in JavaScript?\",\n        \"question_type\": \"multiple_choice\",\n        \"points\": \"1\",\n        \"options\": [\"string\", \"number\", \"integer\", \"float\"],\n        \"correct_answer\": [1]\n    },\n    {\n        \"question_text\": \"Which of these values is considered true in JavaScript?\",\n        \"question_type\": \"multiple_choice\", \n        \"points\": \"1\",\n        \"options\": [\"0\", \"false\", \"null\", \"1\"],\n        \"correct_answer\": [3]\n    }\n]","time_limit":"3","time_limit_minutes":"1","max_attempts":"3","passing_score":"30.00","shuffle_questions":"0","shuffle_answers":"0","show_results":"1","show_results_immediately":"1","active":"1","created_at":"2025-09-21 12:16:53","updated_at":"2025-09-21 15:41:55","course_title":"\u0648\u0635\u0641 \u0645\u062e\u062a\u0635\u0631  \u0643\u0648\u0631\u0633 \u062c\u0627\u0641\u0627 \u0633\u0643\u0631\u064a\u0628\u062a"}
2025-09-21 16:33:06 COURSES_CONTROLLER DEBUG - quizData: {"id":"1","course_id":"1","quiz_title":"\u0627\u062e\u062a\u0628\u0627\u0631 JavaScript \u0644\u0644\u0645\u0628\u062a\u062f\u0626\u064a\u0646","quiz_desc":"\u0627\u062e\u062a\u0628\u0627\u0631 \u0633\u0647\u0644 \u062c\u062f\u0627\u064b \u0644\u062a\u0642\u064a\u064a\u0645 \u0627\u0644\u0645\u0639\u0631\u0641\u0629 \u0627\u0644\u0623\u0633\u0627\u0633\u064a\u0629 \u0641\u064a JavaScript","quiz_questions":"[\n    {\n        \"question_text\": \"What is the correct data type for numbers in JavaScript?\",\n        \"question_type\": \"multiple_choice\",\n        \"points\": \"1\",\n        \"options\": [\"string\", \"number\", \"integer\", \"float\"],\n        \"correct_answer\": [1]\n    },\n    {\n        \"question_text\": \"Which of these values is considered true in JavaScript?\",\n        \"question_type\": \"multiple_choice\", \n        \"points\": \"1\",\n        \"options\": [\"0\", \"false\", \"null\", \"1\"],\n        \"correct_answer\": [3]\n    }\n]","time_limit":"3","time_limit_minutes":"1","max_attempts":"3","passing_score":"30.00","shuffle_questions":"0","shuffle_answers":"0","show_results":"1","show_results_immediately":"1","active":"1","created_at":"2025-09-21 12:16:53","updated_at":"2025-09-21 15:41:55","course_title":"\u0648\u0635\u0641 \u0645\u062e\u062a\u0635\u0631  \u0643\u0648\u0631\u0633 \u062c\u0627\u0641\u0627 \u0633\u0643\u0631\u064a\u0628\u062a"}
2025-09-21 16:33:06 COURSES_CONTROLLER DEBUG - currentItem: {"id":"2","unit_id":"1","unit_name":"\u0627\u0633\u0645 \u0627\u0644\u0648\u062d\u062f\u0629 *","item_type":"quiz","title":"tert","description":"\u0644\u0627 \u064a\u0648\u062c\u062f \u0648\u0635\u0641","item_id":"","duration":0,"thumbnail":"","metadata":{"quiz_id":"1"},"quiz_details":null,"page_details":null,"is_preview":false}
2025-09-21 16:33:06 COURSES_CONTROLLER DEBUG - requestedItemId: 2
2025-09-21 16:33:06 COURSES_CONTROLLER DEBUG - flatItems count: 7
2025-09-21 16:33:06 COURSE_VIEW DEBUG - current_item: {"id":"2","unit_id":"1","unit_name":"\u0627\u0633\u0645 \u0627\u0644\u0648\u062d\u062f\u0629 *","item_type":"quiz","title":"tert","description":"\u0644\u0627 \u064a\u0648\u062c\u062f \u0648\u0635\u0641","item_id":"","duration":0,"thumbnail":"","metadata":{"quiz_id":"1"},"quiz_details":null,"page_details":null,"is_preview":false}
2025-09-21 16:33:06 COURSE_VIEW DEBUG - current_id: 2
2025-09-21 16:33:06 COURSE_VIEW DEBUG - course_id: 1
2025-09-21 16:33:24 SWITCH CASE DEBUG - ENTERING IF BLOCK
2025-09-21 16:33:24 SWITCH CASE DEBUG - item_type: quiz
2025-09-21 16:33:24 SWITCH CASE DEBUG - metadata: {"quiz_id":"1"}
2025-09-21 16:33:24 SWITCH CASE DEBUG - ABOUT TO ENTER SWITCH
2025-09-21 16:33:24 SWITCH CASE DEBUG - ENTERED QUIZ CASE
2025-09-21 16:33:24 QUIZ LOADING DEBUG - quizId: 1
2025-09-21 16:33:24 QUIZ LOADING DEBUG - quizData result: {"id":"1","course_id":"1","quiz_title":"\u0627\u062e\u062a\u0628\u0627\u0631 JavaScript \u0644\u0644\u0645\u0628\u062a\u062f\u0626\u064a\u0646","quiz_desc":"\u0627\u062e\u062a\u0628\u0627\u0631 \u0633\u0647\u0644 \u062c\u062f\u0627\u064b \u0644\u062a\u0642\u064a\u064a\u0645 \u0627\u0644\u0645\u0639\u0631\u0641\u0629 \u0627\u0644\u0623\u0633\u0627\u0633\u064a\u0629 \u0641\u064a JavaScript","quiz_questions":"[\n    {\n        \"question_text\": \"What is the correct data type for numbers in JavaScript?\",\n        \"question_type\": \"multiple_choice\",\n        \"points\": \"1\",\n        \"options\": [\"string\", \"number\", \"integer\", \"float\"],\n        \"correct_answer\": [1]\n    },\n    {\n        \"question_text\": \"Which of these values is considered true in JavaScript?\",\n        \"question_type\": \"multiple_choice\", \n        \"points\": \"1\",\n        \"options\": [\"0\", \"false\", \"null\", \"1\"],\n        \"correct_answer\": [3]\n    }\n]","time_limit":"3","time_limit_minutes":"1","max_attempts":"3","passing_score":"30.00","shuffle_questions":"0","shuffle_answers":"0","show_results":"1","show_results_immediately":"1","active":"1","created_at":"2025-09-21 12:16:53","updated_at":"2025-09-21 15:41:55","course_title":"\u0648\u0635\u0641 \u0645\u062e\u062a\u0635\u0631  \u0643\u0648\u0631\u0633 \u062c\u0627\u0641\u0627 \u0633\u0643\u0631\u064a\u0628\u062a"}
2025-09-21 16:33:24 COURSES_CONTROLLER DEBUG - quizData: {"id":"1","course_id":"1","quiz_title":"\u0627\u062e\u062a\u0628\u0627\u0631 JavaScript \u0644\u0644\u0645\u0628\u062a\u062f\u0626\u064a\u0646","quiz_desc":"\u0627\u062e\u062a\u0628\u0627\u0631 \u0633\u0647\u0644 \u062c\u062f\u0627\u064b \u0644\u062a\u0642\u064a\u064a\u0645 \u0627\u0644\u0645\u0639\u0631\u0641\u0629 \u0627\u0644\u0623\u0633\u0627\u0633\u064a\u0629 \u0641\u064a JavaScript","quiz_questions":"[\n    {\n        \"question_text\": \"What is the correct data type for numbers in JavaScript?\",\n        \"question_type\": \"multiple_choice\",\n        \"points\": \"1\",\n        \"options\": [\"string\", \"number\", \"integer\", \"float\"],\n        \"correct_answer\": [1]\n    },\n    {\n        \"question_text\": \"Which of these values is considered true in JavaScript?\",\n        \"question_type\": \"multiple_choice\", \n        \"points\": \"1\",\n        \"options\": [\"0\", \"false\", \"null\", \"1\"],\n        \"correct_answer\": [3]\n    }\n]","time_limit":"3","time_limit_minutes":"1","max_attempts":"3","passing_score":"30.00","shuffle_questions":"0","shuffle_answers":"0","show_results":"1","show_results_immediately":"1","active":"1","created_at":"2025-09-21 12:16:53","updated_at":"2025-09-21 15:41:55","course_title":"\u0648\u0635\u0641 \u0645\u062e\u062a\u0635\u0631  \u0643\u0648\u0631\u0633 \u062c\u0627\u0641\u0627 \u0633\u0643\u0631\u064a\u0628\u062a"}
2025-09-21 16:33:24 COURSES_CONTROLLER DEBUG - currentItem: {"id":"2","unit_id":"1","unit_name":"\u0627\u0633\u0645 \u0627\u0644\u0648\u062d\u062f\u0629 *","item_type":"quiz","title":"tert","description":"\u0644\u0627 \u064a\u0648\u062c\u062f \u0648\u0635\u0641","item_id":"","duration":0,"thumbnail":"","metadata":{"quiz_id":"1"},"quiz_details":null,"page_details":null,"is_preview":false}
2025-09-21 16:33:24 COURSES_CONTROLLER DEBUG - requestedItemId: 2
2025-09-21 16:33:24 COURSES_CONTROLLER DEBUG - flatItems count: 7
2025-09-21 16:33:24 COURSE_VIEW DEBUG - current_item: {"id":"2","unit_id":"1","unit_name":"\u0627\u0633\u0645 \u0627\u0644\u0648\u062d\u062f\u0629 *","item_type":"quiz","title":"tert","description":"\u0644\u0627 \u064a\u0648\u062c\u062f \u0648\u0635\u0641","item_id":"","duration":0,"thumbnail":"","metadata":{"quiz_id":"1"},"quiz_details":null,"page_details":null,"is_preview":false}
2025-09-21 16:33:24 COURSE_VIEW DEBUG - current_id: 2
2025-09-21 16:33:24 COURSE_VIEW DEBUG - course_id: 1
2025-09-21 16:33:49 SWITCH CASE DEBUG - ENTERING IF BLOCK
2025-09-21 16:33:49 SWITCH CASE DEBUG - item_type: quiz
2025-09-21 16:33:49 SWITCH CASE DEBUG - metadata: {"quiz_id":"1"}
2025-09-21 16:33:49 SWITCH CASE DEBUG - ABOUT TO ENTER SWITCH
2025-09-21 16:33:49 SWITCH CASE DEBUG - ENTERED QUIZ CASE
2025-09-21 16:33:49 QUIZ LOADING DEBUG - quizId: 1
2025-09-21 16:33:49 QUIZ LOADING DEBUG - quizData result: {"id":"1","course_id":"1","quiz_title":"\u0627\u062e\u062a\u0628\u0627\u0631 JavaScript \u0644\u0644\u0645\u0628\u062a\u062f\u0626\u064a\u0646","quiz_desc":"\u0627\u062e\u062a\u0628\u0627\u0631 \u0633\u0647\u0644 \u062c\u062f\u0627\u064b \u0644\u062a\u0642\u064a\u064a\u0645 \u0627\u0644\u0645\u0639\u0631\u0641\u0629 \u0627\u0644\u0623\u0633\u0627\u0633\u064a\u0629 \u0641\u064a JavaScript","quiz_questions":"[\n    {\n        \"question_text\": \"What is the correct data type for numbers in JavaScript?\",\n        \"question_type\": \"multiple_choice\",\n        \"points\": \"1\",\n        \"options\": [\"string\", \"number\", \"integer\", \"float\"],\n        \"correct_answer\": [1]\n    },\n    {\n        \"question_text\": \"Which of these values is considered true in JavaScript?\",\n        \"question_type\": \"multiple_choice\", \n        \"points\": \"1\",\n        \"options\": [\"0\", \"false\", \"null\", \"1\"],\n        \"correct_answer\": [3]\n    }\n]","time_limit":"3","time_limit_minutes":"1","max_attempts":"3","passing_score":"30.00","shuffle_questions":"0","shuffle_answers":"0","show_results":"1","show_results_immediately":"1","active":"1","created_at":"2025-09-21 12:16:53","updated_at":"2025-09-21 15:41:55","course_title":"\u0648\u0635\u0641 \u0645\u062e\u062a\u0635\u0631  \u0643\u0648\u0631\u0633 \u062c\u0627\u0641\u0627 \u0633\u0643\u0631\u064a\u0628\u062a"}
2025-09-21 16:33:49 COURSES_CONTROLLER DEBUG - quizData: {"id":"1","course_id":"1","quiz_title":"\u0627\u062e\u062a\u0628\u0627\u0631 JavaScript \u0644\u0644\u0645\u0628\u062a\u062f\u0626\u064a\u0646","quiz_desc":"\u0627\u062e\u062a\u0628\u0627\u0631 \u0633\u0647\u0644 \u062c\u062f\u0627\u064b \u0644\u062a\u0642\u064a\u064a\u0645 \u0627\u0644\u0645\u0639\u0631\u0641\u0629 \u0627\u0644\u0623\u0633\u0627\u0633\u064a\u0629 \u0641\u064a JavaScript","quiz_questions":"[\n    {\n        \"question_text\": \"What is the correct data type for numbers in JavaScript?\",\n        \"question_type\": \"multiple_choice\",\n        \"points\": \"1\",\n        \"options\": [\"string\", \"number\", \"integer\", \"float\"],\n        \"correct_answer\": [1]\n    },\n    {\n        \"question_text\": \"Which of these values is considered true in JavaScript?\",\n        \"question_type\": \"multiple_choice\", \n        \"points\": \"1\",\n        \"options\": [\"0\", \"false\", \"null\", \"1\"],\n        \"correct_answer\": [3]\n    }\n]","time_limit":"3","time_limit_minutes":"1","max_attempts":"3","passing_score":"30.00","shuffle_questions":"0","shuffle_answers":"0","show_results":"1","show_results_immediately":"1","active":"1","created_at":"2025-09-21 12:16:53","updated_at":"2025-09-21 15:41:55","course_title":"\u0648\u0635\u0641 \u0645\u062e\u062a\u0635\u0631  \u0643\u0648\u0631\u0633 \u062c\u0627\u0641\u0627 \u0633\u0643\u0631\u064a\u0628\u062a"}
2025-09-21 16:33:49 COURSES_CONTROLLER DEBUG - currentItem: {"id":"2","unit_id":"1","unit_name":"\u0627\u0633\u0645 \u0627\u0644\u0648\u062d\u062f\u0629 *","item_type":"quiz","title":"tert","description":"\u0644\u0627 \u064a\u0648\u062c\u062f \u0648\u0635\u0641","item_id":"","duration":0,"thumbnail":"","metadata":{"quiz_id":"1"},"quiz_details":null,"page_details":null,"is_preview":false}
2025-09-21 16:33:49 COURSES_CONTROLLER DEBUG - requestedItemId: 2
2025-09-21 16:33:49 COURSES_CONTROLLER DEBUG - flatItems count: 7
2025-09-21 16:33:49 COURSE_VIEW DEBUG - current_item: {"id":"2","unit_id":"1","unit_name":"\u0627\u0633\u0645 \u0627\u0644\u0648\u062d\u062f\u0629 *","item_type":"quiz","title":"tert","description":"\u0644\u0627 \u064a\u0648\u062c\u062f \u0648\u0635\u0641","item_id":"","duration":0,"thumbnail":"","metadata":{"quiz_id":"1"},"quiz_details":null,"page_details":null,"is_preview":false}
2025-09-21 16:33:49 COURSE_VIEW DEBUG - current_id: 2
2025-09-21 16:33:49 COURSE_VIEW DEBUG - course_id: 1
2025-09-21 16:40:27 SWITCH CASE DEBUG - ENTERING IF BLOCK
2025-09-21 16:40:27 SWITCH CASE DEBUG - item_type: quiz
2025-09-21 16:40:27 SWITCH CASE DEBUG - metadata: {"quiz_id":"1"}
2025-09-21 16:40:27 SWITCH CASE DEBUG - ABOUT TO ENTER SWITCH
2025-09-21 16:40:27 SWITCH CASE DEBUG - ENTERED QUIZ CASE
2025-09-21 16:40:27 QUIZ LOADING DEBUG - quizId: 1
2025-09-21 16:40:27 QUIZ LOADING DEBUG - quizData result: {"id":"1","course_id":"1","quiz_title":"\u0627\u062e\u062a\u0628\u0627\u0631 JavaScript \u0644\u0644\u0645\u0628\u062a\u062f\u0626\u064a\u0646","quiz_desc":"\u0627\u062e\u062a\u0628\u0627\u0631 \u0633\u0647\u0644 \u062c\u062f\u0627\u064b \u0644\u062a\u0642\u064a\u064a\u0645 \u0627\u0644\u0645\u0639\u0631\u0641\u0629 \u0627\u0644\u0623\u0633\u0627\u0633\u064a\u0629 \u0641\u064a JavaScript","quiz_questions":"[\n    {\n        \"question_text\": \"What is the correct data type for numbers in JavaScript?\",\n        \"question_type\": \"multiple_choice\",\n        \"points\": \"1\",\n        \"options\": [\"string\", \"number\", \"integer\", \"float\"],\n        \"correct_answer\": [1]\n    },\n    {\n        \"question_text\": \"Which of these values is considered true in JavaScript?\",\n        \"question_type\": \"multiple_choice\", \n        \"points\": \"1\",\n        \"options\": [\"0\", \"false\", \"null\", \"1\"],\n        \"correct_answer\": [3]\n    }\n]","time_limit":"3","time_limit_minutes":"1","max_attempts":"3","passing_score":"30.00","shuffle_questions":"0","shuffle_answers":"0","show_results":"1","show_results_immediately":"1","active":"1","created_at":"2025-09-21 12:16:53","updated_at":"2025-09-21 15:41:55","course_title":"\u0648\u0635\u0641 \u0645\u062e\u062a\u0635\u0631  \u0643\u0648\u0631\u0633 \u062c\u0627\u0641\u0627 \u0633\u0643\u0631\u064a\u0628\u062a"}
2025-09-21 16:40:27 COURSES_CONTROLLER DEBUG - quizData: {"id":"1","course_id":"1","quiz_title":"\u0627\u062e\u062a\u0628\u0627\u0631 JavaScript \u0644\u0644\u0645\u0628\u062a\u062f\u0626\u064a\u0646","quiz_desc":"\u0627\u062e\u062a\u0628\u0627\u0631 \u0633\u0647\u0644 \u062c\u062f\u0627\u064b \u0644\u062a\u0642\u064a\u064a\u0645 \u0627\u0644\u0645\u0639\u0631\u0641\u0629 \u0627\u0644\u0623\u0633\u0627\u0633\u064a\u0629 \u0641\u064a JavaScript","quiz_questions":"[\n    {\n        \"question_text\": \"What is the correct data type for numbers in JavaScript?\",\n        \"question_type\": \"multiple_choice\",\n        \"points\": \"1\",\n        \"options\": [\"string\", \"number\", \"integer\", \"float\"],\n        \"correct_answer\": [1]\n    },\n    {\n        \"question_text\": \"Which of these values is considered true in JavaScript?\",\n        \"question_type\": \"multiple_choice\", \n        \"points\": \"1\",\n        \"options\": [\"0\", \"false\", \"null\", \"1\"],\n        \"correct_answer\": [3]\n    }\n]","time_limit":"3","time_limit_minutes":"1","max_attempts":"3","passing_score":"30.00","shuffle_questions":"0","shuffle_answers":"0","show_results":"1","show_results_immediately":"1","active":"1","created_at":"2025-09-21 12:16:53","updated_at":"2025-09-21 15:41:55","course_title":"\u0648\u0635\u0641 \u0645\u062e\u062a\u0635\u0631  \u0643\u0648\u0631\u0633 \u062c\u0627\u0641\u0627 \u0633\u0643\u0631\u064a\u0628\u062a"}
2025-09-21 16:40:27 COURSES_CONTROLLER DEBUG - currentItem: {"id":"2","unit_id":"1","unit_name":"\u0627\u0633\u0645 \u0627\u0644\u0648\u062d\u062f\u0629 *","item_type":"quiz","title":"tert","description":"\u0644\u0627 \u064a\u0648\u062c\u062f \u0648\u0635\u0641","item_id":"","duration":0,"thumbnail":"","metadata":{"quiz_id":"1"},"quiz_details":null,"page_details":null,"is_preview":false}
2025-09-21 16:40:27 COURSES_CONTROLLER DEBUG - requestedItemId: 2
2025-09-21 16:40:27 COURSES_CONTROLLER DEBUG - flatItems count: 7
2025-09-21 16:40:27 COURSE_VIEW DEBUG - current_item: {"id":"2","unit_id":"1","unit_name":"\u0627\u0633\u0645 \u0627\u0644\u0648\u062d\u062f\u0629 *","item_type":"quiz","title":"tert","description":"\u0644\u0627 \u064a\u0648\u062c\u062f \u0648\u0635\u0641","item_id":"","duration":0,"thumbnail":"","metadata":{"quiz_id":"1"},"quiz_details":null,"page_details":null,"is_preview":false}
2025-09-21 16:40:27 COURSE_VIEW DEBUG - current_id: 2
2025-09-21 16:40:27 COURSE_VIEW DEBUG - course_id: 1
2025-09-21 17:08:14 SWITCH CASE DEBUG - ENTERING IF BLOCK
2025-09-21 17:08:14 SWITCH CASE DEBUG - item_type: video
2025-09-21 17:08:14 SWITCH CASE DEBUG - metadata: {"video_id":"7a461808-1048-4d73-afdd-985bb3c131cd","file_size":154202982,"video_title":"\u0645\u0627 \u0647\u0648 \u0627\u062e\u062a\u0628\u0627\u0631 TOFAS .mkv","collection_id":"6d877b87-0faf-4841-b82f-b00e01a6c4ec","video_quality":"2060x1080","video_duration":533,"video_thumbnail":"https:\/\/vz-495222.b-cdn.net\/7a461808-1048-4d73-afdd-985bb3c131cd\/thumbnail.jpg","video_library_id":""}
2025-09-21 17:08:14 SWITCH CASE DEBUG - ABOUT TO ENTER SWITCH
2025-09-21 17:08:14 SWITCH CASE DEBUG - ENTERED VIDEO CASE
2025-09-21 17:08:14 COURSES_CONTROLLER DEBUG - quizData: null
2025-09-21 17:08:14 COURSES_CONTROLLER DEBUG - currentItem: {"id":"1","unit_id":"1","unit_name":"\u0627\u0633\u0645 \u0627\u0644\u0648\u062d\u062f\u0629 *","item_type":"video","title":"\u0645\u0627 \u0647\u0648 \u0627\u062e\u062a\u0628\u0627\u0631 TOFAS .mkv","description":"","item_id":"","duration":533,"thumbnail":"https:\/\/vz-495222.b-cdn.net\/7a461808-1048-4d73-afdd-985bb3c131cd\/thumbnail.jpg","metadata":{"video_id":"7a461808-1048-4d73-afdd-985bb3c131cd","file_size":154202982,"video_title":"\u0645\u0627 \u0647\u0648 \u0627\u062e\u062a\u0628\u0627\u0631 TOFAS .mkv","collection_id":"6d877b87-0faf-4841-b82f-b00e01a6c4ec","video_quality":"2060x1080","video_duration":533,"video_thumbnail":"https:\/\/vz-495222.b-cdn.net\/7a461808-1048-4d73-afdd-985bb3c131cd\/thumbnail.jpg","video_library_id":""},"quiz_details":null,"page_details":null,"is_preview":false}
2025-09-21 17:08:14 COURSES_CONTROLLER DEBUG - requestedItemId: 1
2025-09-21 17:08:14 COURSES_CONTROLLER DEBUG - flatItems count: 7
2025-09-21 17:08:14 COURSE_VIEW DEBUG - current_item: {"id":"1","unit_id":"1","unit_name":"\u0627\u0633\u0645 \u0627\u0644\u0648\u062d\u062f\u0629 *","item_type":"video","title":"\u0645\u0627 \u0647\u0648 \u0627\u062e\u062a\u0628\u0627\u0631 TOFAS .mkv","description":"","item_id":"","duration":533,"thumbnail":"https:\/\/vz-495222.b-cdn.net\/7a461808-1048-4d73-afdd-985bb3c131cd\/thumbnail.jpg","metadata":{"video_id":"7a461808-1048-4d73-afdd-985bb3c131cd","file_size":154202982,"video_title":"\u0645\u0627 \u0647\u0648 \u0627\u062e\u062a\u0628\u0627\u0631 TOFAS .mkv","collection_id":"6d877b87-0faf-4841-b82f-b00e01a6c4ec","video_quality":"2060x1080","video_duration":533,"video_thumbnail":"https:\/\/vz-495222.b-cdn.net\/7a461808-1048-4d73-afdd-985bb3c131cd\/thumbnail.jpg","video_library_id":""},"quiz_details":null,"page_details":null,"is_preview":false}
2025-09-21 17:08:14 COURSE_VIEW DEBUG - current_id: 1
2025-09-21 17:08:14 COURSE_VIEW DEBUG - course_id: 1
2025-09-21 17:09:59 SWITCH CASE DEBUG - ENTERING IF BLOCK
2025-09-21 17:09:59 SWITCH CASE DEBUG - item_type: quiz
2025-09-21 17:09:59 SWITCH CASE DEBUG - metadata: {"quiz_id":"1"}
2025-09-21 17:09:59 SWITCH CASE DEBUG - ABOUT TO ENTER SWITCH
2025-09-21 17:09:59 SWITCH CASE DEBUG - ENTERED QUIZ CASE
2025-09-21 17:09:59 QUIZ LOADING DEBUG - quizId: 1
2025-09-21 17:09:59 QUIZ LOADING DEBUG - quizData result: {"id":"1","course_id":"1","quiz_title":"\u0627\u062e\u062a\u0628\u0627\u0631 JavaScript \u0644\u0644\u0645\u0628\u062a\u062f\u0626\u064a\u0646","quiz_desc":"\u0627\u062e\u062a\u0628\u0627\u0631 \u0633\u0647\u0644 \u062c\u062f\u0627\u064b \u0644\u062a\u0642\u064a\u064a\u0645 \u0627\u0644\u0645\u0639\u0631\u0641\u0629 \u0627\u0644\u0623\u0633\u0627\u0633\u064a\u0629 \u0641\u064a JavaScript","quiz_questions":"[\n    {\n        \"question_text\": \"What is the correct data type for numbers in JavaScript?\",\n        \"question_type\": \"multiple_choice\",\n        \"points\": \"1\",\n        \"options\": [\"string\", \"number\", \"integer\", \"float\"],\n        \"correct_answer\": [1]\n    },\n    {\n        \"question_text\": \"Which of these values is considered true in JavaScript?\",\n        \"question_type\": \"multiple_choice\", \n        \"points\": \"1\",\n        \"options\": [\"0\", \"false\", \"null\", \"1\"],\n        \"correct_answer\": [3]\n    }\n]","time_limit":"3","time_limit_minutes":"1","max_attempts":"3","passing_score":"30.00","shuffle_questions":"0","shuffle_answers":"0","show_results":"1","show_results_immediately":"1","active":"1","created_at":"2025-09-21 12:16:53","updated_at":"2025-09-21 15:41:55","course_title":"\u0648\u0635\u0641 \u0645\u062e\u062a\u0635\u0631  \u0643\u0648\u0631\u0633 \u062c\u0627\u0641\u0627 \u0633\u0643\u0631\u064a\u0628\u062a"}
2025-09-21 17:09:59 COURSES_CONTROLLER DEBUG - quizData: {"id":"1","course_id":"1","quiz_title":"\u0627\u062e\u062a\u0628\u0627\u0631 JavaScript \u0644\u0644\u0645\u0628\u062a\u062f\u0626\u064a\u0646","quiz_desc":"\u0627\u062e\u062a\u0628\u0627\u0631 \u0633\u0647\u0644 \u062c\u062f\u0627\u064b \u0644\u062a\u0642\u064a\u064a\u0645 \u0627\u0644\u0645\u0639\u0631\u0641\u0629 \u0627\u0644\u0623\u0633\u0627\u0633\u064a\u0629 \u0641\u064a JavaScript","quiz_questions":"[\n    {\n        \"question_text\": \"What is the correct data type for numbers in JavaScript?\",\n        \"question_type\": \"multiple_choice\",\n        \"points\": \"1\",\n        \"options\": [\"string\", \"number\", \"integer\", \"float\"],\n        \"correct_answer\": [1]\n    },\n    {\n        \"question_text\": \"Which of these values is considered true in JavaScript?\",\n        \"question_type\": \"multiple_choice\", \n        \"points\": \"1\",\n        \"options\": [\"0\", \"false\", \"null\", \"1\"],\n        \"correct_answer\": [3]\n    }\n]","time_limit":"3","time_limit_minutes":"1","max_attempts":"3","passing_score":"30.00","shuffle_questions":"0","shuffle_answers":"0","show_results":"1","show_results_immediately":"1","active":"1","created_at":"2025-09-21 12:16:53","updated_at":"2025-09-21 15:41:55","course_title":"\u0648\u0635\u0641 \u0645\u062e\u062a\u0635\u0631  \u0643\u0648\u0631\u0633 \u062c\u0627\u0641\u0627 \u0633\u0643\u0631\u064a\u0628\u062a"}
2025-09-21 17:09:59 COURSES_CONTROLLER DEBUG - currentItem: {"id":"2","unit_id":"1","unit_name":"\u0627\u0633\u0645 \u0627\u0644\u0648\u062d\u062f\u0629 *","item_type":"quiz","title":"tert","description":"\u0644\u0627 \u064a\u0648\u062c\u062f \u0648\u0635\u0641","item_id":"","duration":0,"thumbnail":"","metadata":{"quiz_id":"1"},"quiz_details":null,"page_details":null,"is_preview":false}
2025-09-21 17:09:59 COURSES_CONTROLLER DEBUG - requestedItemId: 2
2025-09-21 17:09:59 COURSES_CONTROLLER DEBUG - flatItems count: 7
2025-09-21 17:09:59 COURSE_VIEW DEBUG - current_item: {"id":"2","unit_id":"1","unit_name":"\u0627\u0633\u0645 \u0627\u0644\u0648\u062d\u062f\u0629 *","item_type":"quiz","title":"tert","description":"\u0644\u0627 \u064a\u0648\u062c\u062f \u0648\u0635\u0641","item_id":"","duration":0,"thumbnail":"","metadata":{"quiz_id":"1"},"quiz_details":null,"page_details":null,"is_preview":false}
2025-09-21 17:09:59 COURSE_VIEW DEBUG - current_id: 2
2025-09-21 17:09:59 COURSE_VIEW DEBUG - course_id: 1
2025-09-21 17:11:33 SWITCH CASE DEBUG - ENTERING IF BLOCK
2025-09-21 17:11:33 SWITCH CASE DEBUG - item_type: quiz
2025-09-21 17:11:33 SWITCH CASE DEBUG - metadata: {"quiz_id":"1"}
2025-09-21 17:11:33 SWITCH CASE DEBUG - ABOUT TO ENTER SWITCH
2025-09-21 17:11:33 SWITCH CASE DEBUG - ENTERED QUIZ CASE
2025-09-21 17:11:33 QUIZ LOADING DEBUG - quizId: 1
2025-09-21 17:11:33 QUIZ LOADING DEBUG - quizData result: {"id":"1","course_id":"1","quiz_title":"\u0627\u062e\u062a\u0628\u0627\u0631 JavaScript \u0644\u0644\u0645\u0628\u062a\u062f\u0626\u064a\u0646","quiz_desc":"\u0627\u062e\u062a\u0628\u0627\u0631 \u0633\u0647\u0644 \u062c\u062f\u0627\u064b \u0644\u062a\u0642\u064a\u064a\u0645 \u0627\u0644\u0645\u0639\u0631\u0641\u0629 \u0627\u0644\u0623\u0633\u0627\u0633\u064a\u0629 \u0641\u064a JavaScript","quiz_questions":"[\n    {\n        \"question_text\": \"What is the correct data type for numbers in JavaScript?\",\n        \"question_type\": \"multiple_choice\",\n        \"points\": \"1\",\n        \"options\": [\"string\", \"number\", \"integer\", \"float\"],\n        \"correct_answer\": [1]\n    },\n    {\n        \"question_text\": \"Which of these values is considered true in JavaScript?\",\n        \"question_type\": \"multiple_choice\", \n        \"points\": \"1\",\n        \"options\": [\"0\", \"false\", \"null\", \"1\"],\n        \"correct_answer\": [3]\n    }\n]","time_limit":"3","time_limit_minutes":"1","max_attempts":"3","passing_score":"30.00","shuffle_questions":"0","shuffle_answers":"0","show_results":"1","show_results_immediately":"1","active":"1","created_at":"2025-09-21 12:16:53","updated_at":"2025-09-21 15:41:55","course_title":"\u0648\u0635\u0641 \u0645\u062e\u062a\u0635\u0631  \u0643\u0648\u0631\u0633 \u062c\u0627\u0641\u0627 \u0633\u0643\u0631\u064a\u0628\u062a"}
2025-09-21 17:11:33 COURSES_CONTROLLER DEBUG - quizData: {"id":"1","course_id":"1","quiz_title":"\u0627\u062e\u062a\u0628\u0627\u0631 JavaScript \u0644\u0644\u0645\u0628\u062a\u062f\u0626\u064a\u0646","quiz_desc":"\u0627\u062e\u062a\u0628\u0627\u0631 \u0633\u0647\u0644 \u062c\u062f\u0627\u064b \u0644\u062a\u0642\u064a\u064a\u0645 \u0627\u0644\u0645\u0639\u0631\u0641\u0629 \u0627\u0644\u0623\u0633\u0627\u0633\u064a\u0629 \u0641\u064a JavaScript","quiz_questions":"[\n    {\n        \"question_text\": \"What is the correct data type for numbers in JavaScript?\",\n        \"question_type\": \"multiple_choice\",\n        \"points\": \"1\",\n        \"options\": [\"string\", \"number\", \"integer\", \"float\"],\n        \"correct_answer\": [1]\n    },\n    {\n        \"question_text\": \"Which of these values is considered true in JavaScript?\",\n        \"question_type\": \"multiple_choice\", \n        \"points\": \"1\",\n        \"options\": [\"0\", \"false\", \"null\", \"1\"],\n        \"correct_answer\": [3]\n    }\n]","time_limit":"3","time_limit_minutes":"1","max_attempts":"3","passing_score":"30.00","shuffle_questions":"0","shuffle_answers":"0","show_results":"1","show_results_immediately":"1","active":"1","created_at":"2025-09-21 12:16:53","updated_at":"2025-09-21 15:41:55","course_title":"\u0648\u0635\u0641 \u0645\u062e\u062a\u0635\u0631  \u0643\u0648\u0631\u0633 \u062c\u0627\u0641\u0627 \u0633\u0643\u0631\u064a\u0628\u062a"}
2025-09-21 17:11:33 COURSES_CONTROLLER DEBUG - currentItem: {"id":"2","unit_id":"1","unit_name":"\u0627\u0633\u0645 \u0627\u0644\u0648\u062d\u062f\u0629 *","item_type":"quiz","title":"tert","description":"\u0644\u0627 \u064a\u0648\u062c\u062f \u0648\u0635\u0641","item_id":"","duration":0,"thumbnail":"","metadata":{"quiz_id":"1"},"quiz_details":null,"page_details":null,"is_preview":false}
2025-09-21 17:11:33 COURSES_CONTROLLER DEBUG - requestedItemId: 2
2025-09-21 17:11:33 COURSES_CONTROLLER DEBUG - flatItems count: 7
2025-09-21 17:11:33 COURSE_VIEW DEBUG - current_item: {"id":"2","unit_id":"1","unit_name":"\u0627\u0633\u0645 \u0627\u0644\u0648\u062d\u062f\u0629 *","item_type":"quiz","title":"tert","description":"\u0644\u0627 \u064a\u0648\u062c\u062f \u0648\u0635\u0641","item_id":"","duration":0,"thumbnail":"","metadata":{"quiz_id":"1"},"quiz_details":null,"page_details":null,"is_preview":false}
2025-09-21 17:11:33 COURSE_VIEW DEBUG - current_id: 2
2025-09-21 17:11:33 COURSE_VIEW DEBUG - course_id: 1
2025-09-21 17:11:55 SWITCH CASE DEBUG - ENTERING IF BLOCK
2025-09-21 17:11:55 SWITCH CASE DEBUG - item_type: quiz
2025-09-21 17:11:55 SWITCH CASE DEBUG - metadata: {"quiz_id":"1"}
2025-09-21 17:11:55 SWITCH CASE DEBUG - ABOUT TO ENTER SWITCH
2025-09-21 17:11:55 SWITCH CASE DEBUG - ENTERED QUIZ CASE
2025-09-21 17:11:55 QUIZ LOADING DEBUG - quizId: 1
2025-09-21 17:11:55 QUIZ LOADING DEBUG - quizData result: {"id":"1","course_id":"1","quiz_title":"\u0627\u062e\u062a\u0628\u0627\u0631 JavaScript \u0644\u0644\u0645\u0628\u062a\u062f\u0626\u064a\u0646","quiz_desc":"\u0627\u062e\u062a\u0628\u0627\u0631 \u0633\u0647\u0644 \u062c\u062f\u0627\u064b \u0644\u062a\u0642\u064a\u064a\u0645 \u0627\u0644\u0645\u0639\u0631\u0641\u0629 \u0627\u0644\u0623\u0633\u0627\u0633\u064a\u0629 \u0641\u064a JavaScript","quiz_questions":"[\n    {\n        \"question_text\": \"What is the correct data type for numbers in JavaScript?\",\n        \"question_type\": \"multiple_choice\",\n        \"points\": \"1\",\n        \"options\": [\"string\", \"number\", \"integer\", \"float\"],\n        \"correct_answer\": [1]\n    },\n    {\n        \"question_text\": \"Which of these values is considered true in JavaScript?\",\n        \"question_type\": \"multiple_choice\", \n        \"points\": \"1\",\n        \"options\": [\"0\", \"false\", \"null\", \"1\"],\n        \"correct_answer\": [3]\n    }\n]","time_limit":"3","time_limit_minutes":"1","max_attempts":"3","passing_score":"30.00","shuffle_questions":"0","shuffle_answers":"0","show_results":"1","show_results_immediately":"1","active":"1","created_at":"2025-09-21 12:16:53","updated_at":"2025-09-21 15:41:55","course_title":"\u0648\u0635\u0641 \u0645\u062e\u062a\u0635\u0631  \u0643\u0648\u0631\u0633 \u062c\u0627\u0641\u0627 \u0633\u0643\u0631\u064a\u0628\u062a"}
2025-09-21 17:11:55 SESSION DEBUG - User ID: NULL
2025-09-21 17:11:55 SESSION DEBUG - Session data: {"__ci_last_regenerate":1758463914,"lang":"ar","csrf_test_name":"26e2eff19e580c9cb2de04203a425b20","user":{"id":1}}
2025-09-21 17:11:55 COURSES_CONTROLLER DEBUG - quizData: {"id":"1","course_id":"1","quiz_title":"\u0627\u062e\u062a\u0628\u0627\u0631 JavaScript \u0644\u0644\u0645\u0628\u062a\u062f\u0626\u064a\u0646","quiz_desc":"\u0627\u062e\u062a\u0628\u0627\u0631 \u0633\u0647\u0644 \u062c\u062f\u0627\u064b \u0644\u062a\u0642\u064a\u064a\u0645 \u0627\u0644\u0645\u0639\u0631\u0641\u0629 \u0627\u0644\u0623\u0633\u0627\u0633\u064a\u0629 \u0641\u064a JavaScript","quiz_questions":"[\n    {\n        \"question_text\": \"What is the correct data type for numbers in JavaScript?\",\n        \"question_type\": \"multiple_choice\",\n        \"points\": \"1\",\n        \"options\": [\"string\", \"number\", \"integer\", \"float\"],\n        \"correct_answer\": [1]\n    },\n    {\n        \"question_text\": \"Which of these values is considered true in JavaScript?\",\n        \"question_type\": \"multiple_choice\", \n        \"points\": \"1\",\n        \"options\": [\"0\", \"false\", \"null\", \"1\"],\n        \"correct_answer\": [3]\n    }\n]","time_limit":"3","time_limit_minutes":"1","max_attempts":"3","passing_score":"30.00","shuffle_questions":"0","shuffle_answers":"0","show_results":"1","show_results_immediately":"1","active":"1","created_at":"2025-09-21 12:16:53","updated_at":"2025-09-21 15:41:55","course_title":"\u0648\u0635\u0641 \u0645\u062e\u062a\u0635\u0631  \u0643\u0648\u0631\u0633 \u062c\u0627\u0641\u0627 \u0633\u0643\u0631\u064a\u0628\u062a"}
2025-09-21 17:11:55 COURSES_CONTROLLER DEBUG - currentItem: {"id":"2","unit_id":"1","unit_name":"\u0627\u0633\u0645 \u0627\u0644\u0648\u062d\u062f\u0629 *","item_type":"quiz","title":"tert","description":"\u0644\u0627 \u064a\u0648\u062c\u062f \u0648\u0635\u0641","item_id":"","duration":0,"thumbnail":"","metadata":{"quiz_id":"1"},"quiz_details":null,"page_details":null,"is_preview":false}
2025-09-21 17:11:55 COURSES_CONTROLLER DEBUG - requestedItemId: 2
2025-09-21 17:11:55 COURSES_CONTROLLER DEBUG - flatItems count: 7
2025-09-21 17:11:55 COURSE_VIEW DEBUG - current_item: {"id":"2","unit_id":"1","unit_name":"\u0627\u0633\u0645 \u0627\u0644\u0648\u062d\u062f\u0629 *","item_type":"quiz","title":"tert","description":"\u0644\u0627 \u064a\u0648\u062c\u062f \u0648\u0635\u0641","item_id":"","duration":0,"thumbnail":"","metadata":{"quiz_id":"1"},"quiz_details":null,"page_details":null,"is_preview":false}
2025-09-21 17:11:55 COURSE_VIEW DEBUG - current_id: 2
2025-09-21 17:11:55 COURSE_VIEW DEBUG - course_id: 1
2025-09-21 17:12:34 SWITCH CASE DEBUG - ENTERING IF BLOCK
2025-09-21 17:12:34 SWITCH CASE DEBUG - item_type: quiz
2025-09-21 17:12:34 SWITCH CASE DEBUG - metadata: {"quiz_id":"1"}
2025-09-21 17:12:34 SWITCH CASE DEBUG - ABOUT TO ENTER SWITCH
2025-09-21 17:12:34 SWITCH CASE DEBUG - ENTERED QUIZ CASE
2025-09-21 17:12:34 QUIZ LOADING DEBUG - quizId: 1
2025-09-21 17:12:34 QUIZ LOADING DEBUG - quizData result: {"id":"1","course_id":"1","quiz_title":"\u0627\u062e\u062a\u0628\u0627\u0631 JavaScript \u0644\u0644\u0645\u0628\u062a\u062f\u0626\u064a\u0646","quiz_desc":"\u0627\u062e\u062a\u0628\u0627\u0631 \u0633\u0647\u0644 \u062c\u062f\u0627\u064b \u0644\u062a\u0642\u064a\u064a\u0645 \u0627\u0644\u0645\u0639\u0631\u0641\u0629 \u0627\u0644\u0623\u0633\u0627\u0633\u064a\u0629 \u0641\u064a JavaScript","quiz_questions":"[\n    {\n        \"question_text\": \"What is the correct data type for numbers in JavaScript?\",\n        \"question_type\": \"multiple_choice\",\n        \"points\": \"1\",\n        \"options\": [\"string\", \"number\", \"integer\", \"float\"],\n        \"correct_answer\": [1]\n    },\n    {\n        \"question_text\": \"Which of these values is considered true in JavaScript?\",\n        \"question_type\": \"multiple_choice\", \n        \"points\": \"1\",\n        \"options\": [\"0\", \"false\", \"null\", \"1\"],\n        \"correct_answer\": [3]\n    }\n]","time_limit":"3","time_limit_minutes":"1","max_attempts":"3","passing_score":"30.00","shuffle_questions":"0","shuffle_answers":"0","show_results":"1","show_results_immediately":"1","active":"1","created_at":"2025-09-21 12:16:53","updated_at":"2025-09-21 15:41:55","course_title":"\u0648\u0635\u0641 \u0645\u062e\u062a\u0635\u0631  \u0643\u0648\u0631\u0633 \u062c\u0627\u0641\u0627 \u0633\u0643\u0631\u064a\u0628\u062a"}
2025-09-21 17:12:34 SESSION DEBUG - User ID: 1
2025-09-21 17:12:34 SESSION DEBUG - Session data: {"__ci_last_regenerate":1758463953,"lang":"ar","csrf_test_name":"4d6059115b2c5fea1f31eec04262af2c","user":{"id":1}}
2025-09-21 17:12:34 ATTEMPT INFO DEBUG - User: 1, Attempts: 1/3
2025-09-21 17:12:34 COURSES_CONTROLLER DEBUG - quizData: {"id":"1","course_id":"1","quiz_title":"\u0627\u062e\u062a\u0628\u0627\u0631 JavaScript \u0644\u0644\u0645\u0628\u062a\u062f\u0626\u064a\u0646","quiz_desc":"\u0627\u062e\u062a\u0628\u0627\u0631 \u0633\u0647\u0644 \u062c\u062f\u0627\u064b \u0644\u062a\u0642\u064a\u064a\u0645 \u0627\u0644\u0645\u0639\u0631\u0641\u0629 \u0627\u0644\u0623\u0633\u0627\u0633\u064a\u0629 \u0641\u064a JavaScript","quiz_questions":"[\n    {\n        \"question_text\": \"What is the correct data type for numbers in JavaScript?\",\n        \"question_type\": \"multiple_choice\",\n        \"points\": \"1\",\n        \"options\": [\"string\", \"number\", \"integer\", \"float\"],\n        \"correct_answer\": [1]\n    },\n    {\n        \"question_text\": \"Which of these values is considered true in JavaScript?\",\n        \"question_type\": \"multiple_choice\", \n        \"points\": \"1\",\n        \"options\": [\"0\", \"false\", \"null\", \"1\"],\n        \"correct_answer\": [3]\n    }\n]","time_limit":"3","time_limit_minutes":"1","max_attempts":"3","passing_score":"30.00","shuffle_questions":"0","shuffle_answers":"0","show_results":"1","show_results_immediately":"1","active":"1","created_at":"2025-09-21 12:16:53","updated_at":"2025-09-21 15:41:55","course_title":"\u0648\u0635\u0641 \u0645\u062e\u062a\u0635\u0631  \u0643\u0648\u0631\u0633 \u062c\u0627\u0641\u0627 \u0633\u0643\u0631\u064a\u0628\u062a","user_attempt_count":1,"user_best_score":"50.00","remaining_attempts":2,"has_exceeded_attempts":false,"user_latest_attempt":{"id":"14","quiz_id":"1","user_id":"1","score":"50.00","time_taken_seconds":"17","is_passed":"1","user_answers":"[[\"2\"],[\"3\"]]","quiz_questions":"[\n    {\n        \"question_text\": \"What is the correct data type for numbers in JavaScript?\",\n        \"question_type\": \"multiple_choice\",\n        \"points\": \"1\",\n        \"options\": [\"string\", \"number\", \"integer\", \"float\"],\n        \"correct_answer\": [1]\n    },\n    {\n        \"question_text\": \"Which of these values is considered true in JavaScript?\",\n        \"question_type\": \"multiple_choice\", \n        \"points\": \"1\",\n        \"options\": [\"0\", \"false\", \"null\", \"1\"],\n        \"correct_answer\": [3]\n    }\n]","attempt_date":"2025-09-21 16:33:28","created_at":"2025-09-21 16:33:28","updated_at":"2025-09-21 16:33:46"}}
2025-09-21 17:12:34 COURSES_CONTROLLER DEBUG - currentItem: {"id":"2","unit_id":"1","unit_name":"\u0627\u0633\u0645 \u0627\u0644\u0648\u062d\u062f\u0629 *","item_type":"quiz","title":"tert","description":"\u0644\u0627 \u064a\u0648\u062c\u062f \u0648\u0635\u0641","item_id":"","duration":0,"thumbnail":"","metadata":{"quiz_id":"1"},"quiz_details":null,"page_details":null,"is_preview":false}
2025-09-21 17:12:34 COURSES_CONTROLLER DEBUG - requestedItemId: 2
2025-09-21 17:12:34 COURSES_CONTROLLER DEBUG - flatItems count: 7
2025-09-21 17:12:34 COURSE_VIEW DEBUG - current_item: {"id":"2","unit_id":"1","unit_name":"\u0627\u0633\u0645 \u0627\u0644\u0648\u062d\u062f\u0629 *","item_type":"quiz","title":"tert","description":"\u0644\u0627 \u064a\u0648\u062c\u062f \u0648\u0635\u0641","item_id":"","duration":0,"thumbnail":"","metadata":{"quiz_id":"1"},"quiz_details":null,"page_details":null,"is_preview":false}
2025-09-21 17:12:34 COURSE_VIEW DEBUG - current_id: 2
2025-09-21 17:12:34 COURSE_VIEW DEBUG - course_id: 1
2025-09-21 17:13:49 SWITCH CASE DEBUG - ENTERING IF BLOCK
2025-09-21 17:13:49 SWITCH CASE DEBUG - item_type: quiz
2025-09-21 17:13:49 SWITCH CASE DEBUG - metadata: {"quiz_id":"1"}
2025-09-21 17:13:49 SWITCH CASE DEBUG - ABOUT TO ENTER SWITCH
2025-09-21 17:13:49 SWITCH CASE DEBUG - ENTERED QUIZ CASE
2025-09-21 17:13:49 QUIZ LOADING DEBUG - quizId: 1
2025-09-21 17:13:49 QUIZ LOADING DEBUG - quizData result: {"id":"1","course_id":"1","quiz_title":"\u0627\u062e\u062a\u0628\u0627\u0631 JavaScript \u0644\u0644\u0645\u0628\u062a\u062f\u0626\u064a\u0646","quiz_desc":"\u0627\u062e\u062a\u0628\u0627\u0631 \u0633\u0647\u0644 \u062c\u062f\u0627\u064b \u0644\u062a\u0642\u064a\u064a\u0645 \u0627\u0644\u0645\u0639\u0631\u0641\u0629 \u0627\u0644\u0623\u0633\u0627\u0633\u064a\u0629 \u0641\u064a JavaScript","quiz_questions":"[\n    {\n        \"question_text\": \"What is the correct data type for numbers in JavaScript?\",\n        \"question_type\": \"multiple_choice\",\n        \"points\": \"1\",\n        \"options\": [\"string\", \"number\", \"integer\", \"float\"],\n        \"correct_answer\": [1]\n    },\n    {\n        \"question_text\": \"Which of these values is considered true in JavaScript?\",\n        \"question_type\": \"multiple_choice\", \n        \"points\": \"1\",\n        \"options\": [\"0\", \"false\", \"null\", \"1\"],\n        \"correct_answer\": [3]\n    }\n]","time_limit":"3","time_limit_minutes":"1","max_attempts":"3","passing_score":"30.00","shuffle_questions":"0","shuffle_answers":"0","show_results":"1","show_results_immediately":"1","active":"1","created_at":"2025-09-21 12:16:53","updated_at":"2025-09-21 15:41:55","course_title":"\u0648\u0635\u0641 \u0645\u062e\u062a\u0635\u0631  \u0643\u0648\u0631\u0633 \u062c\u0627\u0641\u0627 \u0633\u0643\u0631\u064a\u0628\u062a"}
2025-09-21 17:13:49 ATTEMPT INFO DEBUG - User: 1, Attempts: 1/3
2025-09-21 17:13:49 COURSES_CONTROLLER DEBUG - quizData: {"id":"1","course_id":"1","quiz_title":"\u0627\u062e\u062a\u0628\u0627\u0631 JavaScript \u0644\u0644\u0645\u0628\u062a\u062f\u0626\u064a\u0646","quiz_desc":"\u0627\u062e\u062a\u0628\u0627\u0631 \u0633\u0647\u0644 \u062c\u062f\u0627\u064b \u0644\u062a\u0642\u064a\u064a\u0645 \u0627\u0644\u0645\u0639\u0631\u0641\u0629 \u0627\u0644\u0623\u0633\u0627\u0633\u064a\u0629 \u0641\u064a JavaScript","quiz_questions":"[\n    {\n        \"question_text\": \"What is the correct data type for numbers in JavaScript?\",\n        \"question_type\": \"multiple_choice\",\n        \"points\": \"1\",\n        \"options\": [\"string\", \"number\", \"integer\", \"float\"],\n        \"correct_answer\": [1]\n    },\n    {\n        \"question_text\": \"Which of these values is considered true in JavaScript?\",\n        \"question_type\": \"multiple_choice\", \n        \"points\": \"1\",\n        \"options\": [\"0\", \"false\", \"null\", \"1\"],\n        \"correct_answer\": [3]\n    }\n]","time_limit":"3","time_limit_minutes":"1","max_attempts":"3","passing_score":"30.00","shuffle_questions":"0","shuffle_answers":"0","show_results":"1","show_results_immediately":"1","active":"1","created_at":"2025-09-21 12:16:53","updated_at":"2025-09-21 15:41:55","course_title":"\u0648\u0635\u0641 \u0645\u062e\u062a\u0635\u0631  \u0643\u0648\u0631\u0633 \u062c\u0627\u0641\u0627 \u0633\u0643\u0631\u064a\u0628\u062a","user_attempt_count":1,"user_best_score":"50.00","remaining_attempts":2,"has_exceeded_attempts":false,"user_latest_attempt":{"id":"14","quiz_id":"1","user_id":"1","score":"50.00","time_taken_seconds":"17","is_passed":"1","user_answers":"[[\"2\"],[\"3\"]]","quiz_questions":"[\n    {\n        \"question_text\": \"What is the correct data type for numbers in JavaScript?\",\n        \"question_type\": \"multiple_choice\",\n        \"points\": \"1\",\n        \"options\": [\"string\", \"number\", \"integer\", \"float\"],\n        \"correct_answer\": [1]\n    },\n    {\n        \"question_text\": \"Which of these values is considered true in JavaScript?\",\n        \"question_type\": \"multiple_choice\", \n        \"points\": \"1\",\n        \"options\": [\"0\", \"false\", \"null\", \"1\"],\n        \"correct_answer\": [3]\n    }\n]","attempt_date":"2025-09-21 16:33:28","created_at":"2025-09-21 16:33:28","updated_at":"2025-09-21 16:33:46"}}
2025-09-21 17:13:49 COURSES_CONTROLLER DEBUG - currentItem: {"id":"2","unit_id":"1","unit_name":"\u0627\u0633\u0645 \u0627\u0644\u0648\u062d\u062f\u0629 *","item_type":"quiz","title":"tert","description":"\u0644\u0627 \u064a\u0648\u062c\u062f \u0648\u0635\u0641","item_id":"","duration":0,"thumbnail":"","metadata":{"quiz_id":"1"},"quiz_details":null,"page_details":null,"is_preview":false}
2025-09-21 17:13:49 COURSES_CONTROLLER DEBUG - requestedItemId: 2
2025-09-21 17:13:49 COURSES_CONTROLLER DEBUG - flatItems count: 7
2025-09-21 17:13:49 COURSE_VIEW DEBUG - current_item: {"id":"2","unit_id":"1","unit_name":"\u0627\u0633\u0645 \u0627\u0644\u0648\u062d\u062f\u0629 *","item_type":"quiz","title":"tert","description":"\u0644\u0627 \u064a\u0648\u062c\u062f \u0648\u0635\u0641","item_id":"","duration":0,"thumbnail":"","metadata":{"quiz_id":"1"},"quiz_details":null,"page_details":null,"is_preview":false}
2025-09-21 17:13:49 COURSE_VIEW DEBUG - current_id: 2
2025-09-21 17:13:49 COURSE_VIEW DEBUG - course_id: 1
2025-09-21 17:25:53 SWITCH CASE DEBUG - ENTERING IF BLOCK
2025-09-21 17:25:53 SWITCH CASE DEBUG - item_type: quiz
2025-09-21 17:25:53 SWITCH CASE DEBUG - metadata: {"quiz_id":"1"}
2025-09-21 17:25:53 SWITCH CASE DEBUG - ABOUT TO ENTER SWITCH
2025-09-21 17:25:53 SWITCH CASE DEBUG - ENTERED QUIZ CASE
2025-09-21 17:25:53 QUIZ LOADING DEBUG - quizId: 1
2025-09-21 17:25:53 QUIZ LOADING DEBUG - quizData result: {"id":"1","course_id":"1","quiz_title":"\u0627\u062e\u062a\u0628\u0627\u0631 JavaScript \u0644\u0644\u0645\u0628\u062a\u062f\u0626\u064a\u0646","quiz_desc":"\u0627\u062e\u062a\u0628\u0627\u0631 \u0633\u0647\u0644 \u062c\u062f\u0627\u064b \u0644\u062a\u0642\u064a\u064a\u0645 \u0627\u0644\u0645\u0639\u0631\u0641\u0629 \u0627\u0644\u0623\u0633\u0627\u0633\u064a\u0629 \u0641\u064a JavaScript","quiz_questions":"[\n    {\n        \"question_text\": \"What is the correct data type for numbers in JavaScript?\",\n        \"question_type\": \"multiple_choice\",\n        \"points\": \"1\",\n        \"options\": [\"string\", \"number\", \"integer\", \"float\"],\n        \"correct_answer\": [1]\n    },\n    {\n        \"question_text\": \"Which of these values is considered true in JavaScript?\",\n        \"question_type\": \"multiple_choice\", \n        \"points\": \"1\",\n        \"options\": [\"0\", \"false\", \"null\", \"1\"],\n        \"correct_answer\": [3]\n    }\n]","time_limit":"3","time_limit_minutes":"1","max_attempts":"3","passing_score":"30.00","shuffle_questions":"0","shuffle_answers":"0","show_results":"1","show_results_immediately":"1","active":"1","created_at":"2025-09-21 12:16:53","updated_at":"2025-09-21 15:41:55","course_title":"\u0648\u0635\u0641 \u0645\u062e\u062a\u0635\u0631  \u0643\u0648\u0631\u0633 \u062c\u0627\u0641\u0627 \u0633\u0643\u0631\u064a\u0628\u062a"}
2025-09-21 17:25:53 ATTEMPT INFO DEBUG - User: 1, Attempts: 1/3
2025-09-21 17:25:53 COURSES_CONTROLLER DEBUG - quizData: {"id":"1","course_id":"1","quiz_title":"\u0627\u062e\u062a\u0628\u0627\u0631 JavaScript \u0644\u0644\u0645\u0628\u062a\u062f\u0626\u064a\u0646","quiz_desc":"\u0627\u062e\u062a\u0628\u0627\u0631 \u0633\u0647\u0644 \u062c\u062f\u0627\u064b \u0644\u062a\u0642\u064a\u064a\u0645 \u0627\u0644\u0645\u0639\u0631\u0641\u0629 \u0627\u0644\u0623\u0633\u0627\u0633\u064a\u0629 \u0641\u064a JavaScript","quiz_questions":"[\n    {\n        \"question_text\": \"What is the correct data type for numbers in JavaScript?\",\n        \"question_type\": \"multiple_choice\",\n        \"points\": \"1\",\n        \"options\": [\"string\", \"number\", \"integer\", \"float\"],\n        \"correct_answer\": [1]\n    },\n    {\n        \"question_text\": \"Which of these values is considered true in JavaScript?\",\n        \"question_type\": \"multiple_choice\", \n        \"points\": \"1\",\n        \"options\": [\"0\", \"false\", \"null\", \"1\"],\n        \"correct_answer\": [3]\n    }\n]","time_limit":"3","time_limit_minutes":"1","max_attempts":"3","passing_score":"30.00","shuffle_questions":"0","shuffle_answers":"0","show_results":"1","show_results_immediately":"1","active":"1","created_at":"2025-09-21 12:16:53","updated_at":"2025-09-21 15:41:55","course_title":"\u0648\u0635\u0641 \u0645\u062e\u062a\u0635\u0631  \u0643\u0648\u0631\u0633 \u062c\u0627\u0641\u0627 \u0633\u0643\u0631\u064a\u0628\u062a","user_attempt_count":1,"user_best_score":"50.00","remaining_attempts":2,"has_exceeded_attempts":false,"user_latest_attempt":{"id":"14","quiz_id":"1","user_id":"1","score":"50.00","time_taken_seconds":"17","is_passed":"1","user_answers":"[[\"2\"],[\"3\"]]","quiz_questions":"[\n    {\n        \"question_text\": \"What is the correct data type for numbers in JavaScript?\",\n        \"question_type\": \"multiple_choice\",\n        \"points\": \"1\",\n        \"options\": [\"string\", \"number\", \"integer\", \"float\"],\n        \"correct_answer\": [1]\n    },\n    {\n        \"question_text\": \"Which of these values is considered true in JavaScript?\",\n        \"question_type\": \"multiple_choice\", \n        \"points\": \"1\",\n        \"options\": [\"0\", \"false\", \"null\", \"1\"],\n        \"correct_answer\": [3]\n    }\n]","attempt_date":"2025-09-21 16:33:28","created_at":"2025-09-21 16:33:28","updated_at":"2025-09-21 16:33:46"}}
2025-09-21 17:25:53 COURSES_CONTROLLER DEBUG - currentItem: {"id":"2","unit_id":"1","unit_name":"\u0627\u0633\u0645 \u0627\u0644\u0648\u062d\u062f\u0629 *","item_type":"quiz","title":"tert","description":"\u0644\u0627 \u064a\u0648\u062c\u062f \u0648\u0635\u0641","item_id":"","duration":0,"thumbnail":"","metadata":{"quiz_id":"1"},"quiz_details":null,"page_details":null,"is_preview":false}
2025-09-21 17:25:53 COURSES_CONTROLLER DEBUG - requestedItemId: 2
2025-09-21 17:25:53 COURSES_CONTROLLER DEBUG - flatItems count: 7
2025-09-21 17:25:53 COURSE_VIEW DEBUG - current_item: {"id":"2","unit_id":"1","unit_name":"\u0627\u0633\u0645 \u0627\u0644\u0648\u062d\u062f\u0629 *","item_type":"quiz","title":"tert","description":"\u0644\u0627 \u064a\u0648\u062c\u062f \u0648\u0635\u0641","item_id":"","duration":0,"thumbnail":"","metadata":{"quiz_id":"1"},"quiz_details":null,"page_details":null,"is_preview":false}
2025-09-21 17:25:53 COURSE_VIEW DEBUG - current_id: 2
2025-09-21 17:25:53 COURSE_VIEW DEBUG - course_id: 1
2025-09-21 17:26:13 SWITCH CASE DEBUG - ENTERING IF BLOCK
2025-09-21 17:26:13 SWITCH CASE DEBUG - item_type: quiz
2025-09-21 17:26:13 SWITCH CASE DEBUG - metadata: {"quiz_id":"1"}
2025-09-21 17:26:13 SWITCH CASE DEBUG - ABOUT TO ENTER SWITCH
2025-09-21 17:26:13 SWITCH CASE DEBUG - ENTERED QUIZ CASE
2025-09-21 17:26:13 QUIZ LOADING DEBUG - quizId: 1
2025-09-21 17:26:13 QUIZ LOADING DEBUG - quizData result: {"id":"1","course_id":"1","quiz_title":"\u0627\u062e\u062a\u0628\u0627\u0631 JavaScript \u0644\u0644\u0645\u0628\u062a\u062f\u0626\u064a\u0646","quiz_desc":"\u0627\u062e\u062a\u0628\u0627\u0631 \u0633\u0647\u0644 \u062c\u062f\u0627\u064b \u0644\u062a\u0642\u064a\u064a\u0645 \u0627\u0644\u0645\u0639\u0631\u0641\u0629 \u0627\u0644\u0623\u0633\u0627\u0633\u064a\u0629 \u0641\u064a JavaScript","quiz_questions":"[\n    {\n        \"question_text\": \"What is the correct data type for numbers in JavaScript?\",\n        \"question_type\": \"multiple_choice\",\n        \"points\": \"1\",\n        \"options\": [\"string\", \"number\", \"integer\", \"float\"],\n        \"correct_answer\": [1]\n    },\n    {\n        \"question_text\": \"Which of these values is considered true in JavaScript?\",\n        \"question_type\": \"multiple_choice\", \n        \"points\": \"1\",\n        \"options\": [\"0\", \"false\", \"null\", \"1\"],\n        \"correct_answer\": [3]\n    }\n]","time_limit":"3","time_limit_minutes":"1","max_attempts":"3","passing_score":"30.00","shuffle_questions":"0","shuffle_answers":"0","show_results":"1","show_results_immediately":"1","active":"1","created_at":"2025-09-21 12:16:53","updated_at":"2025-09-21 15:41:55","course_title":"\u0648\u0635\u0641 \u0645\u062e\u062a\u0635\u0631  \u0643\u0648\u0631\u0633 \u062c\u0627\u0641\u0627 \u0633\u0643\u0631\u064a\u0628\u062a"}
2025-09-21 17:26:13 ATTEMPT INFO DEBUG - User: 1, Attempts: 2/3
2025-09-21 17:26:13 COURSES_CONTROLLER DEBUG - quizData: {"id":"1","course_id":"1","quiz_title":"\u0627\u062e\u062a\u0628\u0627\u0631 JavaScript \u0644\u0644\u0645\u0628\u062a\u062f\u0626\u064a\u0646","quiz_desc":"\u0627\u062e\u062a\u0628\u0627\u0631 \u0633\u0647\u0644 \u062c\u062f\u0627\u064b \u0644\u062a\u0642\u064a\u064a\u0645 \u0627\u0644\u0645\u0639\u0631\u0641\u0629 \u0627\u0644\u0623\u0633\u0627\u0633\u064a\u0629 \u0641\u064a JavaScript","quiz_questions":"[\n    {\n        \"question_text\": \"What is the correct data type for numbers in JavaScript?\",\n        \"question_type\": \"multiple_choice\",\n        \"points\": \"1\",\n        \"options\": [\"string\", \"number\", \"integer\", \"float\"],\n        \"correct_answer\": [1]\n    },\n    {\n        \"question_text\": \"Which of these values is considered true in JavaScript?\",\n        \"question_type\": \"multiple_choice\", \n        \"points\": \"1\",\n        \"options\": [\"0\", \"false\", \"null\", \"1\"],\n        \"correct_answer\": [3]\n    }\n]","time_limit":"3","time_limit_minutes":"1","max_attempts":"3","passing_score":"30.00","shuffle_questions":"0","shuffle_answers":"0","show_results":"1","show_results_immediately":"1","active":"1","created_at":"2025-09-21 12:16:53","updated_at":"2025-09-21 15:41:55","course_title":"\u0648\u0635\u0641 \u0645\u062e\u062a\u0635\u0631  \u0643\u0648\u0631\u0633 \u062c\u0627\u0641\u0627 \u0633\u0643\u0631\u064a\u0628\u062a","user_attempt_count":2,"user_best_score":"50.00","remaining_attempts":1,"has_exceeded_attempts":false,"user_latest_attempt":{"id":"15","quiz_id":"1","user_id":"1","score":"50.00","time_taken_seconds":"11","is_passed":"1","user_answers":"[[\"2\"],[\"3\"]]","quiz_questions":"[\n    {\n        \"question_text\": \"What is the correct data type for numbers in JavaScript?\",\n        \"question_type\": \"multiple_choice\",\n        \"points\": \"1\",\n        \"options\": [\"string\", \"number\", \"integer\", \"float\"],\n        \"correct_answer\": [1]\n    },\n    {\n        \"question_text\": \"Which of these values is considered true in JavaScript?\",\n        \"question_type\": \"multiple_choice\", \n        \"points\": \"1\",\n        \"options\": [\"0\", \"false\", \"null\", \"1\"],\n        \"correct_answer\": [3]\n    }\n]","attempt_date":"2025-09-21 17:25:58","created_at":"2025-09-21 17:25:58","updated_at":"2025-09-21 17:26:10"}}
2025-09-21 17:26:13 COURSES_CONTROLLER DEBUG - currentItem: {"id":"2","unit_id":"1","unit_name":"\u0627\u0633\u0645 \u0627\u0644\u0648\u062d\u062f\u0629 *","item_type":"quiz","title":"tert","description":"\u0644\u0627 \u064a\u0648\u062c\u062f \u0648\u0635\u0641","item_id":"","duration":0,"thumbnail":"","metadata":{"quiz_id":"1"},"quiz_details":null,"page_details":null,"is_preview":false}
2025-09-21 17:26:13 COURSES_CONTROLLER DEBUG - requestedItemId: 2
2025-09-21 17:26:13 COURSES_CONTROLLER DEBUG - flatItems count: 7
2025-09-21 17:26:13 COURSE_VIEW DEBUG - current_item: {"id":"2","unit_id":"1","unit_name":"\u0627\u0633\u0645 \u0627\u0644\u0648\u062d\u062f\u0629 *","item_type":"quiz","title":"tert","description":"\u0644\u0627 \u064a\u0648\u062c\u062f \u0648\u0635\u0641","item_id":"","duration":0,"thumbnail":"","metadata":{"quiz_id":"1"},"quiz_details":null,"page_details":null,"is_preview":false}
2025-09-21 17:26:13 COURSE_VIEW DEBUG - current_id: 2
2025-09-21 17:26:13 COURSE_VIEW DEBUG - course_id: 1
2025-09-21 17:26:31 SWITCH CASE DEBUG - ENTERING IF BLOCK
2025-09-21 17:26:31 SWITCH CASE DEBUG - item_type: quiz
2025-09-21 17:26:31 SWITCH CASE DEBUG - metadata: {"quiz_id":"1"}
2025-09-21 17:26:31 SWITCH CASE DEBUG - ABOUT TO ENTER SWITCH
2025-09-21 17:26:31 SWITCH CASE DEBUG - ENTERED QUIZ CASE
2025-09-21 17:26:31 QUIZ LOADING DEBUG - quizId: 1
2025-09-21 17:26:31 QUIZ LOADING DEBUG - quizData result: {"id":"1","course_id":"1","quiz_title":"\u0627\u062e\u062a\u0628\u0627\u0631 JavaScript \u0644\u0644\u0645\u0628\u062a\u062f\u0626\u064a\u0646","quiz_desc":"\u0627\u062e\u062a\u0628\u0627\u0631 \u0633\u0647\u0644 \u062c\u062f\u0627\u064b \u0644\u062a\u0642\u064a\u064a\u0645 \u0627\u0644\u0645\u0639\u0631\u0641\u0629 \u0627\u0644\u0623\u0633\u0627\u0633\u064a\u0629 \u0641\u064a JavaScript","quiz_questions":"[\n    {\n        \"question_text\": \"What is the correct data type for numbers in JavaScript?\",\n        \"question_type\": \"multiple_choice\",\n        \"points\": \"1\",\n        \"options\": [\"string\", \"number\", \"integer\", \"float\"],\n        \"correct_answer\": [1]\n    },\n    {\n        \"question_text\": \"Which of these values is considered true in JavaScript?\",\n        \"question_type\": \"multiple_choice\", \n        \"points\": \"1\",\n        \"options\": [\"0\", \"false\", \"null\", \"1\"],\n        \"correct_answer\": [3]\n    }\n]","time_limit":"3","time_limit_minutes":"1","max_attempts":"3","passing_score":"30.00","shuffle_questions":"0","shuffle_answers":"0","show_results":"1","show_results_immediately":"1","active":"1","created_at":"2025-09-21 12:16:53","updated_at":"2025-09-21 15:41:55","course_title":"\u0648\u0635\u0641 \u0645\u062e\u062a\u0635\u0631  \u0643\u0648\u0631\u0633 \u062c\u0627\u0641\u0627 \u0633\u0643\u0631\u064a\u0628\u062a"}
2025-09-21 17:26:31 ATTEMPT INFO DEBUG - User: 1, Attempts: 3/3
2025-09-21 17:26:31 COURSES_CONTROLLER DEBUG - quizData: {"id":"1","course_id":"1","quiz_title":"\u0627\u062e\u062a\u0628\u0627\u0631 JavaScript \u0644\u0644\u0645\u0628\u062a\u062f\u0626\u064a\u0646","quiz_desc":"\u0627\u062e\u062a\u0628\u0627\u0631 \u0633\u0647\u0644 \u062c\u062f\u0627\u064b \u0644\u062a\u0642\u064a\u064a\u0645 \u0627\u0644\u0645\u0639\u0631\u0641\u0629 \u0627\u0644\u0623\u0633\u0627\u0633\u064a\u0629 \u0641\u064a JavaScript","quiz_questions":"[\n    {\n        \"question_text\": \"What is the correct data type for numbers in JavaScript?\",\n        \"question_type\": \"multiple_choice\",\n        \"points\": \"1\",\n        \"options\": [\"string\", \"number\", \"integer\", \"float\"],\n        \"correct_answer\": [1]\n    },\n    {\n        \"question_text\": \"Which of these values is considered true in JavaScript?\",\n        \"question_type\": \"multiple_choice\", \n        \"points\": \"1\",\n        \"options\": [\"0\", \"false\", \"null\", \"1\"],\n        \"correct_answer\": [3]\n    }\n]","time_limit":"3","time_limit_minutes":"1","max_attempts":"3","passing_score":"30.00","shuffle_questions":"0","shuffle_answers":"0","show_results":"1","show_results_immediately":"1","active":"1","created_at":"2025-09-21 12:16:53","updated_at":"2025-09-21 15:41:55","course_title":"\u0648\u0635\u0641 \u0645\u062e\u062a\u0635\u0631  \u0643\u0648\u0631\u0633 \u062c\u0627\u0641\u0627 \u0633\u0643\u0631\u064a\u0628\u062a","user_attempt_count":3,"user_best_score":"50.00","remaining_attempts":0,"has_exceeded_attempts":true,"user_latest_attempt":{"id":"16","quiz_id":"1","user_id":"1","score":"0.00","time_taken_seconds":"7","is_passed":"0","user_answers":"[[\"0\"],[\"1\"]]","quiz_questions":"[\n    {\n        \"question_text\": \"What is the correct data type for numbers in JavaScript?\",\n        \"question_type\": \"multiple_choice\",\n        \"points\": \"1\",\n        \"options\": [\"string\", \"number\", \"integer\", \"float\"],\n        \"correct_answer\": [1]\n    },\n    {\n        \"question_text\": \"Which of these values is considered true in JavaScript?\",\n        \"question_type\": \"multiple_choice\", \n        \"points\": \"1\",\n        \"options\": [\"0\", \"false\", \"null\", \"1\"],\n        \"correct_answer\": [3]\n    }\n]","attempt_date":"2025-09-21 17:26:20","created_at":"2025-09-21 17:26:20","updated_at":"2025-09-21 17:26:28"}}
2025-09-21 17:26:31 COURSES_CONTROLLER DEBUG - currentItem: {"id":"2","unit_id":"1","unit_name":"\u0627\u0633\u0645 \u0627\u0644\u0648\u062d\u062f\u0629 *","item_type":"quiz","title":"tert","description":"\u0644\u0627 \u064a\u0648\u062c\u062f \u0648\u0635\u0641","item_id":"","duration":0,"thumbnail":"","metadata":{"quiz_id":"1"},"quiz_details":null,"page_details":null,"is_preview":false}
2025-09-21 17:26:31 COURSES_CONTROLLER DEBUG - requestedItemId: 2
2025-09-21 17:26:31 COURSES_CONTROLLER DEBUG - flatItems count: 7
2025-09-21 17:26:31 COURSE_VIEW DEBUG - current_item: {"id":"2","unit_id":"1","unit_name":"\u0627\u0633\u0645 \u0627\u0644\u0648\u062d\u062f\u0629 *","item_type":"quiz","title":"tert","description":"\u0644\u0627 \u064a\u0648\u062c\u062f \u0648\u0635\u0641","item_id":"","duration":0,"thumbnail":"","metadata":{"quiz_id":"1"},"quiz_details":null,"page_details":null,"is_preview":false}
2025-09-21 17:26:31 COURSE_VIEW DEBUG - current_id: 2
2025-09-21 17:26:31 COURSE_VIEW DEBUG - course_id: 1
2025-09-21 17:26:37 PROGRESS_CONTROLLER DEBUG - AJAX request received
2025-09-21 17:26:37 PROGRESS_CONTROLLER DEBUG - Raw input: {"unit_id":1,"course_id":1,"item_id":2}
2025-09-21 17:26:37 PROGRESS_CONTROLLER DEBUG - User ID: 1
2025-09-21 17:26:37 PROGRESS_CONTROLLER DEBUG - Parsed input: {"unit_id":1,"course_id":1,"item_id":2}
2025-09-21 17:26:37 PROGRESS_CONTROLLER DEBUG - Unit ID: 1
2025-09-21 17:26:37 PROGRESS_CONTROLLER DEBUG - Course ID: 1
2025-09-21 17:26:37 PROGRESS_CONTROLLER DEBUG - Item ID: 2
2025-09-21 17:26:37 PROGRESS_CONTROLLER DEBUG - isUserEnrolled result: true
2025-09-21 17:26:37 PROGRESS_CONTROLLER DEBUG - Looking for enrollment with userId=1, unitId=1
2025-09-21 17:26:37 PROGRESS_CONTROLLER DEBUG - Enrollment found: {"id":"1","user_id":"1","unit_ids":"[\"1\"]","total_amount":"35000.00","payment_proof":"{\"files\": [{\"size\": \"35.419\", \"type\": \"image\/jpeg\", \"order\": 1, \"thumbs\": [], \"is_image\": 1, \"raw_name\": \"544754131_122114699606966699_7815220782632544805_n.jpg\", \"dimension\": \"526*526\", \"extension\": \"jpg\", \"full_path\": \"uploads\/enrollments\/20_09_2025\/1758385873_24ac5a9f3f48ae78426c.jpg\", \"thumbnails\": [], \"encoded_name\": \"1758385873_24ac5a9f3f48ae78426c.jpg\", \"original_name\": \"544754131_122114699606966699_7815220782632544805_n.jpg\"}], \"fileCount\": 1}","payment_method":"instapay","status":"approved","admin_notes":null,"processed_by":null,"processed_at":null,"created_at":"2025-09-20 19:31:13","updated_at":"2025-09-20 20:17:50"}
2025-09-21 17:26:37 MARK_ITEM_COMPLETED DEBUG - Starting with userId=1, unitId=1, itemId=2, enrollmentId=1
2025-09-21 17:26:37 MARK_ITEM_COMPLETED DEBUG - Data to insert/update: {"user_id":1,"unit_id":1,"item_id":2,"enrollment_id":1,"progress_percentage":100,"is_completed":1,"completed_at":"2025-09-21 17:26:37","last_accessed_at":"2025-09-21 17:26:37"}
2025-09-21 17:26:37 MARK_ITEM_COMPLETED DEBUG - Existing record: {"id":"3","user_id":"1","unit_id":"1","item_id":"2","enrollment_id":"1","progress_percentage":"100.00","watch_time":"0","last_position":"0","is_completed":"0","completed_at":null,"first_accessed_at":"2025-09-21 09:20:59","last_accessed_at":"2025-09-21 09:20:59","created_at":"2025-09-21 09:20:59","updated_at":"2025-09-21 09:20:59"}
2025-09-21 17:26:37 MARK_ITEM_COMPLETED DEBUG - Update result: true
2025-09-21 17:26:38 SWITCH CASE DEBUG - ENTERING IF BLOCK
2025-09-21 17:26:38 SWITCH CASE DEBUG - item_type: page
2025-09-21 17:26:38 SWITCH CASE DEBUG - metadata: {"page_id":"2"}
2025-09-21 17:26:38 SWITCH CASE DEBUG - ABOUT TO ENTER SWITCH
2025-09-21 17:26:38 COURSES_CONTROLLER DEBUG - quizData: null
2025-09-21 17:26:38 COURSES_CONTROLLER DEBUG - currentItem: {"id":"3","unit_id":"1","unit_name":"\u0627\u0633\u0645 \u0627\u0644\u0648\u062d\u062f\u0629 *","item_type":"page","title":"\u0627\u0644\u0634\u0631\u0648\u0637 \u0648\u0627\u0644\u0623\u062d\u0643\u0627\u0645","description":"\u0644\u0627 \u064a\u0648\u062c\u062f \u0648\u0635\u0641","item_id":"","duration":0,"thumbnail":"","metadata":{"page_id":"2"},"quiz_details":null,"page_details":null,"is_preview":false}
2025-09-21 17:26:38 COURSES_CONTROLLER DEBUG - requestedItemId: 3
2025-09-21 17:26:38 COURSES_CONTROLLER DEBUG - flatItems count: 7
2025-09-21 17:26:38 COURSE_VIEW DEBUG - current_item: {"id":"3","unit_id":"1","unit_name":"\u0627\u0633\u0645 \u0627\u0644\u0648\u062d\u062f\u0629 *","item_type":"page","title":"\u0627\u0644\u0634\u0631\u0648\u0637 \u0648\u0627\u0644\u0623\u062d\u0643\u0627\u0645","description":"\u0644\u0627 \u064a\u0648\u062c\u062f \u0648\u0635\u0641","item_id":"","duration":0,"thumbnail":"","metadata":{"page_id":"2"},"quiz_details":null,"page_details":null,"is_preview":false}
2025-09-21 17:26:38 COURSE_VIEW DEBUG - current_id: 3
2025-09-21 17:26:38 COURSE_VIEW DEBUG - course_id: 1
